n_invalid_so_far,n_valid_so_far,n_reissues_so_far,max_time_offset_so_far,any_cross_session_so_far,any_valid_after_reissue_so_far,any_valid_near_or_after_ttl_so_far,mean_invalid_attempt_gap_s,channel_is_sms,fraction_observed,scenario_type,label
0,1,0,77.98082319246751,0,0,0,0.0,1,0.7881576203415547,benign_sms_normal,0
0,1,0,58.659229340021575,0,0,0,0.0,0,0.8327977913932469,benign_single_use,0
0,1,0,29.771226584256194,1,0,0,0.0,1,0.5595586169628068,cross_session,1
0,1,0,40.41258160443655,0,0,0,0.0,1,0.8759331292895809,benign_single_use,0
0,1,0,366.9955896548843,0,0,1,0.0,0,0.3446720792729227,late_verify,1
0,1,0,58.69147392537551,0,0,0,0.0,1,0.8306614180597616,benign_sms_normal,0
0,1,0,54.12166167272087,0,0,0,0.0,0,0.4362470954963773,replay_attempt,1
0,2,0,15.2722078168644,0,0,0,0.0,0,0.7781342672697182,replay_attempt,1
0,1,0,22.920394697598358,1,0,0,0.0,0,0.5593217942244082,cross_session,1
6,0,0,19.86089945112484,0,0,0,3.6422583848894967,0,0.5712348653211221,brute_force,1
0,1,0,63.012117837872914,0,0,0,0.0,0,0.39782673852651684,benign_sms_normal,0
3,0,0,13.784703063602528,0,0,0,4.425040588045918,1,0.39785789868936017,brute_force,1
0,1,0,30.910291337872287,0,0,0,0.0,0,0.6956652745368321,benign_single_use,0
4,0,0,11.237772470169805,0,0,0,2.489958488959942,1,0.3408119191823462,brute_force,1
0,1,1,61.53881453132752,0,1,0,0.0,0,0.6899225066388948,stale_after_reissue,1
0,1,0,27.35127737920388,1,0,0,0.0,1,0.8698142692662243,cross_session,1
0,2,0,11.670982731836713,0,0,0,0.0,0,0.8056515454175153,replay_attempt,1
0,1,0,360.62432823730023,0,0,1,0.0,1,0.40661847189921785,late_verify,1
1,1,0,14.190399782932309,0,0,0,0.0,1,0.7411978151832219,benign_retry_then_success,0
2,1,0,32.86181108853164,0,0,0,14.542771974594174,0,0.7897949936675246,benign_retry_then_success,0
2,0,0,23.947693117497483,0,0,0,11.602682269907948,0,0.4905690932916113,benign_retry_then_success,0
5,0,0,13.600443153303107,0,0,0,2.580390426033763,0,0.6024651278425726,brute_force,1
0,1,0,37.125388290200455,0,0,0,0.0,1,0.35911102479792234,replay_attempt,1
0,1,0,359.78490749009774,0,0,1,0.0,1,0.5309028486329497,late_verify,1
2,1,0,29.200291909096745,0,0,0,5.047115622442632,0,0.7067427977902765,benign_retry_then_success,0
2,1,0,26.563998254568517,0,0,0,14.502710558897345,0,0.8479146590752002,benign_retry_then_success,0
5,0,0,18.70363282927213,0,0,0,3.8125244643748815,0,0.6072380222135326,brute_force,1
0,1,0,50.44605583068968,0,0,0,0.0,0,0.9273125402878366,benign_single_use,0
3,0,0,8.310248090071317,0,0,0,3.3836846921970496,0,0.32618878932332585,brute_force,1
1,1,0,25.65649458236058,0,0,0,0.0,1,0.5219972249759007,benign_retry_then_success,0
0,1,0,48.779855984695736,0,0,0,0.0,1,0.4791755633973219,benign_sms_normal,0
0,1,0,18.991664494471543,0,0,0,0.0,1,0.3314374335746303,benign_sms_normal,0
2,1,0,39.37293331908466,0,0,0,11.98329623348339,1,0.9254126477885043,benign_retry_then_success,0
1,1,0,23.204084343344988,0,0,0,0.0,0,0.561560410211597,benign_retry_then_success,0
6,0,0,18.736995813116074,0,0,0,3.2849386467003496,1,0.5172265710300663,brute_force,1
0,1,0,32.540765241128824,1,0,0,0.0,0,0.4007282517858755,cross_session,1
0,1,1,27.276770281555258,0,1,0,0.0,0,0.7743610715290001,stale_after_reissue,1
6,0,0,24.668351781187262,0,0,0,4.039407920594566,0,0.5783047356774584,brute_force,1
0,2,0,79.7712154697819,0,0,0,0.0,0,0.5005123588174385,replay_attempt,1
0,1,0,7.113056767831787,0,0,0,0.0,1,0.6886386296287772,benign_sms_normal,0
1,1,0,12.713446996562599,0,0,0,0.0,1,0.9763623385002271,benign_retry_then_success,0
1,0,0,12.652330987355649,0,0,0,0.0,0,0.3124857487838914,benign_retry_then_success,0
10,0,0,37.50829038669872,0,0,0,3.6138005494525456,0,0.9072434422266273,brute_force,1
1,1,0,17.79211971889233,0,0,0,0.0,1,0.8715981343967372,benign_retry_then_success,0
3,0,0,10.826355492027457,0,0,0,3.4270935866225987,1,0.4158722059146947,brute_force,1
0,1,0,11.351953501594522,0,0,0,0.0,1,0.314803611435508,benign_single_use,0
0,1,0,19.844525029547476,0,0,0,0.0,0,0.33736735283902275,benign_sms_normal,0
2,1,0,23.59377348967569,0,0,0,6.815893163424592,1,0.9125034595642258,benign_retry_then_success,0
0,0,1,14.982412527808824,0,0,0,0.0,1,0.47457130308254825,stale_after_reissue,1
2,0,0,11.074419100645986,0,0,0,7.483369661514859,1,0.3711703320326012,benign_retry_then_success,0
0,1,0,7.857902655580734,0,0,0,0.0,1,0.9473893083126435,benign_single_use,0
7,0,0,32.09879542272978,0,0,0,4.430921617181949,1,0.5695626472702474,brute_force,1
0,1,0,12.687262602467626,1,0,0,0.0,0,0.6345140918166221,cross_session,1
0,1,0,17.791346729088055,0,0,0,0.0,0,0.5572582670805896,benign_single_use,0
0,2,0,53.928771512307016,0,0,0,0.0,1,0.5078135321998997,replay_attempt,1
0,1,0,82.88958166074512,0,0,0,0.0,1,0.6366372998100549,benign_sms_normal,0
0,2,0,78.46914582383323,0,0,0,0.0,0,0.8630742795629542,replay_attempt,1
0,1,0,376.31719788284687,0,0,1,0.0,1,0.5017089299277232,late_verify,1
0,1,0,64.05784094957235,0,0,0,0.0,0,0.9025033478281257,benign_sms_normal,0
0,1,0,57.22227794606318,0,0,0,0.0,0,0.3665670237609542,benign_sms_normal,0
0,1,0,56.47669024853443,1,0,0,0.0,1,0.39618555102646147,cross_session,1
0,1,0,73.07515496723322,0,0,0,0.0,1,0.7155774031264479,benign_sms_normal,0
0,1,0,85.41230033947308,0,0,0,0.0,1,0.477368347687431,benign_sms_normal,0
0,1,0,10.227705866042067,1,0,0,0.0,1,0.7313159900168849,cross_session,1
0,1,0,36.483678271861734,0,0,0,0.0,0,0.6261896070868591,benign_single_use,0
0,1,0,47.015786450362334,1,0,0,0.0,1,0.8594713015584465,cross_session,1
0,1,0,411.8171120471221,0,0,1,0.0,0,0.38381351195078595,late_verify,1
0,1,0,9.823995655092261,1,0,0,0.0,0,0.7605042995283695,cross_session,1
0,1,0,380.8765381837225,0,0,1,0.0,1,0.5335464308297667,late_verify,1
0,1,0,46.939268088885875,1,0,0,0.0,1,0.489374458637123,cross_session,1
0,2,0,21.284408830978265,0,0,0,0.0,1,0.9552892243630209,replay_attempt,1
2,1,0,35.62582512922488,0,0,0,9.6359167830348,0,0.8462110457365746,benign_retry_then_success,0
1,1,0,26.452701371135586,0,0,0,0.0,0,0.9658362620026888,benign_retry_then_success,0
1,1,0,15.107946747915843,0,0,0,0.0,0,0.7117805999784544,benign_retry_then_success,0
9,0,0,31.94095220317137,0,0,0,3.5836702992453295,1,0.997924260486301,brute_force,1
0,1,0,20.614964082522143,0,0,0,0.0,1,0.8858276057626566,benign_single_use,0
0,1,0,41.61266048585953,0,0,0,0.0,1,0.7550875108911579,benign_single_use,0
0,1,0,54.33683693931439,1,0,0,0.0,0,0.32029965224312856,cross_session,1
0,1,0,47.72223673807202,0,0,0,0.0,0,0.4387429590490285,benign_single_use,0
0,1,0,41.09479716301196,0,0,0,0.0,1,0.32531389734628735,benign_single_use,0
0,1,0,38.325884770625024,0,0,0,0.0,0,0.8610372676015907,benign_single_use,0
0,1,0,77.1997516484612,0,0,0,0.0,0,0.34006235810728225,benign_sms_normal,0
0,1,1,89.9569674215019,0,1,0,0.0,1,0.8865861530587682,stale_after_reissue,1
0,1,0,325.0120711755676,0,0,1,0.0,0,0.3874465755139501,late_verify,1
0,1,0,375.97140950459146,0,0,1,0.0,1,0.8957917698333544,late_verify,1
0,1,0,388.41990994028424,0,0,1,0.0,0,0.43512904360823285,late_verify,1
0,1,0,58.9112631694275,0,0,0,0.0,0,0.7280805241839488,benign_single_use,0
0,1,0,374.3407674213764,0,0,1,0.0,0,0.32964538610611693,late_verify,1
0,1,0,19.715866945912772,0,0,0,0.0,0,0.3642047040769386,benign_sms_normal,0
0,1,0,58.90149487548059,1,0,0,0.0,0,0.6209924497209429,cross_session,1
0,1,0,36.482723247725055,1,0,0,0.0,0,0.40159117826553475,cross_session,1
0,2,0,45.53849898899609,0,0,0,0.0,1,0.7898431612123462,replay_attempt,1
2,0,0,13.881500740404,0,0,0,9.100232861363304,0,0.6319181106378327,benign_retry_then_success,0
0,1,0,20.294155017969153,0,0,0,0.0,1,0.5132932226325819,benign_single_use,0
2,0,0,18.557280168046,0,0,0,7.941730759026843,0,0.45233996868787335,benign_retry_then_success,0
0,1,1,26.52872051053518,0,1,0,0.0,1,0.5928800309098022,stale_after_reissue,1
1,1,0,19.65875800264844,0,0,0,0.0,0,0.79140152677726,benign_retry_then_success,0
0,1,0,22.391778350322372,1,0,0,0.0,1,0.8512025553901676,cross_session,1
0,2,0,54.516475010654126,0,0,0,0.0,1,0.552460134115178,replay_attempt,1
0,1,0,406.4819435201212,0,0,1,0.0,1,0.9447400381066342,late_verify,1
0,1,1,82.00761513503382,0,1,0,0.0,1,0.5201154842209409,stale_after_reissue,1
0,1,1,17.551550368670497,0,1,0,0.0,0,0.8893952477276241,stale_after_reissue,1
0,1,0,28.851972071360752,0,0,0,0.0,0,0.533891028351082,benign_sms_normal,0
0,1,0,45.84809116987971,0,0,0,0.0,1,0.3102779904920495,benign_single_use,0
2,0,0,12.310493667026197,0,0,0,4.843354788727619,1,0.383770789105426,benign_retry_then_success,0
0,1,0,415.0530725272157,0,0,1,0.0,0,0.9968251308085458,late_verify,1
0,1,0,63.45152917911786,0,0,0,0.0,0,0.7937844558388089,benign_sms_normal,0
0,1,0,59.47553393982355,0,0,0,0.0,0,0.30750935148297337,benign_sms_normal,0
0,2,0,22.31078271351455,0,0,0,0.0,1,0.8854130033851666,replay_attempt,1
0,1,1,86.24436293270404,0,1,0,0.0,1,0.9932251650283908,stale_after_reissue,1
3,0,0,9.139760861414247,0,0,0,3.0884486411023238,1,0.33125436228199523,brute_force,1
0,2,0,56.2457814066495,0,0,0,0.0,0,0.6453029830954666,replay_attempt,1
0,1,0,18.401709973064243,0,0,0,0.0,0,0.8905118693337788,benign_single_use,0
0,1,0,41.86117904432452,1,0,0,0.0,1,0.8340321133276702,cross_session,1
0,1,0,25.16346117129368,1,0,0,0.0,0,0.677669204683175,cross_session,1
0,2,0,62.74933637175757,0,0,0,0.0,1,0.8964108618168183,replay_attempt,1
0,2,0,79.33608315332951,0,0,0,0.0,1,0.8951920091836052,replay_attempt,1
1,1,0,13.636689082807779,0,0,0,0.0,1,0.5789867546910784,benign_retry_then_success,0
0,0,1,14.762862034033212,0,0,0,0.0,1,0.43412210676388985,stale_after_reissue,1
0,2,0,75.04220369148258,0,0,0,0.0,0,0.5152745506945503,replay_attempt,1
1,1,0,17.772666867596477,0,0,0,0.0,1,0.743638841148484,benign_retry_then_success,0
0,1,1,77.42591171419775,0,1,0,0.0,1,0.932329510374837,stale_after_reissue,1
0,1,0,415.62213560237615,0,0,1,0.0,1,0.847403619516724,late_verify,1
0,1,0,67.25514775447195,0,0,0,0.0,0,0.608062089669158,benign_sms_normal,0
2,1,0,35.91145732350119,0,0,0,14.814936977179494,1,0.8136274482065413,benign_retry_then_success,0
0,0,1,24.057107372217683,0,0,0,0.0,1,0.32866287220000384,stale_after_reissue,1
0,1,0,59.20470932222094,1,0,0,0.0,1,0.6254814193355571,cross_session,1
0,1,0,27.636680120673294,0,0,0,0.0,1,0.8555775053919807,benign_single_use,0
8,0,0,26.961520027134235,0,0,0,3.135888727457945,0,0.8416044779261385,brute_force,1
0,1,0,73.07408532906372,0,0,0,0.0,1,0.33427459687629546,benign_sms_normal,0
0,0,1,39.204377535638514,0,0,0,0.0,0,0.3031500874577614,stale_after_reissue,1
0,1,0,304.52326740630497,0,0,1,0.0,0,0.5809488902873715,late_verify,1
0,1,0,41.93870448707223,1,0,0,0.0,1,0.4663608543524181,cross_session,1
0,1,0,77.53429704724505,0,0,0,0.0,1,0.5092605557832338,benign_sms_normal,0
0,1,0,38.7399057585659,0,0,0,0.0,1,0.4923775355285469,benign_sms_normal,0
0,1,1,31.49639995361527,0,1,0,0.0,1,0.8023474033490972,stale_after_reissue,1
2,1,0,19.09350343406488,0,0,0,7.895303413575386,1,0.7024103507361235,benign_retry_then_success,0
6,0,0,20.497713331316326,0,0,0,3.3043298258498934,1,0.5403047236652354,brute_force,1
0,1,0,415.1459034685045,0,0,1,0.0,0,0.8263741851024409,late_verify,1
0,1,0,407.74261905398646,0,0,1,0.0,1,0.46456798181646164,late_verify,1
2,1,0,31.351257586401783,0,0,0,11.90781539301572,0,0.7574074463066466,benign_retry_then_success,0
10,0,0,38.410642274152124,0,0,0,3.9775756153676443,0,0.8702469101825179,brute_force,1
0,1,0,71.94513607949384,0,0,0,0.0,1,0.4296255414674973,benign_sms_normal,0
1,1,0,25.29925865702171,0,0,0,0.0,0,0.6589124450100778,benign_retry_then_success,0
0,1,0,415.2131681571772,0,0,1,0.0,0,0.3721018788911111,late_verify,1
0,1,0,18.533663632771614,0,0,0,0.0,0,0.3458713037428677,benign_single_use,0
0,1,0,338.19582393440146,0,0,1,0.0,0,0.33567233780242023,late_verify,1
0,1,1,31.65839093738514,0,1,0,0.0,0,0.7887328079269393,stale_after_reissue,1
0,1,0,26.67691774479536,0,0,0,0.0,1,0.5916267431484035,benign_single_use,0
0,1,0,11.163870404928364,0,0,0,0.0,0,0.9039351946186145,benign_single_use,0
0,1,0,31.922610357896446,0,0,0,0.0,0,0.5331659127074464,benign_single_use,0
0,1,0,393.88915536566356,0,0,1,0.0,0,0.8888425943504694,late_verify,1
0,2,0,38.57136613749878,0,0,0,0.0,0,0.778280850361169,replay_attempt,1
2,1,0,26.276682152108098,0,0,0,3.582831478163497,0,0.7980906291177444,benign_retry_then_success,0
0,1,0,7.605571100301502,0,0,0,0.0,0,0.3967437601469715,benign_single_use,0
0,1,0,21.007367858964905,0,0,0,0.0,0,0.32189845903115116,benign_sms_normal,0
0,1,0,39.1082107645563,0,0,0,0.0,0,0.46914723611736003,benign_single_use,0
2,1,0,29.49055422412824,0,0,0,3.0568967149424875,0,0.7333833604988818,benign_retry_then_success,0
0,1,0,52.05203479848222,0,0,0,0.0,1,0.47798443862791007,benign_single_use,0
0,2,0,54.9252879310924,0,0,0,0.0,1,0.9892546735323504,replay_attempt,1
2,0,0,19.41135168083941,0,0,0,12.590562266897894,1,0.451448986657781,benign_retry_then_success,0
0,1,0,310.2948987765633,0,0,1,0.0,1,0.32088433906978825,late_verify,1
0,1,0,6.617902564486359,0,0,0,0.0,0,0.4158414303072425,benign_sms_normal,0
0,1,0,45.621921255156046,1,0,0,0.0,1,0.5220072197909851,cross_session,1
2,0,0,3.3487250160108033,0,0,0,1.7185933072776707,1,0.30280532331333765,brute_force,1
0,0,1,59.61965200617786,0,0,0,0.0,0,0.3888369828629592,stale_after_reissue,1
0,0,1,34.49102272112564,0,0,0,0.0,0,0.4912310340506134,stale_after_reissue,1
0,1,0,37.70121848899754,1,0,0,0.0,0,0.506328635241934,cross_session,1
2,1,0,19.141858299443324,0,0,0,10.148565296228728,1,0.9117219485326609,benign_retry_then_success,0
0,2,0,52.49907320718009,0,0,0,0.0,1,0.7743345345198558,replay_attempt,1
0,1,0,368.465597643007,0,0,1,0.0,1,0.8308955660293278,late_verify,1
0,1,1,36.02532077429457,0,1,0,0.0,0,0.8572199894172647,stale_after_reissue,1
1,1,0,17.804740617177515,0,0,0,0.0,1,0.5765050680283894,benign_retry_then_success,0
0,1,0,13.215578600248293,0,0,0,0.0,1,0.9730847406787226,benign_single_use,0
0,1,0,52.24405733067426,0,0,0,0.0,1,0.9388079208993518,benign_single_use,0
0,1,0,30.839048849615533,0,0,0,0.0,0,0.8134464331939808,benign_single_use,0
0,1,1,78.45562358686323,0,1,0,0.0,1,0.8117951836569568,stale_after_reissue,1
2,1,0,31.489931124046123,0,0,0,13.84767949053648,1,0.8586682050728331,benign_retry_then_success,0
0,1,0,325.3232866826901,0,0,1,0.0,0,0.8205202555753563,late_verify,1
0,1,0,25.74295741956244,0,0,0,0.0,0,0.8035187735835765,benign_single_use,0
0,1,1,47.21432818703515,0,1,0,0.0,1,0.7261187902287727,stale_after_reissue,1
0,1,0,372.6111959482573,0,0,1,0.0,0,0.9547669586965464,late_verify,1
1,0,0,7.526471794596047,0,0,0,0.0,0,0.3917760851183539,benign_retry_then_success,0
0,1,0,42.650914036652246,0,0,0,0.0,0,0.5376344279462318,benign_single_use,0
0,1,0,13.408582933909896,0,0,0,0.0,1,0.8274531941001806,benign_sms_normal,0
1,1,0,10.65425083819878,0,0,0,0.0,1,0.6654086109565587,benign_retry_then_success,0
0,1,0,19.269191191999383,0,0,0,0.0,0,0.3316211818925985,benign_single_use,0
2,0,0,19.77630908857538,0,0,0,8.946078679543422,0,0.47670540338471107,benign_retry_then_success,0
0,1,0,53.21909384955406,0,0,0,0.0,0,0.9311492974965068,benign_single_use,0
4,0,0,11.33540667837352,0,0,0,1.8568036715112042,1,0.4157179263571038,brute_force,1
4,0,0,16.336616541428377,0,0,0,3.6923169174847943,0,0.4447694692598222,brute_force,1
1,0,0,13.753464989083565,0,0,0,0.0,1,0.48517786780591776,benign_retry_then_success,0
0,1,0,14.87206397903481,0,0,0,0.0,1,0.5894975519169788,benign_single_use,0
1,1,0,24.738958208858286,0,0,0,0.0,0,0.9122025978989001,benign_retry_then_success,0
0,1,0,18.662352212610834,0,0,0,0.0,1,0.41287784399634686,replay_attempt,1
3,0,0,11.928140750636466,0,0,0,3.520673591999002,1,0.3922283830244472,brute_force,1
0,2,0,77.69090323579391,0,0,0,0.0,0,0.9672438674336321,replay_attempt,1
0,1,0,16.424448934334656,0,0,0,0.0,0,0.477229224288621,benign_single_use,0
0,1,1,66.71963973320497,0,1,0,0.0,0,0.5250730940376321,stale_after_reissue,1
0,1,0,27.024818488490308,1,0,0,0.0,0,0.6723202639422476,cross_session,1
2,0,0,24.71907001722454,0,0,0,11.899375592778183,0,0.40701398548843515,benign_retry_then_success,0
0,1,1,28.68247670841718,0,1,0,0.0,1,0.53968257376744,stale_after_reissue,1
0,1,0,68.82127970331307,0,0,0,0.0,1,0.8555447687036641,benign_sms_normal,0
0,1,1,83.21147935450652,0,1,0,0.0,0,0.7473095544849151,stale_after_reissue,1
9,0,0,25.743987253719755,0,0,0,2.9174381654873724,1,0.7619659107904951,brute_force,1
0,1,0,414.05727026030803,0,0,1,0.0,0,0.5398995499284691,late_verify,1
1,1,0,16.63513561497399,0,0,0,0.0,0,0.6147428818958763,benign_retry_then_success,0
0,2,0,85.91771726766758,0,0,0,0.0,1,0.6719896681180706,replay_attempt,1
0,1,0,57.11445798162958,1,0,0,0.0,0,0.5564348419895754,cross_session,1
0,1,0,39.266917350121965,0,0,0,0.0,1,0.6932732510440995,benign_sms_normal,0
0,1,0,82.10233778730823,0,0,0,0.0,1,0.5935106915494671,benign_sms_normal,0
5,0,0,13.666136984913077,0,0,0,2.6563384109395027,1,0.5285827898702459,brute_force,1
0,1,0,71.14287091624105,0,0,0,0.0,0,0.902441280977291,benign_sms_normal,0
0,1,0,12.114954190205093,0,0,0,0.0,1,0.3970581473633936,replay_attempt,1
0,1,0,42.110510104210285,0,0,0,0.0,0,0.4417656855469302,replay_attempt,1
0,1,0,414.39777374978235,0,0,1,0.0,1,0.7270423380210216,late_verify,1
0,1,0,39.401298630266496,1,0,0,0.0,0,0.5243438131746113,cross_session,1
0,1,1,46.045724417967776,0,1,0,0.0,1,0.5800430122943288,stale_after_reissue,1
0,1,0,56.8693327768259,0,0,0,0.0,1,0.6107600204771835,benign_sms_normal,0
0,1,0,32.38833227494975,0,0,0,0.0,1,0.6811838814289377,benign_sms_normal,0
0,1,0,39.77113750631743,1,0,0,0.0,0,0.5338778868711289,cross_session,1
0,2,0,89.85936713137305,0,0,0,0.0,0,0.9847431015351928,replay_attempt,1
10,0,0,31.733121524239657,0,0,0,2.9911301182696057,1,0.9023989435060631,brute_force,1
0,1,0,301.8933369032,0,0,1,0.0,0,0.5352909779705616,late_verify,1
0,1,0,16.757970959864185,0,0,0,0.0,0,0.8420351308281357,benign_sms_normal,0
0,1,0,26.453442458609107,1,0,0,0.0,0,0.9990266605083411,cross_session,1
0,1,0,28.254018290073642,0,0,0,0.0,1,0.733767968178903,benign_single_use,0
0,1,0,88.36979737030791,0,0,0,0.0,1,0.3487484456139762,benign_sms_normal,0
8,0,0,27.576726297790255,0,0,0,3.6033665052051362,1,0.7568807144084786,brute_force,1
0,1,0,48.89904922402948,0,0,0,0.0,0,0.3666393608726048,benign_sms_normal,0
0,1,0,58.71652430191241,1,0,0,0.0,1,0.5228284713403142,cross_session,1
1,1,0,14.68420302936449,0,0,0,0.0,0,0.5473363865479275,benign_retry_then_success,0
0,1,0,74.80461686081686,0,0,0,0.0,1,0.5916661986279161,benign_sms_normal,0
0,2,0,78.63794136771149,0,0,0,0.0,0,0.6438802124739562,replay_attempt,1
0,1,0,79.72084627101161,0,0,0,0.0,0,0.36726666308031686,benign_sms_normal,0
0,1,0,34.36120073006782,0,0,0,0.0,0,0.3472629361311905,benign_single_use,0
3,0,0,9.228894456332043,0,0,0,3.0236555789303634,0,0.40280461437498294,brute_force,1
0,1,0,50.810050132455885,0,0,0,0.0,0,0.8734399155057861,benign_sms_normal,0
4,0,0,15.258785171273516,0,0,0,3.523265796913884,0,0.4458655390045105,brute_force,1
2,1,0,14.251442719043965,0,0,0,5.1154963802655615,1,0.8761753359648299,benign_retry_then_success,0
0,1,0,59.471365154826536,0,0,0,0.0,0,0.39604788045342865,benign_single_use,0
0,1,0,26.610499718339067,1,0,0,0.0,0,0.9125589393378575,cross_session,1
0,1,0,79.1930114958052,0,0,0,0.0,1,0.43461047532459307,benign_sms_normal,0
0,2,0,50.81915195976258,0,0,0,0.0,0,0.6964944555667512,replay_attempt,1
0,1,0,50.57008086613322,1,0,0,0.0,1,0.7973729402198744,cross_session,1
0,1,0,38.08571488508086,0,0,0,0.0,1,0.6403344529355928,benign_single_use,0
1,1,0,25.014261640689487,0,0,0,0.0,0,0.6928561475230308,benign_retry_then_success,0
0,1,0,19.888321882230887,0,0,0,0.0,0,0.6653429295384774,benign_single_use,0
0,1,0,42.21588103803007,0,0,0,0.0,0,0.34625544764357635,benign_single_use,0
0,2,0,52.66667954955454,0,0,0,0.0,0,0.7524035342599913,replay_attempt,1
7,0,0,21.687562211787203,0,0,0,3.0562970850584166,1,0.5959138239904436,brute_force,1
5,0,0,14.770389046688921,0,0,0,2.367244903898554,0,0.7273395471392519,brute_force,1
0,1,0,56.13166415057553,0,0,0,0.0,1,0.3698817400237531,benign_single_use,0
0,1,0,11.34295409610434,1,0,0,0.0,0,0.7336984794172183,cross_session,1
0,1,0,46.48493332158409,0,0,0,0.0,0,0.8738662007666167,benign_single_use,0
0,1,0,59.81724663355344,1,0,0,0.0,1,0.33092257206091286,cross_session,1
1,1,0,24.30607748652281,0,0,0,0.0,0,0.8643336758113076,benign_retry_then_success,0
8,0,0,26.876723386147074,0,0,0,3.3405036645379282,1,0.7125318162892331,brute_force,1
0,2,0,54.79321412430346,0,0,0,0.0,1,0.9487385740422953,replay_attempt,1
0,1,0,38.27681826010639,0,0,0,0.0,1,0.5304837217184386,benign_sms_normal,0
2,0,0,19.44685585519739,0,0,0,10.905040917800413,1,0.5245008826858533,benign_retry_then_success,0
0,2,0,18.515567285447357,0,0,0,0.0,0,0.8061796615017702,replay_attempt,1
0,1,0,23.23581266761221,0,0,0,0.0,0,0.6938706874024001,benign_sms_normal,0
0,1,0,50.473443505805946,1,0,0,0.0,1,0.9492534017375347,cross_session,1
0,1,0,41.79212124453688,0,0,0,0.0,1,0.3368031932261387,benign_single_use,0
0,0,1,55.81452202999864,0,0,0,0.0,1,0.30323315919032934,stale_after_reissue,1
2,1,0,24.991924947124712,0,0,0,3.3183892464728917,0,0.8965017359484271,benign_retry_then_success,0
0,2,0,32.82463735536487,0,0,0,0.0,0,0.8506547987455195,replay_attempt,1
0,1,0,25.518332315692916,0,0,0,0.0,1,0.48923925173952926,replay_attempt,1
0,1,0,47.619934685973035,1,0,0,0.0,0,0.6476133351923972,cross_session,1
2,1,0,33.08197592027509,0,0,0,13.267705460428843,0,0.7159908860111059,benign_retry_then_success,0
0,1,1,59.59668745637264,0,1,0,0.0,1,0.6372344859535202,stale_after_reissue,1
0,1,0,59.01793629748144,0,0,0,0.0,1,0.7250480013458505,benign_single_use,0
0,1,0,350.6966958258314,0,0,1,0.0,1,0.38287935822506813,late_verify,1
0,1,0,76.2059329458985,0,0,0,0.0,1,0.4990779942013862,benign_sms_normal,0
0,2,0,28.0957524171922,0,0,0,0.0,1,0.6245730002770506,replay_attempt,1
0,1,0,320.4436123177851,0,0,1,0.0,1,0.7678315185566076,late_verify,1
2,0,0,12.021866484687424,0,0,0,8.540726366214113,1,0.4500284819984906,benign_retry_then_success,0
0,1,0,23.927759293484144,0,0,0,0.0,1,0.36776710451348,benign_single_use,0
1,0,0,12.707635230080989,0,0,0,0.0,1,0.3565146960019174,benign_retry_then_success,0
1,0,0,10.610813207600739,0,0,0,0.0,1,0.3251292202051512,benign_retry_then_success,0
0,1,0,59.644864823276606,0,0,0,0.0,1,0.3282794601895142,replay_attempt,1
0,1,0,81.75407803952162,0,0,0,0.0,1,0.33158032199649495,benign_sms_normal,0
0,1,0,51.06116590832773,0,0,0,0.0,1,0.38225306757682104,benign_single_use,0
0,1,0,13.566671903601865,0,0,0,0.0,0,0.6744287070831093,benign_single_use,0
10,0,0,32.930730579336426,0,0,0,3.3271737857747006,1,0.8810134254113196,brute_force,1
6,0,0,25.270995193585826,0,0,0,3.910816687439312,1,0.6194827005312917,brute_force,1
0,0,1,24.887946626496447,0,0,0,0.0,0,0.3628272646758367,stale_after_reissue,1
10,0,0,35.16935182521624,0,0,0,3.5487763734016786,1,0.9840349109400501,brute_force,1
0,1,0,13.448100789576717,0,0,0,0.0,1,0.34432993509179066,benign_single_use,0
0,1,0,36.27133430870545,0,0,0,0.0,0,0.9387141574069493,benign_single_use,0
2,1,0,28.442877369467695,0,0,0,12.607003448086202,1,0.9048957804349074,benign_retry_then_success,0
0,1,1,25.085727778622548,0,1,0,0.0,0,0.606489095973086,stale_after_reissue,1
2,0,0,21.7349988700335,0,0,0,9.48572030604906,1,0.5245138832674161,benign_retry_then_success,0
0,1,0,42.00693670766914,0,0,0,0.0,1,0.6043318227663323,benign_single_use,0
0,1,0,14.288017288699312,0,0,0,0.0,1,0.43153250532553367,replay_attempt,1
0,1,1,64.50450032045809,0,1,0,0.0,0,0.6557350403447713,stale_after_reissue,1
0,1,0,358.8673929077992,0,0,1,0.0,0,0.6345626065178817,late_verify,1
0,0,1,8.67541650858046,0,0,0,0.0,0,0.4595774405562277,stale_after_reissue,1
0,1,0,58.97629056891509,1,0,0,0.0,1,0.6283035553088705,cross_session,1
1,1,0,16.59053237601634,0,0,0,0.0,1,0.753728610766994,benign_retry_then_success,0
0,1,0,41.39443839825423,0,0,0,0.0,1,0.7465557209726514,benign_sms_normal,0
0,1,0,34.55225896105178,0,0,0,0.0,1,0.7637707160563398,benign_sms_normal,0
0,1,0,57.83228293786438,1,0,0,0.0,1,0.5596386250791684,cross_session,1
0,1,0,361.1857154543862,0,0,1,0.0,1,0.8156011651810131,late_verify,1
0,1,0,326.6439218757114,0,0,1,0.0,0,0.8216426899467075,late_verify,1
0,1,0,39.475374053131475,0,0,0,0.0,0,0.8230888601344488,benign_single_use,0
0,1,0,19.992257357874045,0,0,0,0.0,1,0.37750698102038804,benign_single_use,0
0,1,0,21.80169349164436,0,0,0,0.0,1,0.5039306174909259,benign_sms_normal,0
0,1,0,53.55540613187429,0,0,0,0.0,1,0.8323822159109069,benign_single_use,0
0,1,0,35.403023679707815,0,0,0,0.0,1,0.6348834482606746,benign_sms_normal,0
0,1,0,28.241524680767164,0,0,0,0.0,0,0.5158332427669909,benign_sms_normal,0
0,1,0,43.776550808830606,0,0,0,0.0,1,0.3489521420338028,benign_single_use,0
0,1,0,394.08313223686764,0,0,1,0.0,0,0.8235930902667128,late_verify,1
0,1,0,74.74735202438816,0,0,0,0.0,0,0.4685271498499886,benign_sms_normal,0
1,0,0,8.609814473142862,0,0,0,0.0,0,0.46864898149001855,benign_retry_then_success,0
0,1,0,31.67697562948996,0,0,0,0.0,1,0.49096303110208495,benign_sms_normal,0
0,1,0,21.66305458605161,0,0,0,0.0,0,0.558490988938678,benign_single_use,0
0,1,0,69.86821663469154,0,0,0,0.0,0,0.9510023431483021,benign_sms_normal,0
2,1,0,38.75422078404236,0,0,0,14.985955648003904,1,0.9228456265779081,benign_retry_then_success,0
0,0,1,30.35122650902106,0,0,0,0.0,1,0.31106388880809366,stale_after_reissue,1
0,1,0,359.8234294906195,0,0,1,0.0,0,0.5851536715040806,late_verify,1
2,1,0,23.045373724806012,0,0,0,4.303885239147149,1,0.8551034852717412,benign_retry_then_success,0
0,1,0,79.19752139290215,0,0,0,0.0,1,0.9229293049506317,benign_sms_normal,0
3,0,0,12.065949286101526,0,0,0,4.862761880999385,0,0.4188599816408952,brute_force,1
0,1,0,8.186993949597147,0,0,0,0.0,0,0.96450546610648,benign_single_use,0
0,1,0,382.07820725007326,0,0,1,0.0,0,0.43434481298775973,late_verify,1
0,1,0,49.65935108307997,1,0,0,0.0,0,0.48529819743367614,cross_session,1
0,0,1,42.273973794995825,0,0,0,0.0,1,0.4646794718909515,stale_after_reissue,1
0,1,0,86.98410532183215,0,0,0,0.0,0,0.4852183237423108,benign_sms_normal,0
1,1,0,18.34591003640129,0,0,0,0.0,1,0.8402945402604085,benign_retry_then_success,0
0,2,0,18.88274086731692,0,0,0,0.0,1,0.6998171534390187,replay_attempt,1
0,2,0,17.029363841400155,0,0,0,0.0,1,0.6632402497409589,replay_attempt,1
0,1,1,72.06830239327259,0,1,0,0.0,1,0.5600802458844532,stale_after_reissue,1
0,1,0,15.752270506812303,0,0,0,0.0,0,0.5870341508404959,benign_single_use,0
2,0,0,21.99185247700194,0,0,0,11.28482345418602,1,0.5882904082106816,benign_retry_then_success,0
0,1,0,330.25919485360197,0,0,1,0.0,0,0.8108706724120067,late_verify,1
5,0,0,13.037134838942823,0,0,0,2.4239944526187256,1,0.39452666723936525,brute_force,1
0,1,0,27.112628898638814,0,0,0,0.0,1,0.4572826321821116,benign_single_use,0
0,1,0,7.984928944321659,0,0,0,0.0,1,0.4133590991747418,benign_sms_normal,0
0,1,0,71.54694830459654,0,0,0,0.0,1,0.44765407194209905,benign_sms_normal,0
0,1,0,77.11236409519188,0,0,0,0.0,1,0.45936280275944985,benign_sms_normal,0
0,1,0,404.22340119842744,0,0,1,0.0,0,0.5140601601169972,late_verify,1
2,1,0,31.171716863894808,0,0,0,12.370060254228575,1,0.8098624760224862,benign_retry_then_success,0
0,1,0,363.7674579786345,0,0,1,0.0,0,0.8213396494717278,late_verify,1
4,0,0,9.73456121648199,0,0,0,2.431762278747074,1,0.5765712862835235,brute_force,1
0,1,1,71.53350937090576,0,1,0,0.0,1,0.8155662523913216,stale_after_reissue,1
0,1,0,21.02506987930362,0,0,0,0.0,0,0.8566625810078967,benign_sms_normal,0
0,1,0,386.8985235358,0,0,1,0.0,1,0.9425019976380138,late_verify,1
0,1,0,59.24900199873864,0,0,0,0.0,0,0.6317529163466545,benign_sms_normal,0
0,1,0,10.159430320424871,0,0,0,0.0,1,0.5886624400080571,benign_single_use,0
0,1,1,72.53003022639282,0,1,0,0.0,0,0.9859849779231107,stale_after_reissue,1
2,1,0,29.56094997103991,0,0,0,7.042278525999226,1,0.7609365378753044,benign_retry_then_success,0
0,1,0,7.078321474971265,0,0,0,0.0,1,0.45411052380660977,benign_sms_normal,0
0,1,0,32.25827930106287,1,0,0,0.0,0,0.3386469696955863,cross_session,1
0,1,0,403.94692759736716,0,0,1,0.0,0,0.32162498592522254,late_verify,1
0,1,0,7.798440399975805,0,0,0,0.0,0,0.4803288313274255,replay_attempt,1
0,1,0,389.7820894961644,0,0,1,0.0,1,0.919993619600854,late_verify,1
0,1,0,47.85984689661404,0,0,0,0.0,1,0.47198982009648666,benign_single_use,0
0,1,0,6.495017342367176,1,0,0,0.0,0,0.9709607057828167,cross_session,1
0,1,0,68.23955142907423,0,0,0,0.0,0,0.6721290430868075,benign_sms_normal,0
3,0,0,11.65016441255447,0,0,0,3.7239841760181323,0,0.3987191099650102,brute_force,1
0,1,0,54.6590978196656,0,0,0,0.0,1,0.9453282545494404,benign_single_use,0
0,1,0,16.64746899064707,0,0,0,0.0,1,0.38407744107096903,replay_attempt,1
1,1,0,8.479197171845847,0,0,0,0.0,0,0.8790782169135154,benign_retry_then_success,0
0,1,0,47.59294625131328,1,0,0,0.0,1,0.7416384054408585,cross_session,1
0,1,0,49.38063289676783,0,0,0,0.0,0,0.7989247856329098,benign_sms_normal,0
0,1,0,342.18159492566343,0,0,1,0.0,0,0.6273567167151487,late_verify,1
0,1,0,19.338707973476957,0,0,0,0.0,0,0.4074720824359332,benign_single_use,0
0,1,0,51.313858347473186,1,0,0,0.0,0,0.5311409069184119,cross_session,1
0,1,0,9.275956680877316,1,0,0,0.0,1,0.83551708362463,cross_session,1
0,2,0,45.09248522333529,0,0,0,0.0,0,0.9368576359132637,replay_attempt,1
0,1,0,20.940876261722035,0,0,0,0.0,1,0.6879999100084995,benign_single_use,0
0,1,0,38.568446383459886,0,0,0,0.0,1,0.3945558545522668,replay_attempt,1
0,1,0,63.01999038843507,0,0,0,0.0,1,0.35184938691709444,benign_sms_normal,0
0,1,0,27.496932262515134,1,0,0,0.0,0,0.3606980385502394,cross_session,1
0,2,0,56.86820596761173,0,0,0,0.0,0,0.8808249370874379,replay_attempt,1
1,1,0,17.661002505108968,0,0,0,0.0,1,0.7338035725657481,benign_retry_then_success,0
0,1,0,32.04969197771005,1,0,0,0.0,1,0.6700602766758037,cross_session,1
0,1,0,8.951768451742888,1,0,0,0.0,1,0.6609812069653804,cross_session,1
0,1,0,55.69267413306637,1,0,0,0.0,0,0.6454546063054387,cross_session,1
0,1,0,354.6185991685049,0,0,1,0.0,1,0.4266191012254632,late_verify,1
0,1,0,312.32731706209995,0,0,1,0.0,0,0.3003976904812611,late_verify,1
0,1,0,388.2825066931805,0,0,1,0.0,0,0.3225043614619951,late_verify,1
0,1,0,13.48557189774118,0,0,0,0.0,1,0.4171554997509255,replay_attempt,1
1,1,0,18.64583906914113,0,0,0,0.0,0,0.8317501366144762,benign_retry_then_success,0
0,1,0,32.51153071223436,0,0,0,0.0,0,0.8292652033989969,benign_single_use,0
0,1,0,419.8606047036218,0,0,1,0.0,1,0.45676196591577073,late_verify,1
0,2,0,43.590823447284386,0,0,0,0.0,0,0.99546576620209,replay_attempt,1
0,1,0,33.97252772492692,0,0,0,0.0,1,0.7473190471852715,benign_single_use,0
0,1,1,48.86775478178718,0,1,0,0.0,0,0.8829859382630585,stale_after_reissue,1
0,2,0,68.64309919388197,0,0,0,0.0,0,0.9895326877046096,replay_attempt,1
0,1,1,40.41148183565119,0,1,0,0.0,1,0.6830979888434123,stale_after_reissue,1
7,0,0,20.871662776051416,0,0,0,2.7813852294116472,1,0.8953646152449504,brute_force,1
0,1,1,63.57451206170433,0,1,0,0.0,0,0.6877867880718016,stale_after_reissue,1
0,1,0,14.735077611673757,0,0,0,0.0,1,0.7591110026879884,benign_single_use,0
0,1,0,10.520476232845208,0,0,0,0.0,0,0.33845449243836845,benign_sms_normal,0
0,1,0,402.00626146319456,0,0,1,0.0,1,0.4087779834800929,late_verify,1
1,1,0,12.175783963103381,0,0,0,0.0,1,0.861926575148551,benign_retry_then_success,0
1,1,0,18.99010037391116,0,0,0,0.0,1,0.6846455289600406,benign_retry_then_success,0
0,1,0,22.237188471778502,0,0,0,0.0,0,0.7619903709659799,benign_sms_normal,0
0,1,0,86.01761229256469,0,0,0,0.0,0,0.6458445225632439,benign_sms_normal,0
0,1,0,357.7907162871198,0,0,1,0.0,0,0.5517664055666276,late_verify,1
0,1,0,24.37168714608183,0,0,0,0.0,1,0.31290646201263567,replay_attempt,1
0,1,0,40.420517079742766,0,0,0,0.0,0,0.727282876422015,benign_single_use,0
0,1,0,44.14382015056633,1,0,0,0.0,1,0.3719583873013246,cross_session,1
0,0,1,38.18732766181847,0,0,0,0.0,0,0.32978627235274355,stale_after_reissue,1
0,2,0,36.479512838435184,0,0,0,0.0,1,0.8770908798784449,replay_attempt,1
1,1,0,17.36920649690883,0,0,0,0.0,1,0.9474737308948618,benign_retry_then_success,0
2,1,0,40.66947705797244,0,0,0,14.642418870838123,1,0.9794971128373491,benign_retry_then_success,0
0,1,0,9.298587693696355,0,0,0,0.0,1,0.8948524384635252,benign_single_use,0
2,1,0,22.71210438559092,0,0,0,9.862103718253309,1,0.8178390185963051,benign_retry_then_success,0
10,0,0,35.36686307649548,0,0,0,3.346885662596801,1,0.9597978802200364,brute_force,1
0,1,0,52.275862338039396,1,0,0,0.0,0,0.5647403661067767,cross_session,1
0,1,0,18.2934778889622,0,0,0,0.0,1,0.7330624283554223,benign_single_use,0
0,1,0,63.89876019979767,0,0,0,0.0,0,0.9911188339700006,benign_sms_normal,0
1,0,0,11.090342309337794,0,0,0,0.0,0,0.34987113415661375,benign_retry_then_success,0
2,0,0,13.442031335043882,0,0,0,7.020562530061618,0,0.6640503385830416,benign_retry_then_success,0
0,2,0,67.76447820718795,0,0,0,0.0,1,0.7555562128024157,replay_attempt,1
0,1,0,31.90958549569388,0,0,0,0.0,0,0.39914727758103347,benign_single_use,0
0,2,0,46.61452168676356,0,0,0,0.0,0,0.5006156354396692,replay_attempt,1
0,1,0,27.78945745968987,0,0,0,0.0,0,0.6653135042821992,benign_single_use,0
0,1,0,6.762397415799746,0,0,0,0.0,0,0.73007027457463,benign_single_use,0
2,0,0,7.4693319131798255,0,0,0,3.165328263528604,0,0.6195831260958364,benign_retry_then_success,0
1,0,0,7.534051730313887,0,0,0,0.0,1,0.3152819741520681,benign_retry_then_success,0
0,1,0,351.1323351943073,0,0,1,0.0,1,0.37020117894667515,late_verify,1
0,1,0,56.83223379446874,0,0,0,0.0,1,0.31558817444072,benign_single_use,0
0,1,0,20.664417375743916,1,0,0,0.0,0,0.8512889094042517,cross_session,1
0,1,0,411.5703532402573,0,0,1,0.0,1,0.9867033679476409,late_verify,1
6,0,0,18.43201343418275,0,0,0,2.939414899258332,0,0.6358589519286073,brute_force,1
0,1,0,16.128311532452418,0,0,0,0.0,0,0.33620504416647373,benign_sms_normal,0
0,1,0,27.593800128380582,0,0,0,0.0,1,0.6528447345951855,benign_sms_normal,0
0,1,0,56.15580355875682,0,0,0,0.0,1,0.6516890955416568,benign_single_use,0
0,1,0,27.00102916517897,0,0,0,0.0,1,0.653181667792756,benign_sms_normal,0
0,1,1,71.98937662459755,0,1,0,0.0,0,0.5729226282108263,stale_after_reissue,1
0,1,0,58.70898865283301,0,0,0,0.0,1,0.4305383063291047,benign_single_use,0
0,2,0,36.158044407277565,0,0,0,0.0,0,0.776024454785524,replay_attempt,1
2,1,0,20.61064697228298,0,0,0,7.2626140094543965,0,0.8017262251145265,benign_retry_then_success,0
0,1,0,343.9945689634693,0,0,1,0.0,0,0.8968359033276148,late_verify,1
1,0,0,13.801095337724192,0,0,0,0.0,0,0.32728556427612426,benign_retry_then_success,0
0,1,0,329.37750680217334,0,0,1,0.0,1,0.8229776108811877,late_verify,1
1,1,0,24.52127266246678,0,0,0,0.0,0,0.7972514344159805,benign_retry_then_success,0
0,1,0,419.14414691518294,0,0,1,0.0,1,0.539076783541136,late_verify,1
5,0,0,16.330324265265187,0,0,0,3.1660188040266615,0,0.4917343180242316,brute_force,1
4,0,0,10.478690709434245,0,0,0,2.837994008988945,0,0.4414800101095266,brute_force,1
0,1,0,83.92472487987297,0,0,0,0.0,1,0.652953548876438,benign_sms_normal,0
0,1,0,22.30198629697134,1,0,0,0.0,1,0.8417576070463593,cross_session,1
0,1,0,81.11788906173517,0,0,0,0.0,1,0.604044473757707,benign_sms_normal,0
8,0,0,27.40041615411648,0,0,0,3.551159720232533,1,0.7216871771640134,brute_force,1
0,1,0,312.6481103455683,0,0,1,0.0,1,0.4931466894285692,late_verify,1
0,1,0,354.3377144209688,0,0,1,0.0,1,0.4856494192787961,late_verify,1
0,1,0,41.13372371934605,0,0,0,0.0,0,0.9155882134413795,benign_sms_normal,0
0,1,0,28.428403064706707,0,0,0,0.0,1,0.5294654044857902,benign_single_use,0
0,1,0,27.97588074995618,1,0,0,0.0,1,0.4801606191386022,cross_session,1
1,1,0,17.01264194876468,0,0,0,0.0,0,0.5893857710729009,benign_retry_then_success,0
0,1,0,87.43058420063585,0,0,0,0.0,1,0.849305414595946,benign_sms_normal,0
2,1,0,19.062510452189308,0,0,0,9.317521087620165,1,0.8727591468390801,benign_retry_then_success,0
0,1,0,19.489712289629818,0,0,0,0.0,1,0.38063023731998247,replay_attempt,1
2,0,0,13.880454846463625,0,0,0,10.174272398474443,0,0.34726912009263733,benign_retry_then_success,0
0,1,0,379.8880097328936,0,0,1,0.0,0,0.3830741569551914,late_verify,1
1,1,0,12.110883650889765,0,0,0,0.0,1,0.7113444822571301,benign_retry_then_success,0
0,1,0,29.346080833814202,0,0,0,0.0,1,0.3729060456620101,replay_attempt,1
0,1,1,82.96705447165604,0,1,0,0.0,1,0.9456503469822022,stale_after_reissue,1
0,1,0,14.691631263436832,0,0,0,0.0,0,0.9507425314069569,benign_sms_normal,0
0,1,1,52.77618240507891,0,1,0,0.0,0,0.5913131760471035,stale_after_reissue,1
0,1,0,54.4106461166656,0,0,0,0.0,0,0.4773153204939506,benign_single_use,0
0,1,0,8.293863179916505,0,0,0,0.0,1,0.7576113308038444,benign_sms_normal,0
0,1,0,41.05026659960007,0,0,0,0.0,0,0.3658148415181812,benign_single_use,0
0,1,1,63.10998995100059,0,1,0,0.0,1,0.5241126782250085,stale_after_reissue,1
0,0,1,34.54449565797502,0,0,0,0.0,0,0.34244151953258356,stale_after_reissue,1
1,0,0,7.631055497558578,0,0,0,0.0,1,0.4833274621953148,benign_retry_then_success,0
1,1,0,16.55146831070238,0,0,0,0.0,0,0.840302378590748,benign_retry_then_success,0
2,1,0,37.775763792045254,0,0,0,9.26376136941661,0,0.8555708369794988,benign_retry_then_success,0
0,1,0,43.40751243277235,0,0,0,0.0,1,0.9906983387137398,benign_single_use,0
0,1,0,12.886763600772852,0,0,0,0.0,0,0.6934064222990075,benign_sms_normal,0
0,1,0,32.92223486039778,0,0,0,0.0,1,0.8064019578641004,benign_single_use,0
0,1,1,77.11362204063727,0,1,0,0.0,1,0.828199206807742,stale_after_reissue,1
0,0,1,7.003660762558582,0,0,0,0.0,1,0.45138851685828596,stale_after_reissue,1
10,0,0,30.46708050029822,0,0,0,3.040663122792892,1,0.98044912399162,brute_force,1
6,0,0,13.11395839008489,0,0,0,2.115163192592848,1,0.6301481334370651,brute_force,1
0,2,0,43.32396259589348,0,0,0,0.0,0,0.665199949930088,replay_attempt,1
0,1,0,407.8762895796302,0,0,1,0.0,0,0.9965065921266671,late_verify,1
0,1,1,38.638550350848725,0,1,0,0.0,0,0.5464843317478736,stale_after_reissue,1
0,1,0,47.02418293817097,0,0,0,0.0,0,0.647402119980465,benign_single_use,0
2,0,0,11.643019152748009,0,0,0,7.83928299516413,1,0.48391071749038345,benign_retry_then_success,0
1,1,0,15.261100922493597,0,0,0,0.0,1,0.6485988035552097,benign_retry_then_success,0
0,1,0,37.022498647726465,0,0,0,0.0,1,0.8787336519264628,benign_sms_normal,0
0,1,0,42.93690166442479,0,0,0,0.0,1,0.9077655081980298,benign_single_use,0
0,1,0,53.25837592296899,0,0,0,0.0,0,0.34839796150508306,benign_sms_normal,0
0,1,0,45.0334490599187,0,0,0,0.0,1,0.5016419781054985,benign_single_use,0
0,1,0,8.6519053473801,0,0,0,0.0,1,0.9037834602858277,benign_single_use,0
0,1,1,11.571359008100748,0,1,0,0.0,0,0.8975411212027138,stale_after_reissue,1
0,1,0,51.603232017946034,0,0,0,0.0,0,0.5983709422260397,benign_sms_normal,0
0,1,0,47.55617145620793,0,0,0,0.0,1,0.9923643576499317,benign_sms_normal,0
2,1,0,25.988800069318547,0,0,0,8.731785234875648,0,0.7656497759228849,benign_retry_then_success,0
0,1,1,45.75978842307105,0,1,0,0.0,1,0.5566067444493353,stale_after_reissue,1
1,0,0,6.922780222523873,0,0,0,0.0,0,0.4755970241585855,benign_retry_then_success,0
0,1,0,52.96573661019656,0,0,0,0.0,0,0.3936504979156988,replay_attempt,1
1,0,0,5.850428064627106,0,0,0,0.0,1,0.3330752371995396,benign_retry_then_success,0
0,2,0,63.00070051639167,0,0,0,0.0,1,0.8236496713559247,replay_attempt,1
0,1,0,46.58414053355308,0,0,0,0.0,1,0.5514430780874163,benign_single_use,0
0,1,0,371.82753290292567,0,0,1,0.0,0,0.9938712396980194,late_verify,1
0,2,0,34.915637657645455,0,0,0,0.0,0,0.7175115695521913,replay_attempt,1
0,1,0,46.41903004912803,0,0,0,0.0,1,0.924779046356561,benign_single_use,0
0,1,0,52.249579414439694,0,0,0,0.0,0,0.508188371365506,benign_sms_normal,0
0,1,0,84.2152713845497,0,0,0,0.0,0,0.7773271335469514,benign_sms_normal,0
0,0,1,34.55906653446871,0,0,0,0.0,0,0.37510094026660884,stale_after_reissue,1
2,0,0,17.986034813302748,0,0,0,14.177543151706672,0,0.43858652249183494,benign_retry_then_success,0
0,1,0,10.331399798412253,1,0,0,0.0,1,0.9301946697307866,cross_session,1
0,1,0,43.05158837071091,1,0,0,0.0,0,0.7421399795199224,cross_session,1
0,1,0,50.55088188691347,0,0,0,0.0,1,0.8028453942212086,benign_single_use,0
0,1,0,383.97556575776156,0,0,1,0.0,0,0.9698801092415457,late_verify,1
0,1,0,41.53896776388397,0,0,0,0.0,1,0.6059896295398605,benign_single_use,0
0,1,0,13.821412823725485,1,0,0,0.0,0,0.4416836956526336,cross_session,1
0,1,0,31.475646849391204,1,0,0,0.0,1,0.7000988491547031,cross_session,1
0,1,0,37.063804413605844,0,0,0,0.0,0,0.7096339459134738,benign_single_use,0
2,1,0,33.6786119209786,0,0,0,12.482917864673222,1,0.6762553637760431,benign_retry_then_success,0
8,0,0,27.955163347077377,0,0,0,3.6556258062071114,1,0.7139538268261968,brute_force,1
0,1,0,29.543751163872017,0,0,0,0.0,0,0.9048758476707417,benign_single_use,0
0,1,0,36.29975283111153,0,0,0,0.0,0,0.335265816801988,benign_sms_normal,0
0,1,0,15.616385424665385,1,0,0,0.0,0,0.5613684802810723,cross_session,1
0,1,1,26.049716952025527,0,1,0,0.0,0,0.5368138672220748,stale_after_reissue,1
5,0,0,21.268936839229454,0,0,0,4.1016019522793465,1,0.4482187719432874,brute_force,1
0,1,0,47.38100326333075,0,0,0,0.0,1,0.32371445659978954,benign_sms_normal,0
0,1,0,50.603276969016264,1,0,0,0.0,1,0.49403869814737783,cross_session,1
0,1,1,113.06896573262262,0,1,0,0.0,0,0.6726907237990085,stale_after_reissue,1
0,1,0,28.087095190431725,1,0,0,0.0,1,0.38361390515009025,cross_session,1
0,1,0,17.80026806719031,0,0,0,0.0,0,0.8856485224845809,benign_single_use,0
0,1,0,35.17377326272141,0,0,0,0.0,0,0.45059185265479207,benign_single_use,0
1,1,0,17.93103068204502,0,0,0,0.0,0,0.9385437382860733,benign_retry_then_success,0
0,1,0,409.6986055177546,0,0,1,0.0,0,0.931742977196043,late_verify,1
0,1,1,78.1824004369222,0,1,0,0.0,0,0.7833468858524691,stale_after_reissue,1
0,1,0,415.0130169201173,0,0,1,0.0,0,0.7099226330259059,late_verify,1
0,1,0,6.053763182842657,0,0,0,0.0,0,0.6568142619135107,benign_sms_normal,0
0,1,0,29.03441085712985,0,0,0,0.0,1,0.5378019379134538,benign_single_use,0
0,1,0,25.640297683142176,0,0,0,0.0,0,0.421049115436852,replay_attempt,1
0,1,0,21.167825900851405,1,0,0,0.0,0,0.6803164233651698,cross_session,1
1,0,0,14.400021246890494,0,0,0,0.0,0,0.3175281421036285,benign_retry_then_success,0
0,1,0,6.7047133664623955,0,0,0,0.0,0,0.7323686223875472,benign_single_use,0
1,1,0,19.446230037859667,0,0,0,0.0,1,0.577245675894941,benign_retry_then_success,0
0,1,0,312.894270837167,0,0,1,0.0,0,0.7584971469410249,late_verify,1
0,1,0,52.39459723024253,0,0,0,0.0,0,0.8257061270177906,benign_sms_normal,0
1,1,0,21.799691105503904,0,0,0,0.0,1,0.9012763747854013,benign_retry_then_success,0
0,1,1,59.44903020110855,0,1,0,0.0,0,0.8853398256704428,stale_after_reissue,1
0,1,0,5.2141780509622935,0,0,0,0.0,1,0.6116796938752285,benign_single_use,0
0,1,0,19.109397476397323,0,0,0,0.0,0,0.6157631125627343,benign_sms_normal,0
2,0,0,24.54837069404537,0,0,0,10.830807021204983,1,0.5067735562968954,benign_retry_then_success,0
0,1,1,84.04233908203736,0,1,0,0.0,0,0.96546538902864,stale_after_reissue,1
2,0,0,20.522473653484088,0,0,0,12.0415264732361,0,0.4009100042449509,benign_retry_then_success,0
0,1,0,328.67371923072454,0,0,1,0.0,1,0.7662366094884039,late_verify,1
2,0,0,21.745166227545226,0,0,0,8.914053600825389,0,0.4897965203645632,benign_retry_then_success,0
1,1,0,26.207445421072904,0,0,0,0.0,0,0.9315047678863009,benign_retry_then_success,0
0,1,0,24.408579688713708,0,0,0,0.0,1,0.9522770035567207,benign_sms_normal,0
0,1,1,62.738915581635,0,1,0,0.0,1,0.5398216496551944,stale_after_reissue,1
0,1,0,9.533539420141974,0,0,0,0.0,1,0.6475954280030312,benign_single_use,0
0,1,0,58.562917388322695,0,0,0,0.0,1,0.6646829429290415,benign_sms_normal,0
1,0,0,5.511328170863411,0,0,0,0.0,0,0.43886807429706964,benign_retry_then_success,0
0,1,0,36.61779731152538,1,0,0,0.0,1,0.90404846246838,cross_session,1
0,2,0,83.20654463313103,0,0,0,0.0,0,0.8591248794332325,replay_attempt,1
2,1,0,35.72612881142214,0,0,0,8.041954254295666,0,0.8212058316626234,benign_retry_then_success,0
2,0,0,17.518702150185987,0,0,0,9.785590995314852,1,0.4580426358463863,benign_retry_then_success,0
0,1,0,38.49714760029695,0,0,0,0.0,1,0.47218671273343416,benign_sms_normal,0
0,1,0,49.319932874284234,0,0,0,0.0,0,0.9266148824416176,benign_single_use,0
8,0,0,27.772416146819616,0,0,0,3.4908641867654207,1,0.8219535938665004,brute_force,1
2,0,0,18.085714492544287,0,0,0,4.841906464490286,1,0.49971839551944963,benign_retry_then_success,0
0,1,0,41.92719382951675,1,0,0,0.0,0,0.47858725924034373,cross_session,1
1,1,0,21.084552293035706,0,0,0,0.0,1,0.9908612068427263,benign_retry_then_success,0
0,1,0,320.7380575370778,0,0,1,0.0,1,0.8737607536746141,late_verify,1
4,0,0,16.400450192491412,0,0,0,3.6822611086340316,1,0.4609636124730426,brute_force,1
0,1,0,58.45968884859737,0,0,0,0.0,1,0.4730796013147392,benign_single_use,0
0,1,0,12.672436637920445,0,0,0,0.0,0,0.45847827828793386,replay_attempt,1
2,1,0,21.9709924096534,0,0,0,9.67783308612953,1,0.8652131634871083,benign_retry_then_success,0
1,1,0,16.905038546815803,0,0,0,0.0,1,0.8492962364317038,benign_retry_then_success,0
0,1,0,54.109774744947565,0,0,0,0.0,0,0.301895091573051,benign_single_use,0
0,1,0,52.178594229466555,0,0,0,0.0,0,0.5338657017619672,benign_sms_normal,0
0,2,0,37.109530102493544,0,0,0,0.0,1,0.7946871449192581,replay_attempt,1
0,1,0,10.121013197219199,0,0,0,0.0,1,0.8910860299159011,benign_single_use,0
10,0,0,29.668508800292443,0,0,0,2.985075916268132,0,0.917454396606673,brute_force,1
0,1,0,64.36642713920139,0,0,0,0.0,1,0.7719071471057752,benign_sms_normal,0
0,1,0,378.6816797144665,0,0,1,0.0,1,0.9433767651966236,late_verify,1
7,0,0,27.658864262942814,0,0,0,4.382764899160576,1,0.8596588240027601,brute_force,1
0,1,0,69.09769761577374,0,0,0,0.0,0,0.5483077248375852,benign_sms_normal,0
2,0,0,10.739563369087476,0,0,0,4.622656344047833,1,0.37232600039594416,benign_retry_then_success,0
3,0,0,10.97684048339121,0,0,0,4.446836646180924,1,0.3525975855525374,brute_force,1
1,1,0,23.115155227174515,0,0,0,0.0,1,0.7387362450290125,benign_retry_then_success,0
0,1,1,89.05461922871268,0,1,0,0.0,0,0.9987599367824977,stale_after_reissue,1
1,0,0,10.150295408771823,0,0,0,0.0,1,0.471335530489277,benign_retry_then_success,0
0,1,0,15.109446813317529,0,0,0,0.0,1,0.3314749697491792,replay_attempt,1
0,1,0,43.14279833958334,0,0,0,0.0,1,0.3198046139466802,replay_attempt,1
1,1,0,18.37596631335473,0,0,0,0.0,1,0.9463187936171782,benign_retry_then_success,0
0,2,0,46.295687438202116,0,0,0,0.0,1,0.9865302275358465,replay_attempt,1
0,1,1,45.346305416977685,0,1,0,0.0,1,0.8687614381735753,stale_after_reissue,1
0,1,0,29.816841178649614,1,0,0,0.0,0,0.6239592564717495,cross_session,1
0,1,0,42.61145763837421,0,0,0,0.0,1,0.7502172804780385,benign_single_use,0
0,1,0,25.44411929062437,1,0,0,0.0,0,0.3319635998056943,cross_session,1
0,1,0,28.81490183433976,0,0,0,0.0,1,0.6067668499613015,benign_single_use,0
0,1,0,37.33020612629661,0,0,0,0.0,1,0.34494619609582505,replay_attempt,1
0,1,0,25.705818892350127,0,0,0,0.0,1,0.5661649087295131,benign_single_use,0
2,1,0,33.22101537572635,0,0,0,12.096434535094033,0,0.7626077371473595,benign_retry_then_success,0
0,1,0,355.4897870004149,0,0,1,0.0,0,0.5900990897756986,late_verify,1
0,1,0,22.47472841451116,1,0,0,0.0,1,0.3729751513960008,cross_session,1
1,1,0,17.608502337226764,0,0,0,0.0,1,0.9514978268439527,benign_retry_then_success,0
0,1,0,30.17543526575425,0,0,0,0.0,1,0.31418278974289743,benign_single_use,0
0,1,0,315.0997450302214,0,0,1,0.0,0,0.4517559020120113,late_verify,1
0,1,0,34.09716664188896,0,0,0,0.0,0,0.30069299574847025,benign_single_use,0
0,1,0,10.146151208484039,0,0,0,0.0,0,0.6847713794839205,benign_single_use,0
0,1,0,17.20028161960728,0,0,0,0.0,0,0.3169605478613094,benign_single_use,0
0,1,0,313.8886664214903,0,0,1,0.0,1,0.38880112357320173,late_verify,1
0,1,0,38.97131320934979,0,0,0,0.0,1,0.7272029661926953,benign_single_use,0
0,1,0,311.5242135436839,0,0,1,0.0,1,0.9821506247796024,late_verify,1
0,1,0,28.10459609165354,0,0,0,0.0,1,0.5687662694340248,benign_single_use,0
0,1,0,318.7580996843905,0,0,1,0.0,1,0.9979483077533704,late_verify,1
2,1,0,32.38046573745031,0,0,0,3.6912126045476956,1,0.6974679697480403,benign_retry_then_success,0
0,1,0,34.33630869570678,1,0,0,0.0,1,0.7714596003076706,cross_session,1
0,1,0,13.52418479583312,0,0,0,0.0,0,0.4708833525599036,benign_single_use,0
0,1,0,65.25327666746905,0,0,0,0.0,1,0.9995730255601687,benign_sms_normal,0
2,1,0,24.887101432012102,0,0,0,3.7198900150241787,0,0.7788000724927393,benign_retry_then_success,0
1,0,0,11.367387551839666,0,0,0,0.0,1,0.4453460204657438,benign_retry_then_success,0
0,1,0,79.96211345680884,0,0,0,0.0,1,0.766783299983315,benign_sms_normal,0
0,1,0,311.2204589230712,0,0,1,0.0,1,0.4712389929313201,late_verify,1
1,0,0,5.6697870255448795,0,0,0,0.0,0,0.418051417263485,benign_retry_then_success,0
0,1,0,28.005252557560173,1,0,0,0.0,0,0.5270839648991236,cross_session,1
0,1,0,53.14119660079667,1,0,0,0.0,0,0.40750450686342954,cross_session,1
7,0,0,22.492212053713903,0,0,0,2.8208844201505663,1,0.8580835345905593,brute_force,1
2,0,0,16.191950610437353,0,0,0,6.0858056883693195,1,0.5243184198944186,benign_retry_then_success,0
0,1,0,53.77685067209079,0,0,0,0.0,0,0.4283227133086782,benign_sms_normal,0
2,1,0,27.774012522165997,0,0,0,14.167131250522848,0,0.8736695803190395,benign_retry_then_success,0
2,0,0,25.094770056651726,0,0,0,13.50119876473767,1,0.4947520062049727,benign_retry_then_success,0
7,0,0,19.394258021540995,0,0,0,3.010415667114682,1,0.6842681728861472,brute_force,1
0,1,0,378.958553079547,0,0,1,0.0,0,0.4470609866764735,late_verify,1
0,1,0,13.336785302729258,0,0,0,0.0,1,0.8804547988421834,benign_sms_normal,0
0,1,0,389.73532507857567,0,0,1,0.0,0,0.3591366269739503,late_verify,1
2,0,0,8.283070577865262,0,0,0,3.9540667571084427,1,0.505055134552686,benign_retry_then_success,0
0,1,0,46.914016156659684,0,0,0,0.0,1,0.4950242368434157,replay_attempt,1
0,1,0,10.03579089038129,1,0,0,0.0,1,0.5283138494024961,cross_session,1
0,1,0,347.79676599367934,0,0,1,0.0,0,0.8196328583977623,late_verify,1
0,1,0,338.3844316813227,0,0,1,0.0,0,0.39890248696097036,late_verify,1
0,2,0,77.17426113013889,0,0,0,0.0,0,0.5645920712380637,replay_attempt,1
0,1,0,26.580742473402783,0,0,0,0.0,0,0.46107220784013747,benign_sms_normal,0
0,1,0,43.835422031601816,0,0,0,0.0,1,0.7324501554719879,benign_single_use,0
5,0,0,20.758246475398415,0,0,0,4.145135002633256,0,0.6226865772910294,brute_force,1
2,1,0,23.79332738970521,0,0,0,13.63869496399534,1,0.7539137194113525,benign_retry_then_success,0
0,1,0,47.12045835296616,0,0,0,0.0,1,0.7321429699479802,benign_sms_normal,0
4,0,0,11.770278004086451,0,0,0,3.1402604281015805,0,0.3113799769249029,brute_force,1
1,1,0,25.111814695323986,0,0,0,0.0,1,0.9347650775238852,benign_retry_then_success,0
0,1,0,38.602727312918425,1,0,0,0.0,0,0.7261654664439159,cross_session,1
0,2,0,38.31883845987142,0,0,0,0.0,0,0.8466432937215458,replay_attempt,1
0,1,0,31.883407060722817,0,0,0,0.0,1,0.4436818953256415,benign_sms_normal,0
2,1,0,41.51962336253325,0,0,0,13.49787785128865,1,0.8951836695951856,benign_retry_then_success,0
0,1,0,9.035247281813021,0,0,0,0.0,0,0.35849342250393473,benign_sms_normal,0
0,1,0,19.17279002001485,0,0,0,0.0,0,0.41895841395274713,benign_single_use,0
0,1,1,103.89451271596772,0,1,0,0.0,0,0.7486619704876564,stale_after_reissue,1
0,1,0,23.23108780125182,0,0,0,0.0,1,0.7524989266407975,benign_single_use,0
0,1,0,21.598633697832646,0,0,0,0.0,0,0.4786305586054795,benign_single_use,0
0,2,0,60.25403839068561,0,0,0,0.0,1,0.7427123642835504,replay_attempt,1
0,1,0,19.883588235735665,0,0,0,0.0,1,0.49098518367352006,benign_single_use,0
0,1,0,23.280742426989054,1,0,0,0.0,0,0.5318757422179297,cross_session,1
0,1,0,323.96789680289316,0,0,1,0.0,0,0.6792170001642599,late_verify,1
0,1,0,42.88933543938593,0,0,0,0.0,0,0.9607629881038176,benign_single_use,0
2,1,0,19.351717152184186,0,0,0,3.5154915285077344,0,0.8327151010870475,benign_retry_then_success,0
0,1,1,71.56913452482742,0,1,0,0.0,1,0.5123363428775389,stale_after_reissue,1
1,1,0,16.688059247122357,0,0,0,0.0,0,0.7476461048433692,benign_retry_then_success,0
3,0,0,8.215255858819882,0,0,0,1.4615417167269844,1,0.43029712787296714,brute_force,1
0,1,0,309.3577711355177,0,0,1,0.0,0,0.33983924148991557,late_verify,1
0,0,1,59.02268836104717,0,0,0,0.0,0,0.39979989762897966,stale_after_reissue,1
0,1,0,38.04426890198881,0,0,0,0.0,1,0.7834529511736075,benign_single_use,0
0,1,0,9.215126379798482,0,0,0,0.0,0,0.7228939436519498,benign_single_use,0
0,1,0,41.95914957118678,0,0,0,0.0,1,0.7975330745153507,benign_single_use,0
0,1,1,59.49631134424853,0,1,0,0.0,0,0.5552748032651573,stale_after_reissue,1
0,1,0,32.89787976584513,1,0,0,0.0,0,0.9559105006133846,cross_session,1
0,1,0,14.557728828031491,0,0,0,0.0,1,0.3563814626991792,replay_attempt,1
0,1,0,78.44633001308267,0,0,0,0.0,1,0.40030918747674377,benign_sms_normal,0
0,2,0,29.507459786658913,0,0,0,0.0,0,0.7899455190963532,replay_attempt,1
0,1,0,26.34294510162362,0,0,0,0.0,1,0.6885071721579337,benign_single_use,0
4,0,0,21.66360873848707,0,0,0,5.334878546907384,1,0.5916928721577241,brute_force,1
0,1,0,11.021802913544835,0,0,0,0.0,0,0.3667474172280022,benign_single_use,0
1,0,0,12.48778567920594,0,0,0,0.0,0,0.40250532218988566,benign_retry_then_success,0
0,0,1,24.514105552567944,0,0,0,0.0,1,0.4964120343729245,stale_after_reissue,1
0,1,0,49.652858425317206,0,0,0,0.0,1,0.8319484783158633,benign_single_use,0
0,1,0,12.645279318174591,0,0,0,0.0,1,0.8654837367943973,benign_single_use,0
0,1,0,40.6451661654834,1,0,0,0.0,0,0.6384581487025767,cross_session,1
0,1,0,11.166773990981385,0,0,0,0.0,0,0.6628129930916158,benign_single_use,0
0,1,0,12.29004728511195,0,0,0,0.0,1,0.9678757953490054,benign_single_use,0
0,1,0,24.536237797780426,0,0,0,0.0,0,0.5254564244072253,benign_single_use,0
0,0,1,55.553794441332144,0,0,0,0.0,1,0.38038427210236425,stale_after_reissue,1
0,1,1,72.51513089091436,0,1,0,0.0,1,0.9155963862381609,stale_after_reissue,1
1,0,0,9.63615607613287,0,0,0,0.0,0,0.3261172046820493,benign_retry_then_success,0
0,1,0,31.243621522755422,0,0,0,0.0,0,0.6957215829034603,benign_sms_normal,0
0,1,0,9.362429454979655,0,0,0,0.0,0,0.787281450329109,benign_single_use,0
0,1,0,23.628259838141272,0,0,0,0.0,0,0.4596555855694915,benign_single_use,0
2,1,0,33.6168378543329,0,0,0,4.682156906439982,0,0.7163337524325726,benign_retry_then_success,0
5,0,0,19.32292119933042,0,0,0,3.700581686889379,1,0.4335090101259026,brute_force,1
0,0,1,39.5662146612705,0,0,0,0.0,1,0.3631203835426438,stale_after_reissue,1
1,1,0,21.59382913266002,0,0,0,0.0,0,0.6440960371358992,benign_retry_then_success,0
1,0,0,12.075530660441405,0,0,0,0.0,0,0.3185353709134744,benign_retry_then_success,0
0,1,0,26.75482195986322,0,0,0,0.0,0,0.99958624777137,benign_sms_normal,0
0,1,0,7.6050075314608385,0,0,0,0.0,1,0.3433198339179035,benign_single_use,0
0,1,0,8.93604750340735,0,0,0,0.0,0,0.9533718497914514,benign_single_use,0
0,1,1,72.79803169210953,0,1,0,0.0,1,0.5043260810676748,stale_after_reissue,1
0,1,0,10.59822938119596,0,0,0,0.0,0,0.3598903487128752,benign_single_use,0
0,1,0,5.6856112910835135,1,0,0,0.0,0,0.6038249310294211,cross_session,1
0,1,0,38.23690170894067,1,0,0,0.0,0,0.8928119421797387,cross_session,1
0,0,1,51.68246467832621,0,0,0,0.0,0,0.4561252895988067,stale_after_reissue,1
0,1,0,7.227126155962415,0,0,0,0.0,0,0.46987183006851885,benign_sms_normal,0
1,1,0,22.89353269775394,0,0,0,0.0,0,0.5046367589767894,benign_retry_then_success,0
0,1,0,33.911811063520744,0,0,0,0.0,1,0.8752411415612402,benign_sms_normal,0
0,1,0,32.6647389280681,0,0,0,0.0,0,0.7703213100358444,benign_single_use,0
0,1,0,55.118112496951895,0,0,0,0.0,1,0.8416948329233005,benign_sms_normal,0
1,1,0,7.857862909566633,0,0,0,0.0,1,0.5302605553335449,benign_retry_then_success,0
1,1,0,18.494503482710158,0,0,0,0.0,0,0.7745599613047582,benign_retry_then_success,0
0,1,0,34.428228705692774,0,0,0,0.0,1,0.7096034751489122,benign_sms_normal,0
0,1,0,31.749492659156317,0,0,0,0.0,1,0.5312225200427976,benign_sms_normal,0
0,1,0,12.427794257387609,1,0,0,0.0,0,0.6087293157727753,cross_session,1
9,0,0,31.856954222191572,0,0,0,3.322641811221313,1,0.9063930413911807,brute_force,1
2,1,0,26.24283943803477,0,0,0,11.222969185268639,1,0.961170766096838,benign_retry_then_success,0
0,1,0,332.9531240691388,0,0,1,0.0,0,0.39680090104587495,late_verify,1
0,1,0,7.40922049856887,0,0,0,0.0,0,0.8183117483446887,benign_sms_normal,0
0,1,1,17.502846998659937,0,1,0,0.0,1,0.784369968914796,stale_after_reissue,1
1,1,0,22.29415919995259,0,0,0,0.0,1,0.9350381613356287,benign_retry_then_success,0
0,1,0,48.85140618077581,0,0,0,0.0,1,0.47619744922460255,benign_sms_normal,0
0,0,1,10.544625779097903,0,0,0,0.0,1,0.3937840534603053,stale_after_reissue,1
0,1,0,336.64198634268286,0,0,1,0.0,1,0.4624563224688515,late_verify,1
1,1,0,16.891039676350925,0,0,0,0.0,1,0.9025373864682231,benign_retry_then_success,0
0,1,0,379.42148385046835,0,0,1,0.0,0,0.5818291221924146,late_verify,1
0,1,0,9.749782097587815,0,0,0,0.0,0,0.9149305087771915,benign_single_use,0
0,1,0,50.1887225356272,1,0,0,0.0,1,0.693769684529185,cross_session,1
2,0,0,9.886200668836684,0,0,0,3.9113803908624902,1,0.5301499184670723,benign_retry_then_success,0
0,1,0,37.79316752513631,0,0,0,0.0,0,0.4848235915929298,benign_single_use,0
0,1,0,8.436714168405317,0,0,0,0.0,0,0.5550531035329278,benign_sms_normal,0
0,1,0,62.72130786016546,0,0,0,0.0,0,0.8295828743813352,benign_sms_normal,0
0,1,0,50.19024042566227,0,0,0,0.0,0,0.7843157617668643,benign_single_use,0
0,1,0,305.17580114481416,0,0,1,0.0,1,0.9936060908742443,late_verify,1
1,1,0,17.07295425672934,0,0,0,0.0,1,0.8542931028537517,benign_retry_then_success,0
0,2,0,50.6809010182447,0,0,0,0.0,0,0.5017395108403949,replay_attempt,1
0,1,0,39.08430306680432,1,0,0,0.0,0,0.5108793326123846,cross_session,1
0,1,0,416.0449116734019,0,0,1,0.0,0,0.6074485254639431,late_verify,1
0,1,0,349.73077808686224,0,0,1,0.0,1,0.6868700952181899,late_verify,1
0,1,0,50.46932057812027,1,0,0,0.0,0,0.9363357138587987,cross_session,1
0,1,0,42.5826273844821,0,0,0,0.0,0,0.7936680411542865,benign_sms_normal,0
10,0,0,38.179955436443024,0,0,0,3.7422278141479683,1,0.8714499508030789,brute_force,1
0,2,0,63.604088441250575,0,0,0,0.0,1,0.8979417546864945,replay_attempt,1
0,1,0,301.07643414028496,0,0,1,0.0,1,0.7514111802745036,late_verify,1
0,1,1,66.99142649041332,0,1,0,0.0,1,0.8669555315981958,stale_after_reissue,1
0,1,0,57.74903359439922,1,0,0,0.0,0,0.7950870359367386,cross_session,1
0,1,0,58.41937239478776,0,0,0,0.0,1,0.9432368059670628,benign_single_use,0
0,1,0,14.469386502560832,1,0,0,0.0,1,0.6803459921966304,cross_session,1
0,0,1,33.64714372880623,0,0,0,0.0,1,0.37675912943418877,stale_after_reissue,1
0,1,0,28.777891272800943,0,0,0,0.0,1,0.40746980583124137,replay_attempt,1
0,1,0,31.641134256079805,0,0,0,0.0,1,0.31154388128435495,replay_attempt,1
1,0,0,11.461511351990662,0,0,0,0.0,0,0.4598076959199739,benign_retry_then_success,0
0,1,0,337.12633553973205,0,0,1,0.0,1,0.9221568459270033,late_verify,1
0,1,0,80.30053908725701,0,0,0,0.0,1,0.45767346292565486,benign_sms_normal,0
0,1,0,31.40440413569986,0,0,0,0.0,1,0.9983535770285903,benign_single_use,0
0,1,0,51.858076958087494,0,0,0,0.0,0,0.9045774275953091,benign_single_use,0
0,1,0,362.78790641030724,0,0,1,0.0,0,0.5047273933645946,late_verify,1
0,1,0,32.40535372906815,0,0,0,0.0,1,0.9480895252142154,benign_single_use,0
0,1,0,44.10881446877087,1,0,0,0.0,0,0.652753075101164,cross_session,1
7,0,0,32.17552120656008,0,0,0,4.384796297971758,1,0.5709119809369285,brute_force,1
0,1,0,19.117174067819217,0,0,0,0.0,1,0.8216968205082005,benign_single_use,0
0,1,0,48.56127835563751,0,0,0,0.0,0,0.5811891428517374,benign_single_use,0
0,1,0,409.90147004566677,0,0,1,0.0,1,0.8604990814881688,late_verify,1
0,2,0,60.98325937748599,0,0,0,0.0,0,0.8627179182162115,replay_attempt,1
0,1,0,49.3294820312046,0,0,0,0.0,0,0.3607603103455063,benign_single_use,0
0,1,0,52.8201417779079,0,0,0,0.0,0,0.9179932524263428,benign_single_use,0
0,1,0,29.10739701779683,0,0,0,0.0,1,0.3910174965125321,replay_attempt,1
1,0,0,14.226610280871837,0,0,0,0.0,1,0.4002377164201851,benign_retry_then_success,0
0,1,0,17.41781401188407,0,0,0,0.0,1,0.7592333235428248,benign_single_use,0
2,0,0,23.91377639006392,0,0,0,10.230681186308423,0,0.5558523087549501,benign_retry_then_success,0
0,2,0,61.27486408550095,0,0,0,0.0,0,0.7352679691171959,replay_attempt,1
0,1,0,50.95321705870469,0,0,0,0.0,1,0.7679104994940414,benign_single_use,0
2,0,0,21.78203163609463,0,0,0,10.712756769493145,1,0.37447207810868544,benign_retry_then_success,0
0,1,0,37.9372103555194,1,0,0,0.0,1,0.5909783864025003,cross_session,1
1,1,0,18.465273713621315,0,0,0,0.0,0,0.8631822044225628,benign_retry_then_success,0
0,1,0,304.5949838408064,0,0,1,0.0,1,0.871083348728624,late_verify,1
1,1,0,19.271051438386316,0,0,0,0.0,0,0.572533803914155,benign_retry_then_success,0
0,1,0,52.25481632832934,0,0,0,0.0,0,0.5081306682745724,benign_single_use,0
0,1,0,16.173226634206834,0,0,0,0.0,1,0.3580553560077211,replay_attempt,1
2,1,0,22.793187708866313,0,0,0,3.68748896066743,0,0.9358419728791174,benign_retry_then_success,0
1,0,0,5.885682649142856,0,0,0,0.0,1,0.4478546961065755,benign_retry_then_success,0
0,2,0,49.78113269093734,0,0,0,0.0,0,0.5519528728253636,replay_attempt,1
0,1,0,24.021779026843465,1,0,0,0.0,1,0.8534715141512266,cross_session,1
0,1,0,32.372896930139426,0,0,0,0.0,1,0.7000610609416933,benign_sms_normal,0
0,1,0,45.58214497482244,0,0,0,0.0,1,0.41970243826530523,benign_single_use,0
0,1,0,46.39886693722833,0,0,0,0.0,0,0.4291301089253741,benign_sms_normal,0
5,0,0,17.940079140534696,0,0,0,3.044662400695776,1,0.5965097438063505,brute_force,1
0,1,0,6.362783133887824,0,0,0,0.0,1,0.6010185987518648,benign_single_use,0
0,1,0,25.74533619742118,0,0,0,0.0,1,0.7018388540472749,benign_sms_normal,0
0,1,0,13.420520669185741,1,0,0,0.0,1,0.5318937553936969,cross_session,1
0,1,0,29.14693117254533,0,0,0,0.0,1,0.8139365477527716,benign_single_use,0
0,1,1,105.32653838866437,0,1,0,0.0,0,0.8965254365052153,stale_after_reissue,1
0,1,1,93.66912229144421,0,1,0,0.0,1,0.954278259507187,stale_after_reissue,1
0,1,0,362.27782686715994,0,0,1,0.0,0,0.895725891034451,late_verify,1
10,0,0,43.19925785026701,0,0,0,4.244720552775702,0,0.9824738916966398,brute_force,1
0,2,0,77.10070219742293,0,0,0,0.0,0,0.6088508532279666,replay_attempt,1
0,1,0,52.107280049587544,0,0,0,0.0,0,0.36309588742678667,replay_attempt,1
0,1,0,18.759407904276628,0,0,0,0.0,1,0.9134763255256155,benign_single_use,0
0,2,0,31.10539758775199,0,0,0,0.0,1,0.6155163114728011,replay_attempt,1
0,1,0,30.553142295617,0,0,0,0.0,1,0.5406711782470597,benign_single_use,0
0,1,0,56.03163460052977,0,0,0,0.0,0,0.4155550214614686,benign_single_use,0
0,1,0,22.980570035572363,0,0,0,0.0,1,0.3618731647922482,benign_single_use,0
0,1,0,48.45163730401537,0,0,0,0.0,1,0.6587870387787738,benign_single_use,0
0,1,0,41.41272825473594,0,0,0,0.0,0,0.7414525681652241,benign_single_use,0
0,1,1,91.87093144175907,0,1,0,0.0,0,0.8546975702346249,stale_after_reissue,1
0,2,0,48.719048133813594,0,0,0,0.0,0,0.8306147582052148,replay_attempt,1
0,1,0,76.06984169030764,0,0,0,0.0,1,0.9530860186544898,benign_sms_normal,0
1,0,0,14.134298705555862,0,0,0,0.0,0,0.38951766904662144,benign_retry_then_success,0
0,1,1,58.24834822768107,0,1,0,0.0,0,0.5273394400441366,stale_after_reissue,1
0,1,0,35.928122192975906,0,0,0,0.0,1,0.7571630464129279,benign_single_use,0
1,0,0,7.9833769648654975,0,0,0,0.0,1,0.3109064900297675,benign_retry_then_success,0
0,1,0,22.18132967111205,0,0,0,0.0,0,0.3141011300476216,replay_attempt,1
0,1,0,39.627197905992766,0,0,0,0.0,0,0.9549785475786297,benign_single_use,0
0,2,0,43.453727631007546,0,0,0,0.0,1,0.6948502732476098,replay_attempt,1
0,1,0,26.46422459209575,0,0,0,0.0,1,0.5994696665540591,benign_single_use,0
0,1,0,42.7206746193103,0,0,0,0.0,0,0.8886611271091456,benign_single_use,0
0,1,0,34.60896396331573,1,0,0,0.0,0,0.3217589260056212,cross_session,1
0,1,0,365.85296980984117,0,0,1,0.0,1,0.4895187354647208,late_verify,1
0,1,0,39.339923481447485,0,0,0,0.0,1,0.6331387042602699,benign_single_use,0
0,1,0,350.2353366732932,0,0,1,0.0,1,0.6291275912421113,late_verify,1
0,1,0,42.70757278408507,0,0,0,0.0,0,0.3279593475605284,benign_single_use,0
0,1,0,29.05326097321159,0,0,0,0.0,1,0.7777918554027498,benign_sms_normal,0
0,1,0,38.44709039406916,1,0,0,0.0,1,0.9713712866486743,cross_session,1
0,0,1,45.27755135334433,0,0,0,0.0,1,0.4653873040948312,stale_after_reissue,1
0,1,0,20.27338617547651,0,0,0,0.0,1,0.5567201692509718,benign_single_use,0
0,1,0,56.328487679759235,0,0,0,0.0,0,0.45392302991454314,benign_sms_normal,0
0,1,0,65.03074949307597,0,0,0,0.0,0,0.3570097368685725,benign_sms_normal,0
0,1,0,6.5520742697530565,0,0,0,0.0,0,0.7731369942708952,benign_single_use,0
2,1,0,22.74381225976513,0,0,0,9.765670776212723,0,0.7340788402631382,benign_retry_then_success,0
0,1,0,325.2390325405414,0,0,1,0.0,0,0.3780649407800187,late_verify,1
0,1,0,89.91840148797202,0,0,0,0.0,0,0.5886175088000642,benign_sms_normal,0
0,1,0,6.098895832639696,0,0,0,0.0,0,0.5930102878881736,benign_single_use,0
0,2,0,84.39263751486673,0,0,0,0.0,1,0.6245380284300082,replay_attempt,1
0,1,0,88.88583721573069,0,0,0,0.0,0,0.8945740861959073,benign_sms_normal,0
0,1,0,26.655656048290616,0,0,0,0.0,1,0.3997206505989888,benign_sms_normal,0
0,1,0,33.77423784094087,1,0,0,0.0,0,0.9472334249382524,cross_session,1
0,0,1,22.108510930752445,0,0,0,0.0,1,0.3934470845642959,stale_after_reissue,1
6,0,0,25.506386492210037,0,0,0,4.090985957230653,0,0.9168632509701962,brute_force,1
0,1,0,361.8454084561107,0,0,1,0.0,1,0.6321710624315235,late_verify,1
0,1,1,51.21350187891725,0,1,0,0.0,1,0.5134379416994412,stale_after_reissue,1
2,1,0,24.70560896764352,0,0,0,8.166027721314844,1,0.906789443689713,benign_retry_then_success,0
2,1,0,24.64831083350566,0,0,0,9.720689714834766,0,0.8800534935488966,benign_retry_then_success,0
0,1,0,34.22854946946386,0,0,0,0.0,0,0.7102765687400565,benign_single_use,0
0,1,0,6.981369875994655,0,0,0,0.0,1,0.4844847638738934,replay_attempt,1
2,0,0,13.090984105698798,0,0,0,4.118618552009526,0,0.4299603869321592,benign_retry_then_success,0
8,0,0,27.579742998213334,0,0,0,3.670095811140803,0,0.8004418224854424,brute_force,1
0,1,0,59.39928642732418,0,0,0,0.0,0,0.9628413598967862,benign_single_use,0
0,1,0,26.778201669970276,1,0,0,0.0,0,0.5208757221319875,cross_session,1
5,0,0,11.826042333088372,0,0,0,2.364200127821797,0,0.43788587772329124,brute_force,1
4,0,0,10.69735584666108,0,0,0,3.1411617699029666,1,0.463957973347743,brute_force,1
1,1,0,14.242608073824417,0,0,0,0.0,0,0.9933095252477255,benign_retry_then_success,0
0,1,0,40.96234283552784,0,0,0,0.0,1,0.3564762648902655,benign_sms_normal,0
0,0,1,18.07429064540375,0,0,0,0.0,0,0.3666635272018628,stale_after_reissue,1
0,1,0,322.46209287450347,0,0,1,0.0,1,0.8012699794611229,late_verify,1
0,1,0,51.852732066059936,0,0,0,0.0,0,0.4686840121841821,benign_single_use,0
1,0,0,8.943607396630103,0,0,0,0.0,1,0.41310503706006535,benign_retry_then_success,0
1,0,0,5.068406718770968,0,0,0,0.0,0,0.3301022755180357,benign_retry_then_success,0
2,1,0,18.493420831182156,0,0,0,8.433260941353813,0,0.8048891021467199,benign_retry_then_success,0
0,2,0,58.60837327526207,0,0,0,0.0,1,0.8575266537984798,replay_attempt,1
0,1,0,40.8579290318197,0,0,0,0.0,1,0.7640450577224613,benign_single_use,0
0,1,0,361.79438076316916,0,0,1,0.0,1,0.5485420495565172,late_verify,1
0,1,0,35.03767213705299,1,0,0,0.0,1,0.3868138707169268,cross_session,1
1,1,0,20.708115983810885,0,0,0,0.0,1,0.8750886628472248,benign_retry_then_success,0
0,1,0,317.0985494928316,0,0,1,0.0,1,0.9472551537609237,late_verify,1
0,1,0,19.28890350944685,1,0,0,0.0,0,0.46904272445536477,cross_session,1
0,1,0,44.46357429715892,0,0,0,0.0,0,0.9647221300305555,benign_single_use,0
0,1,0,35.094144901925546,0,0,0,0.0,1,0.6140184656119942,benign_single_use,0
0,1,1,78.41544651570396,0,1,0,0.0,0,0.5765807542444674,stale_after_reissue,1
0,1,0,416.05156549178577,0,0,1,0.0,1,0.7925606705989279,late_verify,1
4,0,0,13.422245799492032,0,0,0,3.9427867280047137,0,0.4223732591373006,brute_force,1
0,1,0,40.70649646200562,0,0,0,0.0,1,0.701788945706742,benign_single_use,0
0,1,0,29.788139412706265,0,0,0,0.0,0,0.558629732326877,benign_single_use,0
0,1,0,22.030861651495137,0,0,0,0.0,0,0.6780993666331204,benign_single_use,0
0,0,1,34.66017902394704,0,0,0,0.0,1,0.35127219031728596,stale_after_reissue,1
5,0,0,16.64834181441567,0,0,0,2.956069268159117,0,0.7352573356600136,brute_force,1
0,1,0,30.078411942205744,0,0,0,0.0,1,0.7611312924447429,benign_sms_normal,0
0,1,0,337.3946316090955,0,0,1,0.0,1,0.9351906306155713,late_verify,1
10,0,0,41.03754522754793,0,0,0,4.044241851381658,1,0.9056284183515129,brute_force,1
0,2,0,89.63951697443491,0,0,0,0.0,1,0.9209273142313867,replay_attempt,1
1,1,0,14.056034254801464,0,0,0,0.0,0,0.6354913676073746,benign_retry_then_success,0
0,1,0,409.1255149292864,0,0,1,0.0,1,0.8117975638356418,late_verify,1
0,1,0,33.06792543916538,1,0,0,0.0,0,0.6565102192573753,cross_session,1
1,1,0,24.782937735796477,0,0,0,0.0,0,0.8569960354875032,benign_retry_then_success,0
0,1,0,34.093528030212696,1,0,0,0.0,0,0.32343849829797033,cross_session,1
1,1,0,9.437398543076778,0,0,0,0.0,1,0.7832856761452665,benign_retry_then_success,0
0,1,0,330.7484237293926,0,0,1,0.0,0,0.6764812792986119,late_verify,1
0,1,0,31.069146016600005,0,0,0,0.0,0,0.7066099439054674,benign_single_use,0
0,1,0,8.90980683197947,0,0,0,0.0,0,0.6156473231211961,benign_single_use,0
0,2,0,46.45677444963438,0,0,0,0.0,0,0.9020045486438226,replay_attempt,1
2,1,0,17.069284971062068,0,0,0,3.232873805928209,0,0.675540542690803,benign_retry_then_success,0
0,1,0,385.1138616876774,0,0,1,0.0,1,0.9969688604377767,late_verify,1
0,2,0,71.50915214516439,0,0,0,0.0,0,0.7282322481139496,replay_attempt,1
0,0,1,54.43492907853048,0,0,0,0.0,1,0.389170285207325,stale_after_reissue,1
0,1,1,86.92764097067737,0,1,0,0.0,1,0.8647841130333185,stale_after_reissue,1
3,0,0,6.21813817875288,0,0,0,2.435041584879926,1,0.49585705206992137,brute_force,1
0,1,0,406.2685903153834,0,0,1,0.0,1,0.4225034736028868,late_verify,1
0,1,0,22.42930087447058,0,0,0,0.0,0,0.8643620421060869,benign_sms_normal,0
4,0,0,12.744736730418698,0,0,0,2.6712767424476898,0,0.37943945317119826,brute_force,1
0,1,0,381.7992936488775,0,0,1,0.0,0,0.3498181757835256,late_verify,1
0,1,0,42.64898382221964,0,0,0,0.0,1,0.4272106974683483,benign_single_use,0
0,1,0,13.404729522871408,0,0,0,0.0,1,0.45288793318368215,benign_single_use,0
2,1,0,20.866772485696096,0,0,0,9.679912808249385,1,0.9833406050506623,benign_retry_then_success,0
0,1,0,45.27751321922983,1,0,0,0.0,0,0.841097918333999,cross_session,1
5,0,0,21.13890554757829,0,0,0,4.554343063014626,1,0.6561551971414369,brute_force,1
0,1,0,51.99693550010384,1,0,0,0.0,0,0.3145507771330891,cross_session,1
0,1,0,73.01699515810277,0,0,0,0.0,0,0.5381807483248705,benign_sms_normal,0
0,1,0,34.19160210648383,0,0,0,0.0,0,0.8923270705414914,benign_single_use,0
0,1,0,7.590877275595199,0,0,0,0.0,0,0.6256176950857901,benign_sms_normal,0
0,0,1,57.75437964868765,0,0,0,0.0,1,0.49819455347125774,stale_after_reissue,1
2,1,0,30.002895454477063,0,0,0,8.074993716514498,1,0.8551556028865148,benign_retry_then_success,0
3,0,0,13.73956902872389,0,0,0,5.173503362008486,1,0.30514369734498387,brute_force,1
0,1,1,48.37933523589385,0,1,0,0.0,0,0.9276248385032038,stale_after_reissue,1
8,0,0,25.197162353445915,0,0,0,3.3021736871472918,1,0.673128423350449,brute_force,1
0,1,0,65.67815823044575,0,0,0,0.0,1,0.9981175197826437,benign_sms_normal,0
0,1,0,5.671850460344294,0,0,0,0.0,0,0.3879375318861583,benign_single_use,0
1,1,0,24.809144205748506,0,0,0,0.0,0,0.6642486301758275,benign_retry_then_success,0
0,1,0,50.08561971552978,1,0,0,0.0,0,0.30214277340486506,cross_session,1
1,1,0,25.697929730174753,0,0,0,0.0,1,0.5778682866200503,benign_retry_then_success,0
0,1,0,366.5489681386017,0,0,1,0.0,1,0.7329781655522392,late_verify,1
3,0,0,9.756061399623817,0,0,0,3.0006196610280274,1,0.34733400534050646,brute_force,1
0,1,0,309.3670254891702,0,0,1,0.0,0,0.31276175109228854,late_verify,1
0,0,1,33.119863168981844,0,0,0,0.0,0,0.38919866975081974,stale_after_reissue,1
0,1,0,17.886258044655804,0,0,0,0.0,1,0.8111496146014117,benign_single_use,0
0,2,0,82.46450128542153,0,0,0,0.0,1,0.6637102403001691,replay_attempt,1
0,1,0,10.809570683628328,0,0,0,0.0,1,0.7591671770872801,benign_sms_normal,0
1,1,0,25.725058470195968,0,0,0,0.0,0,0.5197206594192649,benign_retry_then_success,0
0,1,0,45.79297007748154,1,0,0,0.0,0,0.46994528982257433,cross_session,1
0,1,0,417.4782298791979,0,0,1,0.0,1,0.8212923059696693,late_verify,1
0,1,0,357.5646807146139,0,0,1,0.0,0,0.7121395480927004,late_verify,1
0,1,0,20.620319898470264,0,0,0,0.0,1,0.38317927958341813,benign_single_use,0
1,1,0,15.122812089931065,0,0,0,0.0,1,0.8065164465219747,benign_retry_then_success,0
0,1,0,81.1842335659727,0,0,0,0.0,0,0.3183465495841662,benign_sms_normal,0
0,1,0,327.7841065671763,0,0,1,0.0,1,0.6301219454156035,late_verify,1
0,1,0,55.34024630396568,0,0,0,0.0,1,0.512274032703492,benign_single_use,0
9,0,0,31.254654291282904,0,0,0,3.4180825830003703,1,0.844811816325743,brute_force,1
0,1,0,6.068253343230723,1,0,0,0.0,1,0.49119324882467147,cross_session,1
0,1,0,37.75494082942377,1,0,0,0.0,0,0.943455469558335,cross_session,1
2,1,0,16.043901437601438,0,0,0,7.455365850103524,0,0.8197425037389354,benign_retry_then_success,0
0,1,0,47.63782887062681,0,0,0,0.0,1,0.674301702195897,benign_single_use,0
0,1,0,5.189992403528756,0,0,0,0.0,0,0.6574624422179279,benign_sms_normal,0
0,1,0,38.7476665743861,0,0,0,0.0,1,0.45990553020219893,benign_single_use,0
1,0,0,5.240954612037477,0,0,0,0.0,1,0.4658024221891016,benign_retry_then_success,0
0,1,0,21.946982911994763,0,0,0,0.0,0,0.9313682831272558,benign_single_use,0
0,1,1,71.5777614448146,0,1,0,0.0,0,0.8801162774355986,stale_after_reissue,1
1,1,0,10.11186508220743,0,0,0,0.0,0,0.5202815043024345,benign_retry_then_success,0
0,1,0,55.15932061643145,0,0,0,0.0,1,0.37674474203798525,benign_single_use,0
0,1,0,359.23374439818315,0,0,1,0.0,1,0.688303666841074,late_verify,1
0,1,0,76.59059107329867,0,0,0,0.0,0,0.9815648512213369,benign_sms_normal,0
0,1,0,34.03889218068896,1,0,0,0.0,1,0.5339913882000672,cross_session,1
0,1,0,37.12348384828279,1,0,0,0.0,0,0.33145898245644495,cross_session,1
0,1,1,48.78739212051115,0,1,0,0.0,1,0.9785477220890104,stale_after_reissue,1
2,0,0,15.88870781274953,0,0,0,10.902329794209168,0,0.46483261928122827,benign_retry_then_success,0
0,1,0,20.323910756449482,0,0,0,0.0,1,0.7535299440877101,benign_single_use,0
0,1,0,41.001348145344,0,0,0,0.0,1,0.67542384405584,benign_single_use,0
0,1,0,75.42224060277282,0,0,0,0.0,0,0.9790955578667682,benign_sms_normal,0
2,0,0,18.382827947608398,0,0,0,5.8978687274615265,1,0.49614063371699824,benign_retry_then_success,0
0,1,0,29.512869790204427,0,0,0,0.0,0,0.6735339537579074,benign_sms_normal,0
0,1,0,77.28665068134113,0,0,0,0.0,1,0.9972890803470249,benign_sms_normal,0
6,0,0,20.880161530794748,0,0,0,3.618434095935874,0,0.7326516867708621,brute_force,1
0,1,0,348.2994159591871,0,0,1,0.0,0,0.5881589865908152,late_verify,1
0,1,0,69.28610473003104,0,0,0,0.0,0,0.5249804760997338,benign_sms_normal,0
0,1,0,405.41382242675024,0,0,1,0.0,1,0.38541045230398674,late_verify,1
0,1,0,336.73804062563886,0,0,1,0.0,0,0.6018504776880844,late_verify,1
0,2,0,23.711061596356778,0,0,0,0.0,1,0.5896598669189033,replay_attempt,1
0,1,1,96.31490810234513,0,1,0,0.0,1,0.6905206749498207,stale_after_reissue,1
0,1,0,24.921163762080173,0,0,0,0.0,1,0.6855312245422356,benign_sms_normal,0
0,1,0,22.441636403132602,1,0,0,0.0,1,0.757781202701852,cross_session,1
0,1,0,311.716549496077,0,0,1,0.0,1,0.7663520157137658,late_verify,1
0,1,0,317.83032327507766,0,0,1,0.0,1,0.5562739635515146,late_verify,1
5,0,0,20.467693725916764,0,0,0,3.6298503106395112,0,0.8079958770164202,brute_force,1
0,1,0,42.580213798486774,0,0,0,0.0,0,0.3011415933409054,benign_single_use,0
1,1,0,24.190252793065806,0,0,0,0.0,1,0.8068750671722764,benign_retry_then_success,0
1,0,0,14.881747368669158,0,0,0,0.0,0,0.49196700055773696,benign_retry_then_success,0
0,1,1,54.13567745734842,0,1,0,0.0,1,0.8285184642504049,stale_after_reissue,1
0,1,0,36.67324921947356,0,0,0,0.0,1,0.5124100281742558,benign_single_use,0
10,0,0,35.93436409477212,0,0,0,3.679265616360313,1,0.9868835755207921,brute_force,1
0,1,0,70.37026267640172,0,0,0,0.0,1,0.6540307948249305,benign_sms_normal,0
0,1,0,80.10186953136419,0,0,0,0.0,0,0.46481641190971656,benign_sms_normal,0
0,0,1,45.14004065850922,0,0,0,0.0,0,0.44793785528338476,stale_after_reissue,1
0,1,0,20.45431349852059,0,0,0,0.0,1,0.5320247173870541,benign_sms_normal,0
0,1,0,39.269689160862164,0,0,0,0.0,0,0.9461102613334267,benign_single_use,0
0,1,1,64.16182168627702,0,1,0,0.0,0,0.9000110168141242,stale_after_reissue,1
0,1,1,69.29978313776697,0,1,0,0.0,0,0.9048970737743725,stale_after_reissue,1
0,1,0,30.686009657725975,0,0,0,0.0,0,0.5261897443018296,benign_single_use,0
0,1,0,317.18726598128785,0,0,1,0.0,0,0.6845226575930874,late_verify,1
0,1,0,326.6275029300491,0,0,1,0.0,1,0.9570274695412733,late_verify,1
0,1,0,54.478036156083526,1,0,0,0.0,1,0.37648981622292876,cross_session,1
0,1,0,23.200642889795667,1,0,0,0.0,0,0.4366002183951905,cross_session,1
4,0,0,12.464744694079979,0,0,0,3.0762499564874344,0,0.45464950354903866,brute_force,1
1,0,0,8.685213021978873,0,0,0,0.0,0,0.49105786824243003,benign_retry_then_success,0
2,1,0,20.865393868065823,0,0,0,6.720029182967193,1,0.8910894826614704,benign_retry_then_success,0
0,1,0,316.0227309513876,0,0,1,0.0,1,0.3871141938438465,late_verify,1
0,1,0,405.9681148923648,0,0,1,0.0,1,0.3751560947805711,late_verify,1
0,1,1,55.35763582204261,0,1,0,0.0,1,0.9415032735502344,stale_after_reissue,1
1,1,0,17.853250392364803,0,0,0,0.0,0,0.8676291266337721,benign_retry_then_success,0
0,2,0,28.039192583683235,0,0,0,0.0,0,0.5145362641230059,replay_attempt,1
0,0,1,20.46852817808327,0,0,0,0.0,0,0.39959808498961463,stale_after_reissue,1
0,1,0,9.26534208438065,0,0,0,0.0,0,0.9122447882900577,benign_single_use,0
0,1,0,8.957697896946833,0,0,0,0.0,1,0.832050247080478,benign_sms_normal,0
0,1,0,34.5690062462908,0,0,0,0.0,1,0.49985629418329136,benign_sms_normal,0
0,2,0,81.79819315964563,0,0,0,0.0,0,0.6301366697772519,replay_attempt,1
0,2,0,69.19712452288545,0,0,0,0.0,0,0.768009812074689,replay_attempt,1
0,1,0,357.9407191388367,0,0,1,0.0,0,0.6674372659684396,late_verify,1
0,1,0,29.44013894510278,1,0,0,0.0,0,0.5396205043733241,cross_session,1
0,0,1,12.36389881563499,0,0,0,0.0,0,0.36051318928816434,stale_after_reissue,1
0,1,0,342.22240277095466,0,0,1,0.0,0,0.8555044245741243,late_verify,1
1,0,0,13.814177030983354,0,0,0,0.0,0,0.43565482894068885,benign_retry_then_success,0
0,0,1,37.470306395123636,0,0,0,0.0,0,0.4040338853938326,stale_after_reissue,1
2,0,0,16.55733875756909,0,0,0,10.349346184078222,0,0.5356249234958618,benign_retry_then_success,0
0,1,1,64.06645014536738,0,1,0,0.0,0,0.5215220996906728,stale_after_reissue,1
1,1,0,19.751726605527466,0,0,0,0.0,1,0.8221610491550704,benign_retry_then_success,0
0,1,0,9.210470075684444,0,0,0,0.0,1,0.39184347250104307,benign_sms_normal,0
1,1,0,18.057318011687638,0,0,0,0.0,1,0.5001474641858599,benign_retry_then_success,0
4,0,0,14.19998096677188,0,0,0,3.6613636768484805,0,0.5548758535693825,brute_force,1
2,0,0,17.520147173721156,0,0,0,7.98144732734491,1,0.3456509689296754,benign_retry_then_success,0
0,1,1,88.18052996097873,0,1,0,0.0,0,0.6551267857151486,stale_after_reissue,1
7,0,0,22.990209366265113,0,0,0,3.116020922029668,0,0.6014269317365839,brute_force,1
2,1,0,32.54106366347877,0,0,0,6.703384111313028,0,0.9414114237404867,benign_retry_then_success,0
0,1,0,58.182092624921175,0,0,0,0.0,1,0.9076121061027653,benign_single_use,0
0,1,0,12.525748120217106,0,0,0,0.0,1,0.7791859970651187,benign_single_use,0
0,1,0,303.0022867710861,0,0,1,0.0,0,0.4919608756732595,late_verify,1
0,1,1,27.85681894276732,0,1,0,0.0,1,0.6354492852493643,stale_after_reissue,1
0,1,0,69.43015003633445,0,0,0,0.0,1,0.605796405276442,benign_sms_normal,0
0,1,0,30.444667571550205,0,0,0,0.0,0,0.870342743962734,benign_single_use,0
0,1,0,39.73106524831628,0,0,0,0.0,1,0.7162918703423202,benign_sms_normal,0
2,1,0,29.474168256621986,0,0,0,11.171599201501909,0,0.9584276987172908,benign_retry_then_success,0
0,1,0,329.12845071366917,0,0,1,0.0,0,0.6504248006746591,late_verify,1
0,1,0,51.952707091524545,0,0,0,0.0,1,0.8001864687890574,benign_sms_normal,0
0,1,0,43.7217750215567,0,0,0,0.0,0,0.5878965268345784,benign_single_use,0
0,2,0,32.57238350880894,0,0,0,0.0,0,0.8507714041949086,replay_attempt,1
0,1,1,63.03817256675086,0,1,0,0.0,0,0.8181023460872028,stale_after_reissue,1
4,0,0,5.817143350989639,0,0,0,1.482888063432646,0,0.3965297076883757,brute_force,1
6,0,0,19.630708284221804,0,0,0,2.9507172041716863,1,0.7411648464810918,brute_force,1
2,1,0,28.956664626158,0,0,0,13.634619760672848,0,0.8426339239011036,benign_retry_then_success,0
0,1,0,14.798015263488322,0,0,0,0.0,1,0.5053626209543975,benign_sms_normal,0
0,1,0,39.94338336761713,0,0,0,0.0,0,0.6033938288559546,benign_single_use,0
2,0,0,19.24542002552618,0,0,0,9.231766888988302,0,0.4553304524056765,benign_retry_then_success,0
0,1,0,347.11256372911345,0,0,1,0.0,1,0.5544274738110138,late_verify,1
5,0,0,18.78663658138214,0,0,0,3.693328632162402,1,0.49636694379014257,brute_force,1
1,0,0,11.303920396638171,0,0,0,0.0,1,0.4546151843946781,benign_retry_then_success,0
0,1,0,395.2950819751563,0,0,1,0.0,1,0.6491802470987746,late_verify,1
0,1,0,14.893755558639029,1,0,0,0.0,0,0.9148680140308267,cross_session,1
0,1,0,79.75194490606181,0,0,0,0.0,1,0.3851832011618626,benign_sms_normal,0
0,2,0,23.50111994133526,0,0,0,0.0,1,0.6259259570048532,replay_attempt,1
2,1,0,31.652505675265964,0,0,0,12.778827108624029,1,0.7675467090409753,benign_retry_then_success,0
0,0,1,26.431915229057612,0,0,0,0.0,0,0.49303345284654837,stale_after_reissue,1
2,1,0,21.50910753019796,0,0,0,5.5933446609860535,1,0.8016657593251701,benign_retry_then_success,0
2,1,0,29.019119593674425,0,0,0,12.450750750476454,0,0.7417197013131317,benign_retry_then_success,0
0,1,0,25.00883401905502,1,0,0,0.0,0,0.807052066389961,cross_session,1
0,1,0,52.2088469650891,1,0,0,0.0,1,0.3373456876416273,cross_session,1
0,1,0,59.110127512738345,0,0,0,0.0,1,0.6720533122899239,benign_single_use,0
0,1,1,88.09431717137124,0,1,0,0.0,0,0.7837924101762701,stale_after_reissue,1
0,1,0,389.2766887151772,0,0,1,0.0,0,0.4665369206650315,late_verify,1
0,0,1,18.017620197871096,0,0,0,0.0,1,0.4700901033739734,stale_after_reissue,1
0,1,0,44.305208864846485,0,0,0,0.0,0,0.41112400613633426,benign_single_use,0
3,0,0,5.442968156101366,0,0,0,1.612242192468866,0,0.3495603302415612,brute_force,1
0,1,0,37.019188753451814,0,0,0,0.0,1,0.5883823068083915,benign_single_use,0
4,0,0,18.302423200506194,0,0,0,4.414338565655519,0,0.4327524670836872,brute_force,1
0,1,0,10.670470854692049,0,0,0,0.0,1,0.3048146077240331,benign_single_use,0
0,1,0,35.205588980259876,0,0,0,0.0,0,0.7168497941370826,benign_sms_normal,0
0,2,0,34.16509781076714,0,0,0,0.0,0,0.5472314808046725,replay_attempt,1
0,1,0,41.46102353083403,1,0,0,0.0,0,0.8368030642119693,cross_session,1
2,1,0,31.37269556241502,0,0,0,12.288289031909246,0,0.7913172042902139,benign_retry_then_success,0
0,1,0,24.97037134651094,0,0,0,0.0,0,0.6722451902992266,benign_sms_normal,0
0,1,0,15.833155077771238,0,0,0,0.0,1,0.503884286700039,benign_single_use,0
0,1,1,68.61831020949992,0,1,0,0.0,1,0.6062112203499419,stale_after_reissue,1
0,1,1,91.86320095941448,0,1,0,0.0,0,0.7445055411025645,stale_after_reissue,1
0,2,0,43.15865653373607,0,0,0,0.0,1,0.7144020212142093,replay_attempt,1
3,0,0,10.114305107038945,0,0,0,2.428047987777601,0,0.43306704022386244,brute_force,1
0,1,1,28.98402408784409,0,1,0,0.0,1,0.5213628971303645,stale_after_reissue,1
0,1,0,330.2483765033719,0,0,1,0.0,0,0.9992240841280962,late_verify,1
0,1,0,13.751476089976002,0,0,0,0.0,1,0.45786642079815937,replay_attempt,1
0,1,1,44.69759515128827,0,1,0,0.0,0,0.8717740472353708,stale_after_reissue,1
0,1,0,35.229859588128576,0,0,0,0.0,0,0.33884019056702025,replay_attempt,1
0,1,0,320.18187690788034,0,0,1,0.0,0,0.5114358815910963,late_verify,1
0,1,0,33.21249477812154,0,0,0,0.0,0,0.7365026033918791,benign_single_use,0
4,0,0,11.96948472533834,0,0,0,2.817866291392425,0,0.40465821764253723,brute_force,1
0,1,0,44.452089528852234,0,0,0,0.0,0,0.42212350063240217,benign_single_use,0
1,1,0,17.81585743059501,0,0,0,0.0,0,0.5895221982050205,benign_retry_then_success,0
0,1,0,56.554817686833154,1,0,0,0.0,1,0.5033292341002282,cross_session,1
0,1,0,69.50346042203934,0,0,0,0.0,0,0.5405671206965998,benign_sms_normal,0
2,1,0,31.66148656216932,0,0,0,11.272565444041778,0,0.8795469030096006,benign_retry_then_success,0
0,1,1,24.522998482500192,0,1,0,0.0,0,0.730082275745024,stale_after_reissue,1
0,1,0,29.77968930314127,1,0,0,0.0,1,0.415294298343605,cross_session,1
0,2,0,59.54408659437164,0,0,0,0.0,1,0.7285049129966599,replay_attempt,1
0,1,0,56.48261361841528,1,0,0,0.0,1,0.3816925841752016,cross_session,1
0,1,0,70.16963493174431,0,0,0,0.0,0,0.3376422966979888,benign_sms_normal,0
0,1,0,375.09293121561444,0,0,1,0.0,1,0.5147836879109882,late_verify,1
2,0,0,13.132913582157816,0,0,0,3.5023383048820573,0,0.4496727083545616,benign_retry_then_success,0
0,0,1,21.4805792993638,0,0,0,0.0,1,0.45365290566384014,stale_after_reissue,1
0,1,0,53.09780795122481,0,0,0,0.0,0,0.3387744432007083,replay_attempt,1
0,1,0,51.352420268518586,0,0,0,0.0,1,0.7350363902746008,benign_single_use,0
0,1,0,22.543327592045316,0,0,0,0.0,1,0.9505977835323312,benign_single_use,0
0,1,0,54.27469348867363,0,0,0,0.0,0,0.6383345092512956,benign_single_use,0
0,1,0,333.9395911995346,0,0,1,0.0,1,0.760903398328293,late_verify,1
0,1,0,16.953249118709135,0,0,0,0.0,1,0.343934294551422,benign_single_use,0
1,1,0,18.53713130625504,0,0,0,0.0,0,0.5112385089636472,benign_retry_then_success,0
0,1,0,84.85962839827262,0,0,0,0.0,1,0.3879573147862478,benign_sms_normal,0
0,1,0,388.28540490606247,0,0,1,0.0,1,0.5564605084366432,late_verify,1
0,2,0,26.43713046988009,0,0,0,0.0,1,0.8015032230291335,replay_attempt,1
0,1,0,7.577136246693529,1,0,0,0.0,1,0.4220742024761339,cross_session,1
0,1,1,17.814685350416852,0,1,0,0.0,0,0.6529472111752064,stale_after_reissue,1
0,1,0,346.8045812169242,0,0,1,0.0,0,0.3022453834796288,late_verify,1
0,1,0,7.9860098261351915,0,0,0,0.0,1,0.31585779139555614,replay_attempt,1
0,1,0,369.12625951886486,0,0,1,0.0,0,0.725891722580751,late_verify,1
0,2,0,39.37971645597695,0,0,0,0.0,1,0.9162484174089707,replay_attempt,1
0,1,0,34.282912392591484,0,0,0,0.0,1,0.8273167309174219,benign_sms_normal,0
0,1,0,19.151755995026676,0,0,0,0.0,1,0.42051051947879203,benign_single_use,0
8,0,0,18.07123714079726,0,0,0,2.31723073038843,0,0.9738856965207483,brute_force,1
0,0,1,29.680233567894255,0,0,0,0.0,0,0.32650628165018974,stale_after_reissue,1
1,0,0,4.2284439601814725,0,0,0,0.0,0,0.36913540039949355,benign_retry_then_success,0
1,0,0,8.307388381471664,0,0,0,0.0,0,0.3031143173662041,benign_retry_then_success,0
1,1,0,26.588241529632988,0,0,0,0.0,0,0.5841610782415787,benign_retry_then_success,0
0,1,0,44.18647060679267,0,0,0,0.0,0,0.7388454109932823,benign_single_use,0
4,0,0,11.172106751925337,0,0,0,2.6613490995500277,0,0.6225328864042536,brute_force,1
0,1,0,16.080110923603932,1,0,0,0.0,0,0.37205733293317983,cross_session,1
0,1,0,31.361757549478213,1,0,0,0.0,1,0.34349742889371404,cross_session,1
0,1,0,46.34494786254525,0,0,0,0.0,0,0.9130716430281645,benign_single_use,0
0,0,1,28.259826389693025,0,0,0,0.0,1,0.4358000311450606,stale_after_reissue,1
0,1,0,13.517542628585973,1,0,0,0.0,0,0.9199640440317622,cross_session,1
0,1,1,28.752725508886225,0,1,0,0.0,0,0.908899700298103,stale_after_reissue,1
0,1,0,86.28889490624053,0,0,0,0.0,0,0.9126692664483831,benign_sms_normal,0
2,1,0,29.588200272006198,0,0,0,12.077627289066523,1,0.8037788012182145,benign_retry_then_success,0
0,1,0,45.22666514762181,1,0,0,0.0,0,0.9703147039359201,cross_session,1
0,1,0,25.81068081429541,0,0,0,0.0,1,0.439806447914723,benign_single_use,0
0,1,0,48.17290523084978,1,0,0,0.0,0,0.6883777802635977,cross_session,1
0,2,0,42.303160109736694,0,0,0,0.0,1,0.9038648880271638,replay_attempt,1
0,2,0,71.1048561396033,0,0,0,0.0,1,0.9939786342199346,replay_attempt,1
0,2,0,33.143482709295306,0,0,0,0.0,0,0.7293514654858575,replay_attempt,1
0,1,0,33.51290370568719,0,0,0,0.0,1,0.308579761305519,benign_sms_normal,0
2,0,0,11.741805675108147,0,0,0,5.207213429628236,0,0.597790832343933,benign_retry_then_success,0
0,2,0,55.2124341218843,0,0,0,0.0,1,0.5772412613485582,replay_attempt,1
1,0,0,7.882631518978243,0,0,0,0.0,0,0.3605389373717691,benign_retry_then_success,0
0,1,0,52.51037226450652,1,0,0,0.0,1,0.3288072400366802,cross_session,1
0,1,0,38.12511704412861,0,0,0,0.0,1,0.9448613519028581,benign_single_use,0
0,1,0,34.2235480964773,0,0,0,0.0,0,0.8360884799176838,benign_sms_normal,0
0,1,0,18.670240796170315,0,0,0,0.0,0,0.5504670226907494,benign_sms_normal,0
0,1,0,43.2284864453238,0,0,0,0.0,1,0.7660975944493436,benign_single_use,0
0,1,0,33.87311666490836,0,0,0,0.0,0,0.32963761542642317,benign_sms_normal,0
2,1,0,22.091379917946224,0,0,0,3.8329983773923875,1,0.8241162636843427,benign_retry_then_success,0
8,0,0,37.100229933483966,0,0,0,4.504878520134421,1,0.7512237378840334,brute_force,1
0,1,0,12.820230715826497,0,0,0,0.0,0,0.9301301265733923,benign_single_use,0
0,1,0,41.367332222907514,0,0,0,0.0,0,0.848842635348495,benign_sms_normal,0
3,0,0,8.862916383088326,0,0,0,3.5681139134763074,1,0.47893942077836277,brute_force,1
0,1,0,23.39396287890757,0,0,0,0.0,1,0.8803267790261777,benign_sms_normal,0
0,1,0,48.08774172086867,0,0,0,0.0,1,0.4322620253235321,benign_single_use,0
0,1,0,47.85070563039018,0,0,0,0.0,0,0.4335326667266649,replay_attempt,1
2,0,0,17.39466819721483,0,0,0,7.652134178498706,0,0.6245979143549019,benign_retry_then_success,0
1,1,0,13.654498588132567,0,0,0,0.0,1,0.7814859419506486,benign_retry_then_success,0
0,1,0,16.066247396923004,0,0,0,0.0,1,0.5689456022431449,benign_single_use,0
0,1,0,35.40130742398584,1,0,0,0.0,0,0.8105453114664978,cross_session,1
0,1,0,17.457807006214654,0,0,0,0.0,0,0.4873541145418967,replay_attempt,1
0,1,0,23.21596737434161,0,0,0,0.0,1,0.43211278804007375,benign_single_use,0
0,1,0,6.720248820114352,1,0,0,0.0,0,0.971959693541079,cross_session,1
1,1,0,16.490694411049446,0,0,0,0.0,0,0.8498108156339195,benign_retry_then_success,0
0,1,0,56.285962823484105,0,0,0,0.0,0,0.7521926221421078,benign_single_use,0
0,1,1,92.88913394884625,0,1,0,0.0,0,0.5501162880140223,stale_after_reissue,1
9,0,0,30.62580832046414,0,0,0,3.4363936277040574,0,0.8171315939168731,brute_force,1
0,2,0,53.29233165932881,0,0,0,0.0,1,0.5464283710303945,replay_attempt,1
0,1,0,301.69615269815927,0,0,1,0.0,1,0.7021235354774104,late_verify,1
2,1,0,28.683616853551616,0,0,0,9.364794473022044,1,0.7521632996418197,benign_retry_then_success,0
1,0,0,11.223782909030907,0,0,0,0.0,0,0.3743522138635047,benign_retry_then_success,0
0,1,0,9.69218982268605,0,0,0,0.0,1,0.8668384253335681,benign_sms_normal,0
0,1,0,49.062355018542355,0,0,0,0.0,0,0.36763784367825963,benign_sms_normal,0
2,0,0,19.826539100307947,0,0,0,5.492768824434981,1,0.389803997063977,benign_retry_then_success,0
0,1,0,43.3307201550865,0,0,0,0.0,0,0.7011672989390614,benign_sms_normal,0
0,1,1,27.338584573891765,0,1,0,0.0,1,0.5563094574616939,stale_after_reissue,1
0,1,0,55.19204012335161,0,0,0,0.0,1,0.9163674834515232,benign_single_use,0
5,0,0,16.41148189870858,0,0,0,2.920514021808366,1,0.5143816926557928,brute_force,1
0,1,0,14.416271823388417,0,0,0,0.0,1,0.6547788763522848,benign_single_use,0
1,0,0,13.498788846677936,0,0,0,0.0,0,0.4179449035137831,benign_retry_then_success,0
0,1,0,394.5300517526246,0,0,1,0.0,0,0.7140413718557168,late_verify,1
0,1,0,30.744695980057624,0,0,0,0.0,1,0.528978579214813,benign_single_use,0
0,1,0,58.96115645911512,0,0,0,0.0,0,0.4349200235535218,replay_attempt,1
0,1,0,29.40182659654852,0,0,0,0.0,1,0.4746900274185891,benign_single_use,0
0,2,0,54.74832200534243,0,0,0,0.0,0,0.9406720432212663,replay_attempt,1
0,2,0,90.30253476249561,0,0,0,0.0,0,0.5401963373904258,replay_attempt,1
2,0,0,20.236369053603326,0,0,0,13.075339074470573,1,0.508512389850174,benign_retry_then_success,0
0,2,0,27.356437250883598,0,0,0,0.0,1,0.9732710189801954,replay_attempt,1
0,1,0,372.3870796555981,0,0,1,0.0,0,0.6854490225735819,late_verify,1
0,1,0,416.6175588640587,0,0,1,0.0,0,0.7351678887606994,late_verify,1
0,1,0,20.832377026993044,1,0,0,0.0,0,0.34504428752245053,cross_session,1
0,1,0,14.685358609761566,0,0,0,0.0,0,0.7634617877799083,benign_single_use,0
0,1,0,33.295023160193956,0,0,0,0.0,1,0.7692551526803082,benign_sms_normal,0
0,1,0,56.119058467273454,0,0,0,0.0,0,0.5546927467178382,benign_single_use,0
3,0,0,12.210670841038823,0,0,0,3.273470230500766,0,0.3131254107153954,brute_force,1
0,1,0,339.79293440445934,0,0,1,0.0,0,0.38971358945199736,late_verify,1
5,0,0,20.049876193004152,0,0,0,3.6991057583158424,1,0.5062347740513715,brute_force,1
0,1,0,374.03194419038437,0,0,1,0.0,0,0.5987108597038386,late_verify,1
0,1,0,5.51896501952078,1,0,0,0.0,0,0.6988879217624059,cross_session,1
0,2,0,73.06079243416306,0,0,0,0.0,1,0.7021273614899508,replay_attempt,1
0,1,0,309.00918440961055,0,0,1,0.0,1,0.928098567273171,late_verify,1
0,1,0,366.2190935712733,0,0,1,0.0,1,0.6895888610046619,late_verify,1
0,1,0,28.603348443353937,0,0,0,0.0,0,0.7963305411641061,benign_single_use,0
0,1,0,44.09882255012194,1,0,0,0.0,0,0.5008256766826197,cross_session,1
0,1,0,17.47628165477279,1,0,0,0.0,0,0.6083166416513868,cross_session,1
7,0,0,20.48860911606328,0,0,0,3.190819601028537,1,0.5948914923860666,brute_force,1
0,1,0,28.14036291407554,1,0,0,0.0,0,0.3497906750779146,cross_session,1
8,0,0,27.66360583932637,0,0,0,3.6215347905036563,0,0.7062847853262941,brute_force,1
7,0,0,21.76913054432673,0,0,0,3.309248689439364,1,0.8596260476988669,brute_force,1
0,1,0,28.019192737015928,0,0,0,0.0,1,0.3107776584723989,benign_single_use,0
0,2,0,22.130058102224233,0,0,0,0.0,1,0.787228672996865,replay_attempt,1
0,2,0,74.77110913994008,0,0,0,0.0,1,0.7306326768311289,replay_attempt,1
0,1,0,344.0404763276359,0,0,1,0.0,1,0.6843984038199058,late_verify,1
2,0,0,14.915714061543671,0,0,0,9.936729158240308,1,0.5590348323735622,benign_retry_then_success,0
0,1,1,50.40678640776723,0,1,0,0.0,1,0.5943976070261188,stale_after_reissue,1
0,1,0,10.936280361947773,0,0,0,0.0,0,0.436694026144613,benign_sms_normal,0
0,1,0,35.01024807078224,1,0,0,0.0,0,0.3738958237598864,cross_session,1
0,2,0,82.53845023949039,0,0,0,0.0,1,0.5037687145881624,replay_attempt,1
0,1,0,51.97488106477161,0,0,0,0.0,1,0.33760075560165803,benign_single_use,0
0,2,0,14.75147314744908,0,0,0,0.0,1,0.8310206280023815,replay_attempt,1
0,1,0,408.5596013211466,0,0,1,0.0,0,0.8875125004474276,late_verify,1
0,1,0,57.367415564999654,0,0,0,0.0,0,0.8405871822452207,benign_sms_normal,0
0,1,0,382.6396530530582,0,0,1,0.0,0,0.3729001088879177,late_verify,1
0,1,0,399.323228922736,0,0,1,0.0,0,0.99772967120101,late_verify,1
0,1,0,46.98628797788059,0,0,0,0.0,1,0.3450479972015777,benign_single_use,0
0,1,0,53.88490656553144,0,0,0,0.0,0,0.8603148686229156,benign_single_use,0
0,1,1,77.3056682459391,0,1,0,0.0,1,0.5091064674821022,stale_after_reissue,1
7,0,0,31.397652726711303,0,0,0,4.498923294040877,0,0.7482384347871387,brute_force,1
0,0,1,54.3318535508319,0,0,0,0.0,1,0.347347688152145,stale_after_reissue,1
0,1,0,58.27577603574744,0,0,0,0.0,1,0.9771893195888537,benign_single_use,0
0,2,0,56.902211988761856,0,0,0,0.0,0,0.8270200625604816,replay_attempt,1
0,1,0,12.85782901974716,0,0,0,0.0,0,0.6452465330074553,benign_single_use,0
0,1,0,307.3261794364326,0,0,1,0.0,0,0.3560135978686267,late_verify,1
0,1,0,84.20503845070078,0,0,0,0.0,0,0.6289929526334869,benign_sms_normal,0
0,1,0,24.712401087615255,1,0,0,0.0,0,0.7314149672364629,cross_session,1
0,1,0,49.07245294187242,0,0,0,0.0,1,0.46996065117169405,replay_attempt,1
0,1,1,21.46769167852092,0,1,0,0.0,1,0.7954777129188864,stale_after_reissue,1
0,1,0,311.42712645737794,0,0,1,0.0,0,0.9968683253433592,late_verify,1
0,0,1,30.5749904026932,0,0,0,0.0,1,0.47049798906388973,stale_after_reissue,1
0,1,0,74.24663261686618,0,0,0,0.0,1,0.8682418547688102,benign_sms_normal,0
0,0,1,50.099447127832505,0,0,0,0.0,0,0.39271597870094305,stale_after_reissue,1
0,1,0,39.40052488251081,0,0,0,0.0,1,0.6635632820339642,benign_single_use,0
0,1,0,41.27746962791702,1,0,0,0.0,1,0.5773027215618101,cross_session,1
0,1,0,391.47275887767546,0,0,1,0.0,1,0.6950473148643869,late_verify,1
0,1,0,44.97953864598,1,0,0,0.0,1,0.7936851849349253,cross_session,1
0,0,1,46.52236726450884,0,0,0,0.0,0,0.3522851840232063,stale_after_reissue,1
2,0,0,21.80911376633337,0,0,0,12.525587731797154,1,0.44133505297200526,benign_retry_then_success,0
0,2,0,55.998255122561176,0,0,0,0.0,0,0.8918639565147592,replay_attempt,1
0,1,0,36.128452208021876,0,0,0,0.0,0,0.4108895994134446,benign_sms_normal,0
2,0,0,21.806601312558374,0,0,0,12.501958118336212,1,0.5088617934655929,benign_retry_then_success,0
0,1,0,60.535964361257705,0,0,0,0.0,0,0.6846274245379609,benign_sms_normal,0
0,1,0,33.19372864294957,0,0,0,0.0,1,0.6313527092382257,benign_single_use,0
3,0,0,8.854835598956495,0,0,0,3.0953556436904996,0,0.3700738001370473,brute_force,1
0,1,0,89.56321930928176,0,0,0,0.0,1,0.9045200488979079,benign_sms_normal,0
0,1,0,7.383825237269516,0,0,0,0.0,1,0.8745455639288164,benign_single_use,0
0,1,0,48.66607599919958,0,0,0,0.0,1,0.6881149173975692,benign_sms_normal,0
0,2,0,33.235129326413556,0,0,0,0.0,0,0.8141036811251816,replay_attempt,1
0,1,1,73.18971258456959,0,1,0,0.0,1,0.8008807979822374,stale_after_reissue,1
0,1,0,40.04096272480312,0,0,0,0.0,0,0.5025912934892183,benign_single_use,0
1,1,0,13.720897048305394,0,0,0,0.0,0,0.7251698174006481,benign_retry_then_success,0
1,0,0,6.3721512900183415,0,0,0,0.0,0,0.45644903475187526,benign_retry_then_success,0
0,1,0,415.2178461194884,0,0,1,0.0,1,0.6447498940746649,late_verify,1
0,1,0,13.692766011536532,0,0,0,0.0,0,0.8899335993964124,benign_single_use,0
0,1,0,87.15048045851262,0,0,0,0.0,0,0.7119596436372382,benign_sms_normal,0
2,1,0,20.055652995203786,0,0,0,12.325832992884116,1,0.8885446692583023,benign_retry_then_success,0
1,0,0,12.998940465615892,0,0,0,0.0,1,0.39685948502552243,benign_retry_then_success,0
0,1,0,53.47637873951586,1,0,0,0.0,1,0.7448004909537584,cross_session,1
0,1,0,21.072930837260817,0,0,0,0.0,1,0.39357636648621347,benign_single_use,0
0,0,1,34.09558300404622,0,0,0,0.0,1,0.4848984645070183,stale_after_reissue,1
2,0,0,25.751774064297987,0,0,0,13.425620270322643,1,0.6260259672005517,benign_retry_then_success,0
0,1,0,46.0771692725001,1,0,0,0.0,0,0.5116401784995981,cross_session,1
1,1,0,25.640060716951275,0,0,0,0.0,0,0.9142170403270689,benign_retry_then_success,0
0,1,0,18.6278677941832,0,0,0,0.0,0,0.5166035802331446,benign_single_use,0
0,1,0,332.83639110561734,0,0,1,0.0,0,0.6868629492725526,late_verify,1
0,1,0,41.05836203437684,0,0,0,0.0,1,0.8852183425044087,benign_single_use,0
0,1,0,37.687756463302776,0,0,0,0.0,1,0.4034099937787481,benign_single_use,0
0,1,0,27.456291375000678,0,0,0,0.0,1,0.33994124185237284,benign_sms_normal,0
2,0,0,17.988953310101483,0,0,0,7.164371511643083,1,0.6205727071163265,benign_retry_then_success,0
0,1,0,41.569254739410304,0,0,0,0.0,0,0.7487450541806417,benign_sms_normal,0
0,1,0,380.4986622967231,0,0,1,0.0,0,0.5162039284406826,late_verify,1
0,1,0,18.225622352160844,0,0,0,0.0,0,0.6482917601215916,benign_sms_normal,0
0,1,0,18.235941156117043,0,0,0,0.0,1,0.840957317932618,benign_single_use,0
5,0,0,18.812160166568905,0,0,0,3.454019566328251,0,0.5414662822740461,brute_force,1
0,1,1,72.67569484568973,0,1,0,0.0,0,0.6774613903589741,stale_after_reissue,1
0,1,0,61.70305456223136,0,0,0,0.0,1,0.5563340268738377,benign_sms_normal,0
1,0,0,14.400413558449616,0,0,0,0.0,0,0.3757613057858077,benign_retry_then_success,0
2,1,0,31.274241944411123,0,0,0,9.863530053697662,1,0.7064743679564682,benign_retry_then_success,0
0,1,1,101.86099913767657,0,1,0,0.0,1,0.6188334649092164,stale_after_reissue,1
0,1,0,13.603585541835088,0,0,0,0.0,1,0.34267083372849916,benign_single_use,0
4,0,0,20.27146071969068,0,0,0,5.000241395886238,0,0.40948850647395874,brute_force,1
0,1,0,389.5180777789026,0,0,1,0.0,1,0.9641406836436486,late_verify,1
0,1,0,16.298714333044927,0,0,0,0.0,1,0.9148679186474862,benign_sms_normal,0
3,0,0,8.961431622369453,0,0,0,3.601501768393498,1,0.3871097694806951,brute_force,1
0,2,0,94.9879511409199,0,0,0,0.0,0,0.9386365505454461,replay_attempt,1
0,1,0,28.422660699648464,0,0,0,0.0,1,0.6173235582846048,benign_single_use,0
0,1,0,71.2365145675858,0,0,0,0.0,0,0.997666926699412,benign_sms_normal,0
0,1,0,347.7374752933232,0,0,1,0.0,0,0.3672539925204705,late_verify,1
0,1,0,32.617303374904715,0,0,0,0.0,0,0.6022936007942881,benign_single_use,0
2,0,0,9.034877803271087,0,0,0,3.331970170875743,0,0.3939181637148008,benign_retry_then_success,0
0,1,0,406.52990677439516,0,0,1,0.0,0,0.7445792413824799,late_verify,1
0,1,1,38.78057263630989,0,1,0,0.0,0,0.5326905937354485,stale_after_reissue,1
0,0,1,17.440774497499085,0,0,0,0.0,0,0.3955291151798823,stale_after_reissue,1
1,1,0,8.350022184993156,0,0,0,0.0,1,0.8676118125374379,benign_retry_then_success,0
0,1,0,39.42138080573425,0,0,0,0.0,1,0.5504121727910143,benign_single_use,0
5,0,0,9.883543404240754,0,0,0,1.9810180109034292,0,0.3815364311532469,brute_force,1
2,1,0,25.945071515620043,0,0,0,7.494593775065393,0,0.6762762043947395,benign_retry_then_success,0
1,1,0,15.007549142321537,0,0,0,0.0,0,0.8913110405167477,benign_retry_then_success,0
0,1,0,87.17317119358835,0,0,0,0.0,1,0.9858417121148191,benign_sms_normal,0
0,1,0,25.22425926578572,0,0,0,0.0,0,0.7202250290326512,benign_single_use,0
3,0,0,11.124040639073826,0,0,0,4.409090109495436,1,0.339158611782115,brute_force,1
0,2,0,28.313623310589712,0,0,0,0.0,0,0.5224880236139041,replay_attempt,1
0,1,0,301.64495617836553,0,0,1,0.0,0,0.6743613392262813,late_verify,1
0,1,0,40.2654406622328,0,0,0,0.0,0,0.807580982176084,benign_single_use,0
0,1,0,23.10565190858787,0,0,0,0.0,0,0.47283646668922563,benign_single_use,0
0,1,0,20.570351308862485,0,0,0,0.0,1,0.6115247070820724,benign_sms_normal,0
0,1,0,18.32021878427669,0,0,0,0.0,0,0.3671156763907598,benign_sms_normal,0
2,1,0,29.99785095215926,0,0,0,12.279600096112755,0,0.942896613528345,benign_retry_then_success,0
0,1,0,44.65291901046911,1,0,0,0.0,1,0.5509189518027933,cross_session,1
0,1,1,35.86619973778057,0,1,0,0.0,0,0.615896351096163,stale_after_reissue,1
5,0,0,20.471614006183433,0,0,0,3.7035298272024924,0,0.7566660937607053,brute_force,1
0,1,0,24.01333668579719,1,0,0,0.0,1,0.7889829797451982,cross_session,1
1,1,0,15.84382411655092,0,0,0,0.0,1,0.597880777634805,benign_retry_then_success,0
0,1,0,43.87280416301373,0,0,0,0.0,1,0.5514291144474142,benign_single_use,0
0,2,0,29.076193593732235,0,0,0,0.0,1,0.8679666660659353,replay_attempt,1
2,1,0,29.520384760312766,0,0,0,11.633503275984362,1,0.7360122597998545,benign_retry_then_success,0
0,1,0,76.38194802777544,0,0,0,0.0,1,0.39525061828340885,benign_sms_normal,0
6,0,0,20.231953763983523,0,0,0,3.8022456039043973,1,0.6911555086069177,brute_force,1
0,1,0,42.254504601330964,0,0,0,0.0,0,0.577036766934039,benign_single_use,0
0,1,0,6.726539095594367,0,0,0,0.0,0,0.8922353480249376,benign_single_use,0
7,0,0,21.041265135798522,0,0,0,3.0218870568009364,0,0.6955346123764917,brute_force,1
0,1,0,11.238733125129972,0,0,0,0.0,1,0.6398796861985963,benign_single_use,0
5,0,0,19.378846895034094,0,0,0,4.052525024454556,0,0.5945234563750454,brute_force,1
0,1,0,76.24419789929868,0,0,0,0.0,1,0.6961404382594086,benign_sms_normal,0
0,1,0,7.046332102839166,1,0,0,0.0,0,0.8541817016241211,cross_session,1
0,1,0,10.014324454301384,0,0,0,0.0,0,0.9562936246346168,benign_single_use,0
0,0,1,25.825049997801138,0,0,0,0.0,0,0.4433039715347887,stale_after_reissue,1
0,1,0,343.4850585810716,0,0,1,0.0,0,0.938889993519177,late_verify,1
0,0,1,11.090707714998052,0,0,0,0.0,1,0.4717298563568397,stale_after_reissue,1
5,0,0,15.625099515756675,0,0,0,3.5883870341132846,1,0.6229210262117207,brute_force,1
0,1,0,37.654528885359184,0,0,0,0.0,0,0.3180718959480293,benign_single_use,0
0,1,0,16.55908393707714,0,0,0,0.0,0,0.7594919865625134,benign_single_use,0
5,0,0,16.764951531427215,0,0,0,2.9790454397765047,1,0.5341540319584696,brute_force,1
2,0,0,28.035962263376383,0,0,0,13.893624633149516,1,0.3921737264260103,benign_retry_then_success,0
6,0,0,21.569336935564195,0,0,0,3.469493858934352,1,0.8057701756332687,brute_force,1
0,1,1,94.34007662142605,0,1,0,0.0,0,0.5445774975576796,stale_after_reissue,1
0,1,0,76.90566512349469,0,0,0,0.0,1,0.9664221889872573,benign_sms_normal,0
0,1,0,63.80805528764824,0,0,0,0.0,0,0.654081767589568,benign_sms_normal,0
2,0,0,19.068802696249847,0,0,0,10.203916704212599,0,0.5649546175420412,benign_retry_then_success,0
0,1,1,50.555288960973826,0,1,0,0.0,0,0.8925777185463604,stale_after_reissue,1
0,1,0,39.25914652697305,0,0,0,0.0,1,0.4748772715562725,benign_sms_normal,0
2,0,0,17.744385857321767,0,0,0,8.63387438039832,0,0.5653329495823347,benign_retry_then_success,0
1,1,0,16.376747634384504,0,0,0,0.0,1,0.9111216397185367,benign_retry_then_success,0
0,1,1,48.32394828187499,0,1,0,0.0,0,0.7465466247205763,stale_after_reissue,1
0,1,1,75.68900222150236,0,1,0,0.0,1,0.7821660021594137,stale_after_reissue,1
0,1,0,46.97686646846848,1,0,0,0.0,1,0.6032333889451339,cross_session,1
0,1,0,32.493491560127524,1,0,0,0.0,0,0.5297245612238302,cross_session,1
0,1,0,45.12478855694071,0,0,0,0.0,0,0.543737352708404,benign_sms_normal,0
6,0,0,18.74456630056086,0,0,0,3.419864337213915,1,0.49900907908806214,brute_force,1
0,1,0,21.284835526002887,1,0,0,0.0,0,0.9130080261665097,cross_session,1
0,1,0,43.815592983322794,0,0,0,0.0,1,0.9103929046067198,benign_single_use,0
1,0,0,5.079921555551467,0,0,0,0.0,1,0.4930034285326774,benign_retry_then_success,0
5,0,0,12.082625751552563,0,0,0,2.5186065310704393,0,0.41276090799692966,brute_force,1
0,1,0,5.132626858742269,0,0,0,0.0,0,0.4362771878033656,replay_attempt,1
0,1,0,22.744216564920972,0,0,0,0.0,1,0.7543679082344728,benign_sms_normal,0
7,0,0,24.41890360051258,0,0,0,3.2710221049066086,0,0.7836322266212673,brute_force,1
0,1,0,34.03011775439272,0,0,0,0.0,0,0.7686361317491199,benign_single_use,0
0,1,0,6.914101569595976,0,0,0,0.0,0,0.38011688801892285,benign_sms_normal,0
0,1,0,30.66886355451506,0,0,0,0.0,0,0.39552314114969384,benign_single_use,0
0,1,0,313.98170567762094,0,0,1,0.0,1,0.9416619721370139,late_verify,1
2,1,0,29.105228419027277,0,0,0,6.770369837625681,1,0.7025105290979525,benign_retry_then_success,0
0,1,0,82.4252592631258,0,0,0,0.0,0,0.8865857887638473,benign_sms_normal,0
0,1,1,55.44736927409899,0,1,0,0.0,1,0.6280495794389771,stale_after_reissue,1
0,1,0,46.834497766111404,0,0,0,0.0,1,0.5067194551413257,benign_single_use,0
0,1,0,20.045212243957355,0,0,0,0.0,1,0.7671066932113396,benign_single_use,0
0,1,0,45.12331041452577,0,0,0,0.0,1,0.8066598359190502,benign_sms_normal,0
0,1,0,327.7712214876913,0,0,1,0.0,0,0.8171901321531294,late_verify,1
0,2,0,42.79021154723142,0,0,0,0.0,1,0.898718167512081,replay_attempt,1
0,1,0,57.46816944307879,0,0,0,0.0,1,0.9063693438302953,benign_single_use,0
0,1,0,38.39642531434762,1,0,0,0.0,0,0.9942390939768926,cross_session,1
0,1,0,306.40625981867254,0,0,1,0.0,1,0.8532201568208198,late_verify,1
0,1,0,18.574708984605692,0,0,0,0.0,0,0.5433704214626629,benign_single_use,0
0,1,0,52.76747208892321,1,0,0,0.0,0,0.8144479121443895,cross_session,1
0,1,0,53.86770717344138,0,0,0,0.0,1,0.4781830482502064,benign_single_use,0
1,1,0,21.025353998786336,0,0,0,0.0,0,0.7653565655365088,benign_retry_then_success,0
0,1,0,77.06974413889073,0,0,0,0.0,1,0.3085719660535757,benign_sms_normal,0
1,1,0,17.52570551471083,0,0,0,0.0,0,0.9403896440918424,benign_retry_then_success,0
0,1,0,36.85929379415333,0,0,0,0.0,0,0.914223768020326,benign_single_use,0
0,1,0,56.853492027021424,1,0,0,0.0,0,0.3326528329810289,cross_session,1
0,1,0,53.90505772678901,0,0,0,0.0,1,0.8504731614916212,benign_sms_normal,0
0,1,0,46.36588130060983,0,0,0,0.0,1,0.4046533266881375,benign_single_use,0
0,1,0,45.240644961601255,0,0,0,0.0,0,0.7558693501478768,benign_single_use,0
0,1,0,58.29361967825725,0,0,0,0.0,0,0.3311202335054664,replay_attempt,1
0,1,0,34.1069826212562,0,0,0,0.0,0,0.9996425830062101,benign_sms_normal,0
0,1,0,33.21068676554348,0,0,0,0.0,0,0.35852376948178394,benign_single_use,0
0,1,0,59.58107468516665,0,0,0,0.0,0,0.7932469632511081,benign_single_use,0
6,0,0,21.11238142283678,0,0,0,3.850838771938507,1,0.6625942407878668,brute_force,1
0,2,0,30.215501835568737,0,0,0,0.0,0,0.8051350745209767,replay_attempt,1
0,1,1,68.4285601407401,0,1,0,0.0,0,0.8879119979122174,stale_after_reissue,1
4,0,0,15.275318508105556,0,0,0,4.123465196198672,1,0.5469140829822364,brute_force,1
0,1,0,29.099805991371742,0,0,0,0.0,1,0.7832318829493361,benign_single_use,0
0,1,0,32.59437542687141,1,0,0,0.0,1,0.7316043364897942,cross_session,1
0,1,1,73.7071900886638,0,1,0,0.0,0,0.724475996356315,stale_after_reissue,1
0,2,0,58.21767296341298,0,0,0,0.0,0,0.8303300645103386,replay_attempt,1
0,1,0,74.76254184612334,0,0,0,0.0,0,0.7212312279416395,benign_sms_normal,0
0,1,0,14.792656239165492,1,0,0,0.0,1,0.6353129201197458,cross_session,1
0,2,0,92.99681195733416,0,0,0,0.0,1,0.6595890329289487,replay_attempt,1
0,1,0,63.90289286693512,0,0,0,0.0,0,0.6043607591849491,benign_sms_normal,0
0,1,0,34.67202163663896,0,0,0,0.0,1,0.47108213043463343,benign_sms_normal,0
0,0,1,10.134043512436957,0,0,0,0.0,0,0.3121975369018365,stale_after_reissue,1
6,0,0,16.966629459925755,0,0,0,3.03346311607567,1,0.8006435030255024,brute_force,1
0,1,0,11.138882566968565,0,0,0,0.0,0,0.9897071462653744,benign_single_use,0
0,1,0,27.6559259653033,1,0,0,0.0,0,0.8961546516341261,cross_session,1
0,1,0,49.46747337399031,0,0,0,0.0,0,0.3020099177663691,replay_attempt,1
0,1,0,5.689436532316124,0,0,0,0.0,0,0.9368545986805568,benign_single_use,0
0,1,0,16.08742309742997,1,0,0,0.0,1,0.7899623298000453,cross_session,1
0,1,0,8.325496565895072,1,0,0,0.0,1,0.9165925715674008,cross_session,1
0,1,0,332.28677458333243,0,0,1,0.0,0,0.3854334598274179,late_verify,1
0,0,1,48.66354774403391,0,0,0,0.0,1,0.31658459272141787,stale_after_reissue,1
0,0,1,23.64675680436185,0,0,0,0.0,1,0.3699683034479119,stale_after_reissue,1
0,1,0,6.413707436640085,0,0,0,0.0,0,0.9416479021676187,benign_single_use,0
0,1,0,59.40793869597582,0,0,0,0.0,1,0.7686155554933605,benign_single_use,0
0,1,0,362.9894720885514,0,0,1,0.0,1,0.5638420039188862,late_verify,1
2,1,0,27.53658575716897,0,0,0,8.09071940439885,1,0.9184720707361849,benign_retry_then_success,0
0,1,0,19.02922187382828,0,0,0,0.0,1,0.8009404650431424,benign_single_use,0
0,1,0,31.23480844949099,1,0,0,0.0,1,0.434598783299592,cross_session,1
0,1,1,54.21835290303805,0,1,0,0.0,0,0.6045603687727423,stale_after_reissue,1
1,0,0,8.228275848574476,0,0,0,0.0,1,0.3252438966078078,benign_retry_then_success,0
0,1,0,41.32925815118656,0,0,0,0.0,0,0.9213977609293897,benign_single_use,0
2,1,0,27.211592749382262,0,0,0,7.233713234734314,0,0.9201825791648803,benign_retry_then_success,0
1,1,0,12.118284636257695,0,0,0,0.0,0,0.9246639727695967,benign_retry_then_success,0
0,0,1,20.369198499571038,0,0,0,0.0,0,0.3862124101110226,stale_after_reissue,1
2,0,0,16.285307938831018,0,0,0,10.476066864932278,1,0.3856765948333254,benign_retry_then_success,0
0,2,0,40.51702927602146,0,0,0,0.0,0,0.6721061476981203,replay_attempt,1
0,1,0,13.509814445488201,1,0,0,0.0,0,0.8994441009436291,cross_session,1
0,1,0,58.57833790168363,0,0,0,0.0,0,0.7387411529726499,benign_sms_normal,0
0,1,0,76.44899684225362,0,0,0,0.0,1,0.7376503527554659,benign_sms_normal,0
0,2,0,43.049289805353666,0,0,0,0.0,0,0.5928751685364104,replay_attempt,1
0,1,0,26.419469896144165,0,0,0,0.0,0,0.324200164322762,benign_single_use,0
0,1,0,46.35488361071192,0,0,0,0.0,0,0.7045618999867377,benign_single_use,0
0,0,1,51.97460710113971,0,0,0,0.0,1,0.368799199099573,stale_after_reissue,1
0,1,0,5.811109579573083,1,0,0,0.0,1,0.7177866265507329,cross_session,1
0,1,0,55.878432345258425,0,0,0,0.0,0,0.5534857715932138,benign_sms_normal,0
0,1,0,5.4653835499131995,0,0,0,0.0,0,0.3664034210778318,benign_single_use,0
0,1,0,33.92258770293823,0,0,0,0.0,0,0.6188243101211994,benign_single_use,0
5,0,0,17.390869477982626,0,0,0,3.758988017725993,1,0.5895621894856036,brute_force,1
0,1,0,8.73759179895035,0,0,0,0.0,0,0.7137579753263992,benign_sms_normal,0
0,1,1,61.73619569302847,0,1,0,0.0,1,0.8824478852136177,stale_after_reissue,1
0,2,0,66.97873466320257,0,0,0,0.0,0,0.5439539750170395,replay_attempt,1
1,1,0,23.922016127871096,0,0,0,0.0,1,0.5696204202412151,benign_retry_then_success,0
0,2,0,53.990612965118316,0,0,0,0.0,0,0.5664640493911486,replay_attempt,1
8,0,0,29.863864395996014,0,0,0,4.07994714750228,0,0.8000394710461636,brute_force,1
0,1,0,39.749085049349915,1,0,0,0.0,1,0.6888660349740847,cross_session,1
0,1,0,35.564167300776816,1,0,0,0.0,1,0.41067125226054085,cross_session,1
1,1,0,16.47195773983622,0,0,0,0.0,0,0.9194790009909242,benign_retry_then_success,0
0,2,0,72.04801309068915,0,0,0,0.0,1,0.5970557026044956,replay_attempt,1
0,1,0,20.718586241082832,1,0,0,0.0,1,0.5366599069337683,cross_session,1
0,1,0,32.59926482918374,0,0,0,0.0,0,0.43458209388854696,benign_single_use,0
0,1,0,11.792844153660145,1,0,0,0.0,1,0.9783607093192472,cross_session,1
2,1,0,22.171937105856603,0,0,0,3.400829556760492,1,0.6908302207849959,benign_retry_then_success,0
0,1,0,52.36831244210074,1,0,0,0.0,0,0.7339794764314973,cross_session,1
0,1,0,57.564207222202356,0,0,0,0.0,1,0.4802289252599669,benign_sms_normal,0
0,1,0,39.06120064155154,0,0,0,0.0,1,0.41362863493634033,benign_sms_normal,0
0,1,0,59.085891814705064,0,0,0,0.0,0,0.9270561477923971,benign_single_use,0
0,1,0,59.482886094607345,1,0,0,0.0,1,0.8059797834294744,cross_session,1
2,0,0,9.61738959249723,0,0,0,5.66018988267049,0,0.44127294549413165,benign_retry_then_success,0
0,1,0,36.52955321034156,0,0,0,0.0,0,0.796460290254039,benign_sms_normal,0
0,1,0,317.60159532195854,0,0,1,0.0,0,0.535848793391476,late_verify,1
0,1,0,16.82619286187441,0,0,0,0.0,0,0.452199900553689,replay_attempt,1
0,1,0,12.243842441004942,0,0,0,0.0,1,0.5273296506286641,benign_sms_normal,0
1,1,0,12.732325863038895,0,0,0,0.0,0,0.7539987433550643,benign_retry_then_success,0
0,1,0,368.50368008344117,0,0,1,0.0,1,0.6065325076979642,late_verify,1
5,0,0,13.204751702671668,0,0,0,2.426103267159651,0,0.7565250237039556,brute_force,1
1,1,0,28.73222109244681,0,0,0,0.0,0,0.5979149977259255,benign_retry_then_success,0
0,1,0,38.473755630836294,1,0,0,0.0,0,0.7397350481497654,cross_session,1
1,0,0,3.7650208370076363,0,0,0,0.0,0,0.4080935996155636,benign_retry_then_success,0
0,1,0,5.761620528568236,0,0,0,0.0,1,0.7213004174654252,benign_single_use,0
0,1,0,343.8463221718012,0,0,1,0.0,1,0.6689686624207237,late_verify,1
0,1,0,31.270859323898705,1,0,0,0.0,1,0.8719719952329263,cross_session,1
0,1,0,49.464717632106236,0,0,0,0.0,1,0.9911381145393592,benign_single_use,0
0,2,0,65.48413234501452,0,0,0,0.0,0,0.8179117333830541,replay_attempt,1
5,0,0,18.144186541168626,0,0,0,3.8493945412470874,1,0.4823621836347725,brute_force,1
0,1,0,337.7673755467086,0,0,1,0.0,1,0.9823315334819271,late_verify,1
0,2,0,65.0457430283933,0,0,0,0.0,0,0.7507705626264267,replay_attempt,1
5,0,0,15.522186608989067,0,0,0,2.926209782169165,1,0.7176063187662041,brute_force,1
0,1,1,91.52927714583186,0,1,0,0.0,0,0.8000095885351797,stale_after_reissue,1
0,1,0,37.74660286938009,1,0,0,0.0,1,0.9769505396478708,cross_session,1
0,2,0,69.00095245822277,0,0,0,0.0,0,0.6340542876680516,replay_attempt,1
0,1,0,25.06112241598865,0,0,0,0.0,1,0.9363868497474714,benign_single_use,0
0,2,0,38.566671924904306,0,0,0,0.0,0,0.5771948139662585,replay_attempt,1
3,0,0,9.543408333793698,0,0,0,2.9270881389825956,1,0.3189979712189262,brute_force,1
0,1,1,91.13141824556735,0,1,0,0.0,1,0.9781696069842101,stale_after_reissue,1
0,1,0,20.092584356066794,0,0,0,0.0,1,0.836514706856393,benign_single_use,0
0,1,0,37.87603467250262,0,0,0,0.0,1,0.3036272248847503,replay_attempt,1
0,1,0,316.2251036562772,0,0,1,0.0,0,0.4803567439434415,late_verify,1
0,1,1,99.45112725846144,0,1,0,0.0,0,0.8144601690133788,stale_after_reissue,1
0,1,0,403.79926786707694,0,0,1,0.0,0,0.8194348273246443,late_verify,1
0,1,0,55.88639515890311,0,0,0,0.0,0,0.6700021009735235,benign_sms_normal,0
6,0,0,18.225771989018867,0,0,0,2.6335837017749304,1,0.5670791554395272,brute_force,1
2,0,0,24.481024209071638,0,0,0,14.840543748375374,0,0.536091080602486,benign_retry_then_success,0
0,1,0,13.538743492814369,0,0,0,0.0,0,0.6655237991942122,benign_sms_normal,0
1,0,0,10.345373230982085,0,0,0,0.0,0,0.30066873339643635,benign_retry_then_success,0
0,2,0,20.12558725087036,0,0,0,0.0,0,0.7381387817557713,replay_attempt,1
0,1,0,45.619238496139694,0,0,0,0.0,0,0.9209158133908684,benign_single_use,0
0,1,0,21.77869490385736,0,0,0,0.0,0,0.3597076028779355,benign_sms_normal,0
0,1,0,415.47290510842004,0,0,1,0.0,0,0.9736416412254985,late_verify,1
1,1,0,15.620384084717593,0,0,0,0.0,0,0.9857637161588944,benign_retry_then_success,0
0,1,0,28.615398163509806,0,0,0,0.0,1,0.38754481615681347,benign_single_use,0
0,1,0,52.12018960560854,0,0,0,0.0,0,0.39825270101973087,benign_single_use,0
0,1,0,321.2938704079771,0,0,1,0.0,0,0.3086353151144441,late_verify,1
0,1,0,8.400592838390105,0,0,0,0.0,0,0.5637379299077145,benign_single_use,0
0,1,0,85.52761549465019,0,0,0,0.0,1,0.5989107921359484,benign_sms_normal,0
6,0,0,18.6833496571653,0,0,0,3.3196236282748,1,0.9954259831962589,brute_force,1
0,2,0,90.3176488723816,0,0,0,0.0,0,0.8872254635154961,replay_attempt,1
0,1,0,58.76950207859555,0,0,0,0.0,1,0.8297248687156522,benign_sms_normal,0
0,1,0,19.936095379924268,0,0,0,0.0,1,0.426783571434577,benign_single_use,0
0,2,0,70.36205485663031,0,0,0,0.0,0,0.8383239593932312,replay_attempt,1
0,1,0,27.39658990013465,0,0,0,0.0,1,0.6352163492544602,benign_sms_normal,0
1,0,0,3.1229443246017534,0,0,0,0.0,0,0.479281387400235,benign_retry_then_success,0
0,1,0,333.1918320085139,0,0,1,0.0,1,0.33133864299189075,late_verify,1
0,1,0,53.296112478333114,0,0,0,0.0,1,0.5362360161521312,benign_sms_normal,0
0,1,0,37.14158460637374,0,0,0,0.0,1,0.7753793566004474,benign_single_use,0
10,0,0,36.85800815385012,0,0,0,3.4862342117899465,1,0.9984301199630023,brute_force,1
0,1,1,81.6094537733653,0,1,0,0.0,0,0.5132174459296286,stale_after_reissue,1
0,1,0,316.52563901791893,0,0,1,0.0,0,0.5956452580842024,late_verify,1
8,0,0,24.157754950360445,0,0,0,3.211129714294084,0,0.8963969265936347,brute_force,1
0,1,0,341.3760560545043,0,0,1,0.0,1,0.8346619966311679,late_verify,1
0,1,0,52.47089973949677,0,0,0,0.0,0,0.8142924422297098,benign_sms_normal,0
7,0,0,28.54109762383314,0,0,0,3.916251377503649,1,0.5921910776389907,brute_force,1
0,1,0,15.823955331277515,0,0,0,0.0,1,0.31526334444636395,replay_attempt,1
1,0,0,11.825344029339975,0,0,0,0.0,0,0.3040116304991849,benign_retry_then_success,0
0,1,0,55.72832370734182,0,0,0,0.0,1,0.5275652141568017,benign_single_use,0
0,1,0,352.93353894911445,0,0,1,0.0,0,0.7829580207284509,late_verify,1
1,1,0,13.96060904310994,0,0,0,0.0,0,0.5274510078478483,benign_retry_then_success,0
0,1,0,33.96470132848737,0,0,0,0.0,1,0.48960418210674794,benign_single_use,0
0,1,0,32.09893159419809,1,0,0,0.0,1,0.8571823995962196,cross_session,1
0,1,0,80.13264570717854,0,0,0,0.0,1,0.7933578567994315,benign_sms_normal,0
0,1,0,36.815576257110145,0,0,0,0.0,1,0.5407357368254446,benign_sms_normal,0
4,0,0,11.965651561427077,0,0,0,2.6443741331872777,1,0.3477841738863304,brute_force,1
0,1,0,20.133995232400604,1,0,0,0.0,1,0.4369547455411761,cross_session,1
0,1,0,15.897747488759682,0,0,0,0.0,0,0.3949384179560799,replay_attempt,1
0,1,0,6.478930217064091,1,0,0,0.0,1,0.5235031697121098,cross_session,1
0,1,0,89.036274709857,0,0,0,0.0,0,0.5120974104320521,benign_sms_normal,0
0,1,0,25.561909764191967,0,0,0,0.0,1,0.7240942267321044,benign_single_use,0
2,1,0,32.454314694906905,0,0,0,8.784718779352652,1,0.6983292440109046,benign_retry_then_success,0
0,1,0,43.69729914480407,0,0,0,0.0,0,0.874045141616097,benign_single_use,0
2,1,0,31.353689052156508,0,0,0,5.363456035985898,1,0.7206658710448363,benign_retry_then_success,0
0,1,0,402.55592599110906,0,0,1,0.0,1,0.7276109522324139,late_verify,1
0,1,0,7.687294871692699,1,0,0,0.0,1,0.6138120088309902,cross_session,1
0,1,0,9.33108813477304,0,0,0,0.0,1,0.9187945975057297,benign_sms_normal,0
0,1,0,366.05542117677385,0,0,1,0.0,1,0.315683825627597,late_verify,1
0,1,0,339.12509619686017,0,0,1,0.0,0,0.7402367332319172,late_verify,1
2,0,0,27.340617519407637,0,0,0,14.020332124806197,1,0.46759948642677207,benign_retry_then_success,0
0,1,0,69.33165866176162,0,0,0,0.0,1,0.5746917951519378,benign_sms_normal,0
2,0,0,23.501200672154184,0,0,0,11.623901132941464,1,0.4107751266580426,benign_retry_then_success,0
9,0,0,29.990165849191555,0,0,0,3.0528065759283263,0,0.7809382082775433,brute_force,1
0,1,0,40.36938227292779,0,0,0,0.0,1,0.6194176857236424,benign_single_use,0
0,1,0,53.34743817599503,1,0,0,0.0,1,0.6339890595406745,cross_session,1
1,0,0,3.8710971158839826,0,0,0,0.0,1,0.3884882205492872,benign_retry_then_success,0
1,1,0,14.190575015773875,0,0,0,0.0,0,0.7326063772677,benign_retry_then_success,0
0,1,0,52.815213077899664,0,0,0,0.0,1,0.9795828548999947,benign_single_use,0
0,1,0,22.986084178952222,0,0,0,0.0,0,0.3332374544447605,benign_single_use,0
8,0,0,29.60856762346966,0,0,0,3.4224796474235473,0,0.9199471391405569,brute_force,1
2,0,0,21.489343401493514,0,0,0,13.82077701556755,0,0.6417763231969096,benign_retry_then_success,0
0,1,0,35.074927754947396,0,0,0,0.0,1,0.4995370810729922,benign_single_use,0
0,1,0,7.994223506692428,1,0,0,0.0,1,0.5198538421307002,cross_session,1
0,1,0,357.73137639008405,0,0,1,0.0,0,0.4850213766316887,late_verify,1
0,1,0,7.026977623926845,0,0,0,0.0,0,0.41035259543849933,benign_single_use,0
0,1,1,56.18358957001843,0,1,0,0.0,1,0.7958941021883696,stale_after_reissue,1
0,2,0,47.1114232681191,0,0,0,0.0,0,0.6353450552096596,replay_attempt,1
0,1,0,50.28549252538608,1,0,0,0.0,1,0.42894539998251235,cross_session,1
7,0,0,32.60197599775553,0,0,0,4.614053756625729,0,0.5980617895021052,brute_force,1
2,0,0,21.887174872437722,0,0,0,14.339961934732058,0,0.3833429011676094,benign_retry_then_success,0
0,1,0,35.21752202370763,0,0,0,0.0,1,0.3899757305726664,benign_single_use,0
0,1,0,19.34459057406491,0,0,0,0.0,0,0.3099491207022494,benign_single_use,0
0,1,0,45.60754153238199,0,0,0,0.0,0,0.8988035827459027,benign_single_use,0
0,1,1,82.55968412075315,0,1,0,0.0,0,0.838538315645112,stale_after_reissue,1
0,1,0,26.655571778598713,0,0,0,0.0,1,0.5249138170195733,benign_sms_normal,0
0,1,0,302.62775866856765,0,0,1,0.0,0,0.9715800596900321,late_verify,1
0,1,0,37.403703442502334,1,0,0,0.0,1,0.4480297936276734,cross_session,1
0,1,0,10.233688537262022,1,0,0,0.0,0,0.7164960605819441,cross_session,1
0,1,0,50.95624960156325,1,0,0,0.0,1,0.44426382524239744,cross_session,1
0,1,0,13.204507640979807,0,0,0,0.0,1,0.37393485505761315,benign_sms_normal,0
1,0,0,8.956869653517597,0,0,0,0.0,0,0.4307081314136026,benign_retry_then_success,0
0,1,0,18.72936420047657,0,0,0,0.0,1,0.7195645774055032,benign_sms_normal,0
0,0,1,40.6339060914738,0,0,0,0.0,1,0.393943938693755,stale_after_reissue,1
0,1,1,36.07028086744208,0,1,0,0.0,0,0.550426793338977,stale_after_reissue,1
0,1,0,53.40307994544317,0,0,0,0.0,0,0.8732599939717058,benign_single_use,0
0,1,1,18.279266820272277,0,1,0,0.0,1,0.7577215004982847,stale_after_reissue,1
0,1,0,30.99776665395784,1,0,0,0.0,0,0.6424045717665925,cross_session,1
2,1,0,32.72865348710981,0,0,0,10.238148358939078,0,0.676939226663328,benign_retry_then_success,0
2,1,0,23.98492210940303,0,0,0,10.837496010647293,1,0.7007016595735245,benign_retry_then_success,0
0,1,0,54.84186551010619,1,0,0,0.0,0,0.966948904702815,cross_session,1
0,1,0,14.910679553992248,0,0,0,0.0,1,0.8469131620958958,benign_single_use,0
0,1,0,14.753351481320244,0,0,0,0.0,1,0.8697796687232022,benign_single_use,0
1,1,0,16.9042417411425,0,0,0,0.0,1,0.6360997281801077,benign_retry_then_success,0
0,1,0,54.958543241986504,0,0,0,0.0,0,0.6520258955354715,benign_single_use,0
0,1,0,35.25698762998805,0,0,0,0.0,1,0.8381721052849112,benign_single_use,0
0,1,0,19.53768871417421,0,0,0,0.0,0,0.3136849801500811,benign_single_use,0
0,1,0,303.5766921288124,0,0,1,0.0,0,0.9629438493239999,late_verify,1
0,1,0,14.190893918884948,0,0,0,0.0,0,0.9292618222328546,benign_sms_normal,0
0,1,0,23.273448347114833,1,0,0,0.0,1,0.6515945382662525,cross_session,1
0,1,0,32.584750165494235,1,0,0,0.0,0,0.8126768032784895,cross_session,1
1,1,0,21.217146013729987,0,0,0,0.0,0,0.9751175975551751,benign_retry_then_success,0
0,1,0,57.82906571954577,0,0,0,0.0,1,0.7085484723843665,benign_sms_normal,0
2,0,0,15.091911298165543,0,0,0,11.379556735058461,1,0.6587362535869192,benign_retry_then_success,0
0,1,0,35.826495917846444,0,0,0,0.0,0,0.313786047519044,benign_sms_normal,0
0,0,1,24.348904390298244,0,0,0,0.0,0,0.4168097836558975,stale_after_reissue,1
0,1,0,47.928233676694994,0,0,0,0.0,0,0.8399014886662399,benign_single_use,0
0,1,0,19.650972434673644,0,0,0,0.0,0,0.37763586954442846,benign_sms_normal,0
5,0,0,18.354299927169098,0,0,0,4.281646940140876,0,0.5684863278538165,brute_force,1
2,0,0,16.273604466713657,0,0,0,6.664151390744831,0,0.3382460395316015,benign_retry_then_success,0
0,1,0,53.631552286075234,0,0,0,0.0,1,0.7698963002297169,benign_single_use,0
0,1,0,23.79872063262089,0,0,0,0.0,0,0.7781536208104458,benign_sms_normal,0
0,1,1,74.23171307751183,0,1,0,0.0,0,0.9253630711186265,stale_after_reissue,1
0,1,0,29.918107680569058,0,0,0,0.0,1,0.38421879731744424,benign_sms_normal,0
1,1,0,17.04601930338457,0,0,0,0.0,0,0.7437163287453905,benign_retry_then_success,0
0,1,0,60.26110094033367,0,0,0,0.0,0,0.964946069915666,benign_sms_normal,0
0,1,0,24.760309029793188,1,0,0,0.0,0,0.3061002881287136,cross_session,1
0,1,1,9.594584320317502,0,1,0,0.0,1,0.5568786458744563,stale_after_reissue,1
9,0,0,31.274461575518416,0,0,0,3.6840049448948884,0,0.8748342657335326,brute_force,1
5,0,0,19.476938204663732,0,0,0,3.5092888227961807,1,0.6588333115272138,brute_force,1
0,1,0,407.7812905273388,0,0,1,0.0,1,0.9899449987596984,late_verify,1
0,1,0,22.745185388912518,1,0,0,0.0,0,0.9275936379442156,cross_session,1
1,1,0,18.998244961206296,0,0,0,0.0,1,0.5822689242412912,benign_retry_then_success,0
0,1,1,62.87816466373536,0,1,0,0.0,1,0.8083459663967696,stale_after_reissue,1
0,0,1,45.803909676101114,0,0,0,0.0,1,0.3966432102663333,stale_after_reissue,1
0,1,0,9.694190990196018,0,0,0,0.0,0,0.9633888250257368,benign_sms_normal,0
0,1,1,82.6218468012968,0,1,0,0.0,1,0.7913740218614849,stale_after_reissue,1
0,1,0,54.04283140160438,0,0,0,0.0,1,0.3814289701992406,benign_sms_normal,0
4,0,0,13.628575794533493,0,0,0,2.6274717113038975,1,0.4777182129581235,brute_force,1
0,1,0,22.442205761045994,0,0,0,0.0,0,0.790179479210628,benign_single_use,0
0,1,0,23.907860478292346,0,0,0,0.0,1,0.6697617488435096,benign_sms_normal,0
6,0,0,23.238477280815147,0,0,0,3.6859338508409465,0,0.7578489083408353,brute_force,1
0,1,1,76.55127082665297,0,1,0,0.0,0,0.5575004096212819,stale_after_reissue,1
2,0,0,19.989623391401807,0,0,0,5.0864704807858985,1,0.5810996676623077,benign_retry_then_success,0
0,2,0,46.15703248142488,0,0,0,0.0,0,0.974560209827555,replay_attempt,1
0,1,0,89.73816363780945,0,0,0,0.0,1,0.7688600666266804,benign_sms_normal,0
0,1,0,402.2373342780603,0,0,1,0.0,0,0.316663414485437,late_verify,1
0,1,1,65.72177304745341,0,1,0,0.0,1,0.5580362077067711,stale_after_reissue,1
0,1,0,28.30841867359573,0,0,0,0.0,0,0.585847936793531,benign_single_use,0
0,2,0,51.20299174083925,0,0,0,0.0,0,0.8811763363121028,replay_attempt,1
0,1,0,36.7704720616274,0,0,0,0.0,0,0.4120313089973716,benign_single_use,0
2,0,0,18.836671605583476,0,0,0,8.129099367274726,1,0.4266668312569053,benign_retry_then_success,0
0,1,0,380.26960145387477,0,0,1,0.0,1,0.6043752064475403,late_verify,1
2,1,0,15.656941404290157,0,0,0,6.284264627503014,1,0.6779431674206371,benign_retry_then_success,0
0,1,0,47.30114387496636,0,0,0,0.0,1,0.6064526264369299,benign_single_use,0
0,1,0,8.122956872478762,0,0,0,0.0,1,0.5794559076417458,benign_single_use,0
0,1,0,26.6247178072308,1,0,0,0.0,1,0.3825128295298719,cross_session,1
0,1,0,13.361974923201398,0,0,0,0.0,1,0.758454728789649,benign_single_use,0
0,1,1,39.365100415472206,0,1,0,0.0,0,0.8763309900996965,stale_after_reissue,1
0,2,0,34.710488696753764,0,0,0,0.0,1,0.6083541826170822,replay_attempt,1
0,1,0,355.4832210257118,0,0,1,0.0,1,0.8713691982237908,late_verify,1
0,1,1,70.45710233378644,0,1,0,0.0,0,0.7512312210865613,stale_after_reissue,1
7,0,0,28.647711181520002,0,0,0,3.893911715583616,0,0.6958049891791415,brute_force,1
0,0,1,56.813725351924774,0,0,0,0.0,0,0.49684937551487524,stale_after_reissue,1
1,1,0,19.26031842537308,0,0,0,0.0,0,0.9844235073503071,benign_retry_then_success,0
0,1,0,10.09452948080855,1,0,0,0.0,0,0.361717674846911,cross_session,1
0,1,0,63.144381003494956,0,0,0,0.0,1,0.5993242051022549,benign_sms_normal,0
0,1,0,16.085576021923725,0,0,0,0.0,0,0.7946754515330722,benign_single_use,0
4,0,0,14.359840376122715,0,0,0,3.611755563423168,1,0.46732781950594926,brute_force,1
1,1,0,13.071345092703227,0,0,0,0.0,1,0.7443881533114141,benign_retry_then_success,0
4,0,0,12.609026098852413,0,0,0,2.409679800701919,1,0.6383793195215542,brute_force,1
0,1,0,42.735008914291235,0,0,0,0.0,0,0.8467233852866956,benign_single_use,0
0,2,0,13.735421450226518,0,0,0,0.0,0,0.7121509220923435,replay_attempt,1
0,1,0,18.787564422998244,1,0,0,0.0,1,0.6878497678239439,cross_session,1
0,2,0,80.22972831265807,0,0,0,0.0,0,0.6189878020148285,replay_attempt,1
0,1,0,36.79215863559625,1,0,0,0.0,1,0.5222884257213011,cross_session,1
0,1,0,16.376879893583343,0,0,0,0.0,1,0.8531926869519657,benign_single_use,0
0,1,0,396.71780105398886,0,0,1,0.0,0,0.43000991009268363,late_verify,1
0,1,0,12.660050712445454,0,0,0,0.0,0,0.7852239836213075,benign_sms_normal,0
0,2,0,35.47301148292287,0,0,0,0.0,1,0.8031325472237065,replay_attempt,1
0,1,0,79.47930442135781,0,0,0,0.0,0,0.4881790532219439,benign_sms_normal,0
0,1,0,55.98876681034418,0,0,0,0.0,0,0.37494940098213125,benign_sms_normal,0
0,1,0,20.749779229651367,0,0,0,0.0,0,0.45049743969403105,benign_single_use,0
7,0,0,23.984348504595744,0,0,0,3.1309237105573904,1,0.889112017727149,brute_force,1
4,0,0,11.062372663709002,0,0,0,3.2892566699253787,1,0.33033222742235024,brute_force,1
0,0,1,9.592593246261071,0,0,0,0.0,0,0.3865913873696763,stale_after_reissue,1
1,0,0,14.64619996502528,0,0,0,0.0,0,0.32058672183622094,benign_retry_then_success,0
0,1,0,8.289066509989661,0,0,0,0.0,1,0.55179886037,benign_single_use,0
0,1,0,17.06400997004372,1,0,0,0.0,0,0.7942915283112206,cross_session,1
2,0,0,18.16696190894244,0,0,0,4.237666232763269,0,0.5684147754535891,benign_retry_then_success,0
0,1,0,9.072347810736257,1,0,0,0.0,0,0.9708973626225272,cross_session,1
0,1,1,62.91402210258873,0,1,0,0.0,0,0.9616158622218143,stale_after_reissue,1
2,0,0,15.676812573520968,0,0,0,10.42571914767522,1,0.656317127778393,benign_retry_then_success,0
2,1,0,26.10348744583173,0,0,0,7.93115433034388,1,0.9303365225541447,benign_retry_then_success,0
0,1,1,63.72909337470201,0,1,0,0.0,1,0.5997170339847497,stale_after_reissue,1
0,1,0,347.9188284308872,0,0,1,0.0,1,0.8695676536294841,late_verify,1
0,1,0,324.0588051109713,0,0,1,0.0,0,0.42948816632843156,late_verify,1
0,1,0,5.26133497293643,1,0,0,0.0,0,0.7849970684273806,cross_session,1
0,2,0,17.33468148188895,0,0,0,0.0,0,0.736001419015353,replay_attempt,1
4,0,0,10.171040147166343,0,0,0,2.675602547709168,0,0.6595697401433553,brute_force,1
1,1,0,22.159129457778494,0,0,0,0.0,1,0.5008747556286341,benign_retry_then_success,0
2,1,0,27.710649618912036,0,0,0,13.640815825994018,1,0.8863756584053062,benign_retry_then_success,0
0,0,1,24.799603712907114,0,0,0,0.0,1,0.37336412991709034,stale_after_reissue,1
0,1,0,27.052275537125162,0,0,0,0.0,1,0.7837750256986289,benign_sms_normal,0
0,1,0,18.665339891220487,0,0,0,0.0,1,0.8698918125359394,benign_sms_normal,0
0,1,0,311.3869613918578,0,0,1,0.0,1,0.3299809993655828,late_verify,1
0,1,0,13.251308841039926,0,0,0,0.0,1,0.3098761314991561,replay_attempt,1
0,1,0,76.30503476696448,0,0,0,0.0,1,0.9708469692052928,benign_sms_normal,0
0,1,0,353.83814417655344,0,0,1,0.0,1,0.5788437459105527,late_verify,1
0,1,0,87.69105560703315,0,0,0,0.0,0,0.8378220643899479,benign_sms_normal,0
0,1,0,56.97247748608974,1,0,0,0.0,0,0.9629990267713537,cross_session,1
0,1,0,35.86470316401737,1,0,0,0.0,0,0.9608888617882059,cross_session,1
0,2,0,56.62714121007368,0,0,0,0.0,0,0.5373749365526144,replay_attempt,1
0,1,0,17.77353868958585,0,0,0,0.0,0,0.9664506655337979,benign_single_use,0
0,1,0,81.30711258581661,0,0,0,0.0,1,0.49464092833580564,benign_sms_normal,0
0,1,0,43.630771298458455,0,0,0,0.0,1,0.6818441519719355,benign_single_use,0
0,2,0,75.5449662003379,0,0,0,0.0,1,0.9761494542977558,replay_attempt,1
0,1,0,24.878198590725496,1,0,0,0.0,0,0.30158100502000534,cross_session,1
0,1,0,391.90654031094095,0,0,1,0.0,0,0.7969098781060219,late_verify,1
0,1,0,15.740811371022545,0,0,0,0.0,1,0.4845394034883308,benign_single_use,0
0,2,0,39.03446009481417,0,0,0,0.0,1,0.640975772787294,replay_attempt,1
0,2,0,82.40240798639076,0,0,0,0.0,1,0.7138030308558405,replay_attempt,1
0,1,0,36.054701258641245,1,0,0,0.0,0,0.5235302064709967,cross_session,1
0,1,0,28.619424703693788,0,0,0,0.0,1,0.6444619395377977,benign_single_use,0
0,1,1,62.9206283191968,0,1,0,0.0,0,0.5874348111490211,stale_after_reissue,1
0,1,1,70.35360804905551,0,1,0,0.0,1,0.8006629809683399,stale_after_reissue,1
0,1,0,35.2287500471171,0,0,0,0.0,1,0.784528729050795,benign_single_use,0
0,2,0,83.7041846567252,0,0,0,0.0,0,0.9551500979666854,replay_attempt,1
5,0,0,18.877814238783056,0,0,0,4.088669324559319,1,0.8291561918659904,brute_force,1
0,1,0,319.63492989294593,0,0,1,0.0,1,0.3892479636765924,late_verify,1
1,1,0,22.856799357452132,0,0,0,0.0,1,0.6735273633475334,benign_retry_then_success,0
0,1,0,59.15816641736709,0,0,0,0.0,0,0.3061767480631403,replay_attempt,1
0,1,0,88.16866059067286,0,0,0,0.0,0,0.9923472593875127,benign_sms_normal,0
0,1,0,9.229958177797794,0,0,0,0.0,1,0.3881444910405062,replay_attempt,1
0,1,0,412.80942352466707,0,0,1,0.0,1,0.4210907656346378,late_verify,1
0,1,0,341.35766084168404,0,0,1,0.0,0,0.3455684283323685,late_verify,1
0,1,0,59.462301689911584,0,0,0,0.0,0,0.3312222871249813,benign_single_use,0
0,1,0,49.96473914497561,0,0,0,0.0,0,0.616483854699142,benign_sms_normal,0
0,1,0,15.947742425679927,0,0,0,0.0,1,0.4257774107657446,benign_single_use,0
0,1,0,64.43045049188788,0,0,0,0.0,0,0.3182889813206665,benign_sms_normal,0
0,1,0,51.19423478198647,1,0,0,0.0,0,0.7206006850197408,cross_session,1
1,1,0,20.48073571890243,0,0,0,0.0,1,0.8094286951972485,benign_retry_then_success,0
9,0,0,33.21704953264484,0,0,0,3.663149846694321,1,0.7889600575074744,brute_force,1
1,1,0,24.63084417447403,0,0,0,0.0,1,0.860198531651793,benign_retry_then_success,0
0,1,0,40.64928469029919,0,0,0,0.0,1,0.6876733991578414,benign_sms_normal,0
0,1,0,47.33856992075285,0,0,0,0.0,0,0.5264243970905622,benign_single_use,0
0,1,0,20.585859598103543,0,0,0,0.0,0,0.5366103825104825,benign_single_use,0
0,1,0,54.60305236150537,0,0,0,0.0,1,0.4789982275213127,benign_sms_normal,0
0,2,0,31.587051537835404,0,0,0,0.0,0,0.6643926119324932,replay_attempt,1
0,1,0,53.71075637489246,1,0,0,0.0,1,0.7367397580663373,cross_session,1
0,1,0,23.25292205641298,0,0,0,0.0,0,0.4688283171577108,benign_sms_normal,0
0,1,0,26.53329282940722,0,0,0,0.0,0,0.4627588430274372,replay_attempt,1
0,1,0,41.961271226701356,0,0,0,0.0,1,0.7816879291673318,benign_single_use,0
2,1,0,33.57054470953912,0,0,0,14.576129975268726,1,0.7145949673754134,benign_retry_then_success,0
0,1,0,9.153070907494111,0,0,0,0.0,1,0.9253616661711372,benign_single_use,0
0,1,0,34.67251888270134,1,0,0,0.0,0,0.5743399451247782,cross_session,1
0,0,1,46.54270919339663,0,0,0,0.0,0,0.3237576726024542,stale_after_reissue,1
0,2,0,43.26705518591926,0,0,0,0.0,0,0.7367727861385249,replay_attempt,1
0,1,0,380.5468730068608,0,0,1,0.0,1,0.8950383117860625,late_verify,1
0,1,0,54.71570628262623,0,0,0,0.0,1,0.6634040106099115,benign_single_use,0
0,1,0,16.704717761077095,1,0,0,0.0,1,0.6135632065869723,cross_session,1
0,2,0,70.79723634397568,0,0,0,0.0,0,0.7151758162284847,replay_attempt,1
0,1,0,36.50283771788696,0,0,0,0.0,0,0.5784330910075923,benign_sms_normal,0
0,2,0,76.13961157711019,0,0,0,0.0,1,0.9813287068379855,replay_attempt,1
0,1,0,38.39249072615549,1,0,0,0.0,1,0.4659726962592461,cross_session,1
0,1,0,36.56895851693479,0,0,0,0.0,1,0.5900897036974173,benign_single_use,0
0,1,0,22.081921041752533,1,0,0,0.0,1,0.848532079175141,cross_session,1
0,1,0,19.73817809512414,0,0,0,0.0,0,0.3962878823021998,benign_single_use,0
0,1,1,71.01965583532356,0,1,0,0.0,1,0.7588885786722062,stale_after_reissue,1
0,1,0,55.813127151623185,0,0,0,0.0,1,0.7255005389949236,benign_single_use,0
0,1,0,14.369142411895142,0,0,0,0.0,1,0.9477745369054233,benign_sms_normal,0
2,1,0,25.67985881866723,0,0,0,3.7096838640699143,1,0.9962188303759374,benign_retry_then_success,0
2,0,0,9.868928887441676,0,0,0,4.8562133959029055,0,0.5738885853089055,benign_retry_then_success,0
0,1,0,12.611473575731752,0,0,0,0.0,1,0.8113694569010701,benign_single_use,0
1,0,0,5.40592982923387,0,0,0,0.0,1,0.47465013792329247,benign_retry_then_success,0
0,1,0,36.20686661930149,1,0,0,0.0,1,0.5566987614038468,cross_session,1
0,1,0,56.68091064390239,0,0,0,0.0,1,0.7661424460004462,benign_single_use,0
0,1,0,412.1592588661159,0,0,1,0.0,1,0.4362258805626275,late_verify,1
0,1,0,31.81345483110943,1,0,0,0.0,1,0.40987580180419203,cross_session,1
0,1,0,44.937556069202465,0,0,0,0.0,1,0.48683581674167764,benign_single_use,0
0,2,0,83.29085096515543,0,0,0,0.0,1,0.5250080930892002,replay_attempt,1
1,0,0,7.7201279088037875,0,0,0,0.0,0,0.3739953403140714,benign_retry_then_success,0
0,1,0,27.06056914710797,1,0,0,0.0,0,0.9404573082393868,cross_session,1
1,1,0,26.303908643110624,0,0,0,0.0,1,0.6213865319444831,benign_retry_then_success,0
4,0,0,10.84415498939263,0,0,0,2.589616993770635,0,0.3836031607546142,brute_force,1
0,1,0,36.51271977323106,0,0,0,0.0,0,0.9792353339656461,benign_sms_normal,0
0,1,1,26.19216486095674,0,1,0,0.0,1,0.5158133647215537,stale_after_reissue,1
0,2,0,90.60376854644431,0,0,0,0.0,1,0.5140804089653787,replay_attempt,1
0,1,0,7.009820949376156,1,0,0,0.0,0,0.6809144553544046,cross_session,1
9,0,0,31.687080203187058,0,0,0,3.294051378615712,1,0.779455505986492,brute_force,1
0,1,0,39.02282693263035,0,0,0,0.0,0,0.8134651114431977,benign_sms_normal,0
1,1,0,18.319591069381264,0,0,0,0.0,0,0.8823875919418207,benign_retry_then_success,0
0,1,0,39.48471619672805,0,0,0,0.0,1,0.3162121221728683,replay_attempt,1
0,1,0,53.54533113365381,0,0,0,0.0,1,0.8653140074132897,benign_single_use,0
0,1,0,33.90022585722268,1,0,0,0.0,0,0.8572819703838612,cross_session,1
0,1,0,81.12100198405602,0,0,0,0.0,1,0.41247767494457355,benign_sms_normal,0
0,1,0,81.5857334795102,0,0,0,0.0,0,0.6392318573661613,benign_sms_normal,0
2,0,0,19.21233345687785,0,0,0,4.435565462892514,0,0.5340281035708893,benign_retry_then_success,0
0,1,0,35.181408274889904,0,0,0,0.0,0,0.44417314640970285,benign_single_use,0
0,1,0,59.03246216514469,0,0,0,0.0,0,0.7035136138041556,benign_sms_normal,0
0,1,0,39.77692820039677,0,0,0,0.0,0,0.5960770928235593,benign_sms_normal,0
0,1,0,36.149435810971696,1,0,0,0.0,0,0.37582587196652417,cross_session,1
0,2,0,65.20935668674062,0,0,0,0.0,1,0.7079116696766858,replay_attempt,1
2,1,0,27.62087787564561,0,0,0,8.219441559484812,0,0.790980790567196,benign_retry_then_success,0
0,1,0,365.26958762631295,0,0,1,0.0,0,0.683129468552391,late_verify,1
0,1,0,48.76651327327445,1,0,0,0.0,1,0.6526520288553276,cross_session,1
0,1,0,37.35435343982438,1,0,0,0.0,0,0.8840092206988801,cross_session,1
0,1,1,58.72267348220221,0,1,0,0.0,1,0.9161084632400902,stale_after_reissue,1
0,1,0,42.716362251051834,1,0,0,0.0,1,0.650113600375755,cross_session,1
1,1,0,16.998299898373745,0,0,0,0.0,1,0.960201015174061,benign_retry_then_success,0
0,1,1,28.392184804557637,0,1,0,0.0,0,0.88998476306693,stale_after_reissue,1
2,0,0,16.72983766474495,0,0,0,9.617665443499707,1,0.4637943599122686,benign_retry_then_success,0
0,1,0,371.49532302652597,0,0,1,0.0,1,0.3055282943237572,late_verify,1
0,1,0,40.490484026859264,0,0,0,0.0,0,0.8341507633447034,benign_single_use,0
0,1,0,28.125287693792707,1,0,0,0.0,1,0.8590278722996112,cross_session,1
0,1,0,69.95159396107175,0,0,0,0.0,0,0.5154544053308955,benign_sms_normal,0
0,1,0,27.70151680700124,0,0,0,0.0,0,0.9046036639356598,benign_single_use,0
3,0,0,10.913583524346045,0,0,0,3.256672638249846,0,0.35525777299224315,brute_force,1
0,1,0,60.736665182316145,0,0,0,0.0,0,0.6860016491012872,benign_sms_normal,0
5,0,0,20.243631428727845,0,0,0,3.987912033038124,1,0.6136828862862422,brute_force,1
0,1,0,27.90823527717383,0,0,0,0.0,1,0.4981135252416944,replay_attempt,1
0,1,0,29.711118215949483,0,0,0,0.0,1,0.49621738012459315,benign_single_use,0
0,1,1,18.163473129024283,0,1,0,0.0,1,0.8788683735770599,stale_after_reissue,1
0,1,0,400.7429457566872,0,0,1,0.0,0,0.9593744420119776,late_verify,1
0,1,0,48.95791088141596,1,0,0,0.0,0,0.7961363037538843,cross_session,1
0,1,0,27.23110341685156,0,0,0,0.0,1,0.9213273692183628,benign_single_use,0
0,1,1,45.22352522571941,0,1,0,0.0,1,0.940029337001119,stale_after_reissue,1
1,0,0,3.2194144928433985,0,0,0,0.0,0,0.41335544736487273,benign_retry_then_success,0
0,1,0,334.2445055608711,0,0,1,0.0,0,0.6985196658879886,late_verify,1
0,1,0,57.047348505237274,1,0,0,0.0,0,0.902119109444417,cross_session,1
0,1,0,32.53480714346482,0,0,0,0.0,0,0.9720162805650518,benign_single_use,0
0,1,0,367.90507899996646,0,0,1,0.0,0,0.9500946164212059,late_verify,1
0,1,0,10.81201061990063,0,0,0,0.0,1,0.7322492522729503,benign_single_use,0
0,1,0,58.21998402487804,0,0,0,0.0,0,0.39533134627919475,replay_attempt,1
0,1,0,64.06306766113667,0,0,0,0.0,0,0.8241682613189596,benign_sms_normal,0
0,1,0,40.31294252325297,1,0,0,0.0,0,0.32661390984377553,cross_session,1
8,0,0,20.94782949989156,0,0,0,2.3216647163540385,1,0.6530134156274415,brute_force,1
0,1,0,45.89753290767686,1,0,0,0.0,1,0.7631451077333606,cross_session,1
0,2,0,73.09893565561953,0,0,0,0.0,1,0.7971339763607729,replay_attempt,1
0,1,0,62.60226728039593,0,0,0,0.0,1,0.8159153386278732,benign_sms_normal,0
2,0,0,12.582524672150372,0,0,0,5.925985432517967,0,0.4729138866814987,benign_retry_then_success,0
0,1,0,344.78281677438144,0,0,1,0.0,0,0.9286432757907905,late_verify,1
0,1,0,395.49062965261567,0,0,1,0.0,1,0.7395325065230234,late_verify,1
0,1,0,49.13791410908045,1,0,0,0.0,1,0.5801446393724041,cross_session,1
0,1,0,6.9190724503161505,0,0,0,0.0,0,0.4820092957570277,benign_sms_normal,0
0,2,0,37.81940533378576,0,0,0,0.0,1,0.5531186156152708,replay_attempt,1
1,0,0,13.18105625602438,0,0,0,0.0,0,0.3981109039945671,benign_retry_then_success,0
1,0,0,10.648832525954267,0,0,0,0.0,1,0.33046650744694384,benign_retry_then_success,0
0,1,0,11.543960665305757,0,0,0,0.0,0,0.8409797655704294,benign_sms_normal,0
0,1,0,60.20221068538385,0,0,0,0.0,1,0.5988398012148928,benign_sms_normal,0
2,1,0,25.049356208152773,0,0,0,6.5874931706150495,1,0.763534742389653,benign_retry_then_success,0
0,1,0,389.67991406612776,0,0,1,0.0,1,0.482203216794334,late_verify,1
0,1,0,18.133766519914417,0,0,0,0.0,0,0.8104842954153126,benign_sms_normal,0
0,1,0,11.327354844921139,1,0,0,0.0,1,0.743692807147504,cross_session,1
0,1,0,63.309920131604144,0,0,0,0.0,1,0.42462723585428336,benign_sms_normal,0
0,1,0,38.05776729944927,1,0,0,0.0,0,0.4372910137499487,cross_session,1
0,1,0,23.86949259503354,1,0,0,0.0,1,0.33450142247000497,cross_session,1
0,2,0,62.469945454860145,0,0,0,0.0,1,0.6560615404659541,replay_attempt,1
0,1,0,5.286897658569188,0,0,0,0.0,1,0.37546969152129417,replay_attempt,1
1,0,0,7.708595589951779,0,0,0,0.0,1,0.31012488022138096,benign_retry_then_success,0
0,1,0,8.15695192013078,0,0,0,0.0,1,0.5235754417101578,benign_single_use,0
0,1,0,25.866225651301942,0,0,0,0.0,0,0.4734206590780752,replay_attempt,1
2,0,0,21.253135665982118,0,0,0,14.385270966039055,0,0.38377149738125776,benign_retry_then_success,0
1,1,0,14.133233206744736,0,0,0,0.0,0,0.6946789756944152,benign_retry_then_success,0
0,1,0,334.1559673361831,0,0,1,0.0,0,0.9944897094385114,late_verify,1
2,1,0,30.626908280161583,0,0,0,8.482531289818132,1,0.7178724938783874,benign_retry_then_success,0
0,1,0,8.684357285885376,0,0,0,0.0,1,0.5447185384403939,benign_single_use,0
0,1,1,56.28371552089898,0,1,0,0.0,0,0.8442046120122244,stale_after_reissue,1
0,1,0,47.690770581795896,0,0,0,0.0,1,0.7856051004652205,benign_single_use,0
0,1,0,47.72821754077429,0,0,0,0.0,0,0.9058616244271274,benign_single_use,0
0,1,0,316.1642605516861,0,0,1,0.0,0,0.8467633105078056,late_verify,1
0,2,0,71.61440908552441,0,0,0,0.0,0,0.5286431926998953,replay_attempt,1
0,1,0,6.943009458937123,0,0,0,0.0,0,0.8548362893922061,benign_single_use,0
0,1,0,343.66216964263316,0,0,1,0.0,0,0.415713603276266,late_verify,1
0,1,0,20.1969301370779,0,0,0,0.0,0,0.6846559832236782,benign_single_use,0
0,1,0,31.286198617605283,0,0,0,0.0,1,0.5940208174282062,benign_single_use,0
2,0,0,10.627652939721674,0,0,0,7.2021482163344075,0,0.39187870911048944,benign_retry_then_success,0
1,0,0,3.0473218906273343,0,0,0,0.0,1,0.4365232508766361,benign_retry_then_success,0
0,1,0,364.22982952716643,0,0,1,0.0,0,0.32773908302089105,late_verify,1
0,1,0,66.87612116716059,0,0,0,0.0,0,0.8254917856550887,benign_sms_normal,0
0,1,0,83.65584448154462,0,0,0,0.0,1,0.9931685416987155,benign_sms_normal,0
0,2,0,35.46554791217494,0,0,0,0.0,0,0.671703966943225,replay_attempt,1
2,0,0,18.446502607414246,0,0,0,6.288251694502227,0,0.5346128745300819,benign_retry_then_success,0
0,1,0,40.174514782423294,0,0,0,0.0,1,0.3059533113574275,benign_single_use,0
0,1,0,44.84605846116716,1,0,0,0.0,1,0.6971370667918206,cross_session,1
0,1,0,63.99564648261697,0,0,0,0.0,0,0.8996153001081459,benign_sms_normal,0
0,1,0,66.42901722206003,0,0,0,0.0,1,0.5897401880749276,benign_sms_normal,0
0,0,1,50.597854039255,0,0,0,0.0,1,0.4666219517157624,stale_after_reissue,1
0,1,0,26.58942537935814,0,0,0,0.0,0,0.43512324801472857,benign_single_use,0
0,1,0,13.637312646297353,0,0,0,0.0,1,0.48894340711872947,benign_sms_normal,0
1,1,0,20.632655937741564,0,0,0,0.0,1,0.9891580873036905,benign_retry_then_success,0
1,1,0,18.856844355036625,0,0,0,0.0,1,0.77546443892393,benign_retry_then_success,0
0,1,0,20.267496144088028,0,0,0,0.0,0,0.6138535125773333,benign_sms_normal,0
6,0,0,20.637577495183912,0,0,0,3.6901799842904106,1,0.7312377600149791,brute_force,1
6,0,0,26.96951963637046,0,0,0,4.3750700618480405,1,0.7201828035782101,brute_force,1
0,1,0,27.48659782146004,0,0,0,0.0,0,0.42437023339156216,benign_single_use,0
0,2,0,48.4005700071443,0,0,0,0.0,1,0.6848855235243692,replay_attempt,1
0,1,0,72.02458112317983,0,0,0,0.0,0,0.9366278771506433,benign_sms_normal,0
0,1,1,95.58321777525165,0,1,0,0.0,1,0.9738113399604333,stale_after_reissue,1
0,1,0,338.2754089299093,0,0,1,0.0,1,0.9044036292391096,late_verify,1
0,1,0,54.29544242105571,1,0,0,0.0,0,0.5689330069442153,cross_session,1
7,0,0,33.50293914732675,0,0,0,4.802319409709173,0,0.6976006826386955,brute_force,1
0,1,1,49.0792934240342,0,1,0,0.0,0,0.8118385997359892,stale_after_reissue,1
6,0,0,18.192851217712533,0,0,0,3.2595226943947737,1,0.5736718655777572,brute_force,1
0,1,0,37.86126781611289,0,0,0,0.0,0,0.6829721460987394,benign_single_use,0
1,0,0,14.480980421450262,0,0,0,0.0,0,0.4448180516307469,benign_retry_then_success,0
0,1,0,347.10316203327176,0,0,1,0.0,0,0.8972590227092623,late_verify,1
1,1,0,12.759729218401917,0,0,0,0.0,0,0.584349879805908,benign_retry_then_success,0
2,1,0,26.28580718361191,0,0,0,13.497057388069031,0,0.8417991754662544,benign_retry_then_success,0
0,1,0,53.38147259987599,0,0,0,0.0,1,0.7832899201739851,benign_single_use,0
1,1,0,25.91097002781018,0,0,0,0.0,0,0.7440248394527426,benign_retry_then_success,0
0,1,0,32.483602283295596,0,0,0,0.0,0,0.4070731474195794,benign_single_use,0
5,0,0,20.274732484761092,0,0,0,3.8475307430522423,0,0.511952770034201,brute_force,1
0,2,0,51.63502408601497,0,0,0,0.0,1,0.848725530370924,replay_attempt,1
0,1,0,85.54970085588165,0,0,0,0.0,0,0.4672458989546267,benign_sms_normal,0
0,1,0,353.7034780542316,0,0,1,0.0,0,0.4642377260357021,late_verify,1
0,1,1,70.53703323290705,0,1,0,0.0,0,0.5839245497070662,stale_after_reissue,1
0,1,0,364.706328511672,0,0,1,0.0,1,0.45361936363868244,late_verify,1
0,1,0,46.10518886464658,0,0,0,0.0,1,0.5871952918899288,benign_single_use,0
0,1,0,23.94690724533181,1,0,0,0.0,0,0.6082108037027519,cross_session,1
1,1,0,22.1136546960542,0,0,0,0.0,0,0.5454198946695122,benign_retry_then_success,0
0,1,1,30.667268141817818,0,1,0,0.0,1,0.9730786093445392,stale_after_reissue,1
0,1,1,20.01374279585631,0,1,0,0.0,0,0.6060831030166745,stale_after_reissue,1
0,1,0,12.60789363794674,0,0,0,0.0,1,0.34826694897208943,replay_attempt,1
0,1,0,64.10696473139444,0,0,0,0.0,1,0.33730429158563524,benign_sms_normal,0
0,1,1,40.83246093771588,0,1,0,0.0,1,0.5065882073392214,stale_after_reissue,1
1,1,0,23.333891621385497,0,0,0,0.0,0,0.5605053571765005,benign_retry_then_success,0
0,1,0,5.2073388344477305,0,0,0,0.0,1,0.73293158881052,benign_sms_normal,0
0,1,0,345.65280334896266,0,0,1,0.0,0,0.7944442235143909,late_verify,1
1,1,0,14.074710469018527,0,0,0,0.0,1,0.5235562164550422,benign_retry_then_success,0
0,1,1,77.25851933141634,0,1,0,0.0,1,0.8792060146515723,stale_after_reissue,1
0,0,1,21.396546406240823,0,0,0,0.0,0,0.3221551265004117,stale_after_reissue,1
0,1,0,58.13435547982,0,0,0,0.0,1,0.672744966588283,benign_sms_normal,0
0,1,1,90.06959907118093,0,1,0,0.0,1,0.7178219890568698,stale_after_reissue,1
0,1,0,58.72189557990597,1,0,0,0.0,1,0.32232804590592024,cross_session,1
0,1,0,53.51272533270372,0,0,0,0.0,0,0.4263660738803331,benign_single_use,0
6,0,0,27.38525719309279,0,0,0,4.8488567381017305,1,0.6422748520099879,brute_force,1
0,1,0,43.799927151670545,0,0,0,0.0,1,0.38280553572592046,benign_single_use,0
0,1,0,64.16063598785169,0,0,0,0.0,1,0.32256421036074745,benign_sms_normal,0
0,1,0,406.87798755472716,0,0,1,0.0,1,0.5094610704211595,late_verify,1
0,2,0,78.17391522039382,0,0,0,0.0,1,0.5743478550722918,replay_attempt,1
0,1,0,21.681493118760653,1,0,0,0.0,1,0.9949810454349204,cross_session,1
0,1,0,31.702579218860745,1,0,0,0.0,1,0.8059809410427767,cross_session,1
2,0,0,16.202457108420287,0,0,0,3.27867066188451,0,0.535527191113709,benign_retry_then_success,0
0,1,1,82.6343387687475,0,1,0,0.0,0,0.5021970442181014,stale_after_reissue,1
1,0,0,7.325811540360496,0,0,0,0.0,1,0.3776531927137567,benign_retry_then_success,0
0,2,0,50.14464829086842,0,0,0,0.0,0,0.5153130800953509,replay_attempt,1
0,1,0,27.47749079947856,0,0,0,0.0,0,0.9945889500706304,benign_single_use,0
1,1,0,24.00905864520268,0,0,0,0.0,0,0.8506869892032249,benign_retry_then_success,0
0,1,0,56.052748785628175,0,0,0,0.0,1,0.7455804523698766,benign_single_use,0
0,1,0,75.9613724722028,0,0,0,0.0,0,0.899907468665583,benign_sms_normal,0
1,1,0,17.794035872901357,0,0,0,0.0,1,0.72219115762475,benign_retry_then_success,0
0,1,0,37.789550786408654,0,0,0,0.0,0,0.7728923550108102,benign_single_use,0
1,1,0,17.827741847601327,0,0,0,0.0,1,0.7738119635709673,benign_retry_then_success,0
0,1,0,74.57397817162924,0,0,0,0.0,1,0.7817034610786688,benign_sms_normal,0
0,1,0,33.525817201979315,0,0,0,0.0,0,0.6266978791345339,benign_sms_normal,0
0,1,0,16.404045647775387,0,0,0,0.0,1,0.36515401294679395,replay_attempt,1
2,1,0,28.359580135042265,0,0,0,8.093974688293272,0,0.6790573922275036,benign_retry_then_success,0
0,2,0,27.700134727973516,0,0,0,0.0,0,0.7199667588286395,replay_attempt,1
0,1,0,367.24006157293275,0,0,1,0.0,0,0.97908105004779,late_verify,1
2,1,0,32.12763978447452,0,0,0,11.599716380950138,0,0.8103495049891283,benign_retry_then_success,0
0,2,0,62.52476075897255,0,0,0,0.0,0,0.5670711193784506,replay_attempt,1
0,1,1,61.89416000235597,0,1,0,0.0,0,0.6035646617284698,stale_after_reissue,1
1,1,0,20.23519540523288,0,0,0,0.0,1,0.8958549156485596,benign_retry_then_success,0
1,1,0,20.650891927363922,0,0,0,0.0,1,0.9019345117035842,benign_retry_then_success,0
0,1,0,331.6064645300258,0,0,1,0.0,1,0.7271461646650859,late_verify,1
0,1,0,10.150354250086204,0,0,0,0.0,0,0.8139316153083402,benign_single_use,0
4,0,0,13.212731097784559,0,0,0,4.027806361722356,0,0.6048002593972994,brute_force,1
10,0,0,29.160712910571945,0,0,0,2.7535019833772987,1,0.9806460730579911,brute_force,1
0,1,0,82.72622322877388,0,0,0,0.0,0,0.6230903609937888,benign_sms_normal,0
0,1,0,27.413472183168015,0,0,0,0.0,0,0.5277581410791293,benign_single_use,0
0,1,0,62.684876186706866,0,0,0,0.0,1,0.7048159163430714,benign_sms_normal,0
1,0,0,10.346309277984137,0,0,0,0.0,0,0.41377323175183395,benign_retry_then_success,0
0,1,0,42.240429546364915,0,0,0,0.0,0,0.41212424416672505,replay_attempt,1
1,0,0,8.851085733937117,0,0,0,0.0,1,0.32533270433440253,benign_retry_then_success,0
0,1,0,312.87951793598023,0,0,1,0.0,0,0.58064846785954,late_verify,1
0,1,1,104.44834345158188,0,1,0,0.0,0,0.7256770502646118,stale_after_reissue,1
0,2,0,60.88455114967668,0,0,0,0.0,1,0.504782433803647,replay_attempt,1
0,1,0,358.9144852266153,0,0,1,0.0,1,0.40229478414476016,late_verify,1
1,0,0,6.523297247298836,0,0,0,0.0,1,0.4137683771151065,benign_retry_then_success,0
2,1,0,23.69676237397878,0,0,0,3.3503592611109703,1,0.7380837407144689,benign_retry_then_success,0
0,1,0,25.870287943770435,0,0,0,0.0,0,0.8215961930727695,benign_sms_normal,0
0,1,0,16.464465812234657,0,0,0,0.0,1,0.3764363230909161,benign_sms_normal,0
0,1,0,45.91754924244471,0,0,0,0.0,0,0.9869767701311694,benign_single_use,0
0,1,1,72.62725624924344,0,1,0,0.0,0,0.5294694101013656,stale_after_reissue,1
3,0,0,12.360580967348774,0,0,0,5.557667515988259,0,0.3461449723109598,brute_force,1
0,1,0,37.84369477976403,1,0,0,0.0,1,0.9365370823854591,cross_session,1
4,0,0,17.963507169778268,0,0,0,5.053408800387111,0,0.4770915146762215,brute_force,1
0,2,0,46.74655441948047,0,0,0,0.0,0,0.736854576570539,replay_attempt,1
5,0,0,19.30234109168819,0,0,0,4.146990423846532,1,0.5743653185640442,brute_force,1
1,1,0,15.823855625929697,0,0,0,0.0,0,0.8951288889286242,benign_retry_then_success,0
0,2,0,64.14498041679487,0,0,0,0.0,0,0.8970236192722503,replay_attempt,1
0,1,0,10.472736694216085,0,0,0,0.0,0,0.829798693770482,benign_sms_normal,0
0,0,1,39.174164236901206,0,0,0,0.0,1,0.3315037711786777,stale_after_reissue,1
0,1,1,77.94308613781557,0,1,0,0.0,0,0.9648215999106584,stale_after_reissue,1
0,1,0,31.202125708708742,0,0,0,0.0,1,0.42420068246670756,benign_single_use,0
1,1,0,23.196880106837696,0,0,0,0.0,0,0.5831541294167286,benign_retry_then_success,0
0,1,0,52.64053846145599,0,0,0,0.0,1,0.7923841527340489,benign_single_use,0
0,1,0,13.794895984939672,0,0,0,0.0,0,0.5746159434952531,benign_single_use,0
9,0,0,29.20504404850051,0,0,0,3.1179479781682664,1,0.749705611715531,brute_force,1
0,1,0,18.971524938425397,0,0,0,0.0,1,0.42020548210526165,replay_attempt,1
0,2,0,68.58335468145695,0,0,0,0.0,1,0.8436640222474598,replay_attempt,1
0,1,0,20.53525212869873,0,0,0,0.0,0,0.3949492380731036,benign_single_use,0
0,2,0,52.98467984582328,0,0,0,0.0,1,0.6643708488965445,replay_attempt,1
6,0,0,20.600889850099747,0,0,0,3.3190104660718527,1,0.879793031493586,brute_force,1
1,0,0,9.942724507305806,0,0,0,0.0,1,0.30295814834357326,benign_retry_then_success,0
0,1,1,75.13276029009978,0,1,0,0.0,0,0.5797431537183633,stale_after_reissue,1
0,1,0,43.412087763135844,0,0,0,0.0,1,0.31591902440742103,benign_single_use,0
0,1,0,34.496639572041985,0,0,0,0.0,0,0.8088192595581745,benign_sms_normal,0
0,2,0,61.4378301997117,0,0,0,0.0,1,0.7540959406982273,replay_attempt,1
0,1,0,20.36253291896056,1,0,0,0.0,1,0.6128818016285089,cross_session,1
0,1,0,33.20199969017078,0,0,0,0.0,1,0.8341230534299737,benign_single_use,0
0,1,0,49.91283757901394,0,0,0,0.0,0,0.8355349829080672,benign_single_use,0
4,0,0,15.618494824227957,0,0,0,4.73253403727517,1,0.5348903881624014,brute_force,1
8,0,0,31.87606574691787,0,0,0,4.111669385551869,0,0.6869950788272801,brute_force,1
0,1,0,45.774529987141875,0,0,0,0.0,0,0.768677497827889,benign_single_use,0
2,1,0,34.40343736062038,0,0,0,11.015425097073365,1,0.7635418440087924,benign_retry_then_success,0
1,1,0,21.84113929162741,0,0,0,0.0,1,0.6429863936103801,benign_retry_then_success,0
10,0,0,38.20332390964345,0,0,0,3.7748145618615134,0,0.9830957237405797,brute_force,1
0,1,0,36.273605988535536,0,0,0,0.0,0,0.44229545588223473,benign_single_use,0
0,1,0,47.97826657009475,0,0,0,0.0,1,0.39667683282941096,benign_single_use,0
2,1,0,27.436334971384206,0,0,0,8.95612908043629,0,0.710059478909943,benign_retry_then_success,0
0,1,0,367.11355164015083,0,0,1,0.0,1,0.49559599147930156,late_verify,1
0,1,0,362.6118945424732,0,0,1,0.0,1,0.4242825865948292,late_verify,1
2,0,0,18.05183546874858,0,0,0,6.585640337495745,0,0.4978244177015252,benign_retry_then_success,0
2,0,0,13.14326494549946,0,0,0,7.174574398557816,1,0.4754189754908035,benign_retry_then_success,0
0,0,1,34.29460228891705,0,0,0,0.0,0,0.44319952689446446,stale_after_reissue,1
5,0,0,16.534292129112096,0,0,0,2.6668440363799264,0,0.4580960386468644,brute_force,1
0,1,0,312.543858144068,0,0,1,0.0,1,0.3135583462216245,late_verify,1
6,0,0,27.42002722768447,0,0,0,4.308989117662077,1,0.7468869657221662,brute_force,1
0,1,0,40.36999230474829,1,0,0,0.0,1,0.6577043760236712,cross_session,1
0,1,0,54.75712762842335,0,0,0,0.0,1,0.577670819247554,benign_single_use,0
0,1,0,55.18262728137683,0,0,0,0.0,0,0.35748253615267817,benign_sms_normal,0
5,0,0,18.122478141408617,0,0,0,4.145628142040828,0,0.430313727092975,brute_force,1
1,0,0,10.094400141835463,0,0,0,0.0,1,0.47520061519315154,benign_retry_then_success,0
0,1,0,14.674091166970115,0,0,0,0.0,1,0.9530872319285657,benign_single_use,0
0,1,1,31.757638835518954,0,1,0,0.0,0,0.941429471153769,stale_after_reissue,1
0,1,0,7.701604482189268,0,0,0,0.0,1,0.6576995901931273,benign_sms_normal,0
5,0,0,16.05734949136642,0,0,0,3.128135224940589,1,0.5484001389433892,brute_force,1
0,1,0,65.13577980701051,0,0,0,0.0,0,0.36202839562849753,benign_sms_normal,0
0,1,0,57.46650199243024,0,0,0,0.0,1,0.6095495469621643,benign_single_use,0
2,1,0,28.776851297992184,0,0,0,11.093657222461951,0,0.6675535446276929,benign_retry_then_success,0
4,0,0,8.967032783994021,0,0,0,2.463935790755315,1,0.3401361823952009,brute_force,1
2,0,0,15.629594417589303,0,0,0,5.94914959588885,1,0.35298021084737996,benign_retry_then_success,0
1,1,0,18.866082051080713,0,0,0,0.0,1,0.80267213880637,benign_retry_then_success,0
9,0,0,27.282037701857355,0,0,0,3.1947060259321196,0,0.8978880304465431,brute_force,1
0,1,0,47.53410439333836,0,0,0,0.0,0,0.3958898605077563,benign_single_use,0
0,1,0,10.361749216706004,1,0,0,0.0,1,0.9392754260388074,cross_session,1
1,1,0,13.993095630144895,0,0,0,0.0,1,0.5421421607182576,benign_retry_then_success,0
0,1,0,34.11184122551445,1,0,0,0.0,1,0.43667212618190554,cross_session,1
0,2,0,35.50649141903856,0,0,0,0.0,1,0.9606493261174305,replay_attempt,1
2,1,0,36.48958478337299,0,0,0,7.39687364604592,0,0.7864477527948359,benign_retry_then_success,0
0,1,0,7.846561981328456,1,0,0,0.0,0,0.6064486867995971,cross_session,1
0,1,0,8.90513809237109,0,0,0,0.0,0,0.7167287289860611,benign_single_use,0
0,1,0,45.28752269705756,1,0,0,0.0,0,0.9648080786163262,cross_session,1
0,1,0,71.70079366387779,0,0,0,0.0,1,0.7904988061878602,benign_sms_normal,0
0,2,0,84.33568495320446,0,0,0,0.0,0,0.8523173137538504,replay_attempt,1
0,1,0,24.672138243576587,0,0,0,0.0,1,0.5251806671285875,benign_sms_normal,0
1,1,0,22.55888948217845,0,0,0,0.0,0,0.7273103616768876,benign_retry_then_success,0
0,1,0,13.031739357397006,0,0,0,0.0,1,0.37064052172831874,replay_attempt,1
0,1,1,59.241044727785294,0,1,0,0.0,1,0.6504632324028019,stale_after_reissue,1
0,1,0,51.73458987442622,0,0,0,0.0,0,0.8606686695531593,benign_single_use,0
0,1,0,42.038153797098396,0,0,0,0.0,0,0.8997860854757977,benign_single_use,0
0,1,0,9.087891429419845,0,0,0,0.0,0,0.9518185960816243,benign_sms_normal,0
2,0,0,18.281845919650028,0,0,0,6.167666585904271,0,0.35323609257352095,benign_retry_then_success,0
0,1,0,87.09210668753019,0,0,0,0.0,1,0.9970381578119214,benign_sms_normal,0
0,1,0,28.704819078907068,0,0,0,0.0,1,0.9766538538408347,benign_sms_normal,0
0,1,0,364.5903283359972,0,0,1,0.0,1,0.5814543580755757,late_verify,1
9,0,0,26.529092201713265,0,0,0,2.7532953073877846,0,0.8998240789699994,brute_force,1
0,0,1,13.373271658884056,0,0,0,0.0,0,0.4299929211464209,stale_after_reissue,1
2,0,0,17.190010769997244,0,0,0,7.593498781366851,1,0.5973299823869211,benign_retry_then_success,0
0,1,0,17.115481691970928,0,0,0,0.0,0,0.3453653892372986,benign_single_use,0
4,0,0,11.345414429728445,0,0,0,2.9821601237807283,0,0.3012072509794233,brute_force,1
0,1,0,311.2617170477558,0,0,1,0.0,0,0.8923372299234422,late_verify,1
0,1,0,45.158992613044816,0,0,0,0.0,0,0.9917344846980303,benign_single_use,0
1,0,0,10.269995453696561,0,0,0,0.0,0,0.4681763956426952,benign_retry_then_success,0
0,1,0,56.69339014698679,0,0,0,0.0,0,0.5089079830311344,benign_single_use,0
8,0,0,22.198963115941513,0,0,0,2.902550327129848,0,0.7503700271232671,brute_force,1
0,1,0,48.60129555154161,1,0,0,0.0,1,0.7653605358604634,cross_session,1
0,1,1,69.81593804874875,0,1,0,0.0,0,0.9242196116225443,stale_after_reissue,1
0,2,0,31.061229000202093,0,0,0,0.0,0,0.6068923038064715,replay_attempt,1
0,1,0,9.206973938802072,1,0,0,0.0,0,0.4712811941783431,cross_session,1
0,1,0,305.48507379009095,0,0,1,0.0,1,0.8156687685788009,late_verify,1
0,2,0,45.708390332812115,0,0,0,0.0,1,0.7563723100983639,replay_attempt,1
1,1,0,19.419652524692545,0,0,0,0.0,1,0.8051462918887922,benign_retry_then_success,0
1,1,0,8.71027393061248,0,0,0,0.0,1,0.7602425102074413,benign_retry_then_success,0
0,1,1,62.29911595350777,0,1,0,0.0,1,0.6617401616017735,stale_after_reissue,1
1,0,0,9.20313438712789,0,0,0,0.0,1,0.4501146580343762,benign_retry_then_success,0
0,1,0,54.661859743572926,0,0,0,0.0,0,0.3845842381900579,replay_attempt,1
0,1,0,7.47244098262426,0,0,0,0.0,0,0.4341103644767718,benign_single_use,0
1,1,0,10.138929792965357,0,0,0,0.0,1,0.5825611392094173,benign_retry_then_success,0
0,1,0,42.86333460354584,0,0,0,0.0,1,0.8119362847506344,benign_single_use,0
0,1,0,52.76750890789588,0,0,0,0.0,0,0.33965515350987424,replay_attempt,1
2,0,0,14.309432407529934,0,0,0,7.578705286887177,0,0.33883661608112847,benign_retry_then_success,0
0,1,0,7.267119969932128,0,0,0,0.0,0,0.30372608742829416,benign_sms_normal,0
1,1,0,26.78169452961149,0,0,0,0.0,0,0.6736476235302292,benign_retry_then_success,0
0,1,0,26.222353685873696,1,0,0,0.0,0,0.33249265305391407,cross_session,1
0,1,1,61.90842295465186,0,1,0,0.0,0,0.8559081626799403,stale_after_reissue,1
0,1,0,44.04453734472078,0,0,0,0.0,0,0.7975388185978229,benign_single_use,0
0,1,0,19.483621174986226,0,0,0,0.0,0,0.6297327964313288,benign_sms_normal,0
0,1,0,58.08142738953912,0,0,0,0.0,1,0.7164080302755809,benign_single_use,0
0,2,0,50.15204505750208,0,0,0,0.0,1,0.6871611967446203,replay_attempt,1
0,1,0,38.13467011927766,0,0,0,0.0,1,0.5649305328193504,benign_sms_normal,0
0,1,0,43.40053027906009,0,0,0,0.0,1,0.5522738715925375,benign_single_use,0
0,1,0,13.990257369627804,0,0,0,0.0,0,0.36653736470549625,benign_sms_normal,0
0,1,0,33.518655308114674,1,0,0,0.0,0,0.6502285137113976,cross_session,1
8,0,0,24.72580842821659,0,0,0,3.3465885064592413,0,0.8745511341950987,brute_force,1
0,2,0,28.427409689486588,0,0,0,0.0,1,0.5503745533639156,replay_attempt,1
0,1,0,19.89925725956769,0,0,0,0.0,1,0.5474136277790315,benign_sms_normal,0
0,1,1,51.23942109676221,0,1,0,0.0,0,0.5421097162648747,stale_after_reissue,1
0,1,0,46.15748619969616,0,0,0,0.0,1,0.8416328040874397,benign_single_use,0
0,1,0,55.332174707708646,1,0,0,0.0,0,0.7023168645819646,cross_session,1
0,1,0,407.8218030416584,0,0,1,0.0,0,0.6807233293402004,late_verify,1
0,1,0,60.718431662754966,0,0,0,0.0,1,0.8576855294576162,benign_sms_normal,0
0,1,0,24.166155838861723,0,0,0,0.0,0,0.441470073313035,benign_sms_normal,0
0,1,0,360.6659812694328,0,0,1,0.0,1,0.7194128192344089,late_verify,1
0,1,0,71.95394305162668,0,0,0,0.0,0,0.5232071491550967,benign_sms_normal,0
0,1,1,49.69443007465688,0,1,0,0.0,1,0.9230927552687582,stale_after_reissue,1
0,1,0,21.79929781710064,0,0,0,0.0,1,0.6949845982425236,benign_single_use,0
0,1,0,10.93776067471963,0,0,0,0.0,0,0.9239010552295219,benign_single_use,0
0,1,0,37.71426927654938,0,0,0,0.0,1,0.3285262905532792,benign_single_use,0
4,0,0,14.004097735631468,0,0,0,3.2271786782948517,0,0.6495462641079279,brute_force,1
6,0,0,22.127151042428906,0,0,0,3.934050350185527,0,0.8504552168799657,brute_force,1
0,2,0,25.324635562391254,0,0,0,0.0,1,0.8732632848957771,replay_attempt,1
0,2,0,37.35681895186748,0,0,0,0.0,0,0.9960405409578337,replay_attempt,1
0,2,0,59.60889195422807,0,0,0,0.0,1,0.6336159656135407,replay_attempt,1
0,1,0,42.93983459489258,0,0,0,0.0,0,0.534876023951002,benign_sms_normal,0
0,1,0,29.77599590732003,0,0,0,0.0,0,0.400165764845436,benign_single_use,0
0,1,0,5.8562003094789015,0,0,0,0.0,1,0.5614089229735604,benign_sms_normal,0
2,1,0,25.20031897089349,0,0,0,11.673263615561744,1,0.9890956856111532,benign_retry_then_success,0
2,0,0,15.842474962894826,0,0,0,11.513836664655917,0,0.3736995996314356,benign_retry_then_success,0
0,1,0,20.457607791297523,1,0,0,0.0,0,0.3083550707627305,cross_session,1
0,1,0,56.645103246901364,0,0,0,0.0,0,0.9712735187561452,benign_sms_normal,0
0,1,0,49.78336120325922,1,0,0,0.0,1,0.537651658931138,cross_session,1
0,1,0,24.068266897697594,0,0,0,0.0,0,0.39800258228641533,replay_attempt,1
2,0,0,11.696331682850476,0,0,0,4.984163617890573,0,0.6366354412515051,benign_retry_then_success,0
0,1,0,44.118076881106866,0,0,0,0.0,1,0.44188652175832693,benign_single_use,0
0,1,0,13.642496767242294,0,0,0,0.0,1,0.5770519354509858,benign_single_use,0
0,1,0,14.958925399787153,0,0,0,0.0,1,0.5232117603960782,benign_single_use,0
0,1,0,8.73389220373772,0,0,0,0.0,0,0.4131830127129251,benign_sms_normal,0
0,2,0,36.80760051461539,0,0,0,0.0,1,0.8546279541886379,replay_attempt,1
0,1,0,14.344234846659914,0,0,0,0.0,1,0.49932519238365325,benign_single_use,0
0,0,1,59.8039244810323,0,0,0,0.0,0,0.3904452252435095,stale_after_reissue,1
0,1,0,79.73879316849946,0,0,0,0.0,0,0.7553196393526829,benign_sms_normal,0
1,1,0,16.038301758796365,0,0,0,0.0,1,0.9996262772846822,benign_retry_then_success,0
0,1,0,407.694443580568,0,0,1,0.0,1,0.7356023937596847,late_verify,1
0,1,0,302.7774963631597,0,0,1,0.0,0,0.64962865136181,late_verify,1
0,2,0,55.85014115457206,0,0,0,0.0,1,0.6298976452054845,replay_attempt,1
0,1,0,57.91743594409388,1,0,0,0.0,0,0.7938094768964001,cross_session,1
2,0,0,19.235343612166524,0,0,0,7.951741170546031,0,0.4211107866403834,benign_retry_then_success,0
2,0,0,26.49350205222021,0,0,0,14.660732800530823,0,0.6388522283559972,benign_retry_then_success,0
0,1,0,10.978088918747194,0,0,0,0.0,1,0.7005906433094182,benign_sms_normal,0
0,0,1,57.80553463147136,0,0,0,0.0,0,0.3739436666733754,stale_after_reissue,1
2,1,0,24.36764164828773,0,0,0,12.601923832787428,1,0.8218992772006577,benign_retry_then_success,0
0,2,0,43.913249125319595,0,0,0,0.0,1,0.799629279419499,replay_attempt,1
1,1,0,19.07458728845743,0,0,0,0.0,1,0.7590687767814086,benign_retry_then_success,0
0,1,1,62.04551913101345,0,1,0,0.0,1,0.647865157182931,stale_after_reissue,1
0,1,0,10.686444494236987,1,0,0,0.0,1,0.4049698645298858,cross_session,1
0,1,0,41.32288984178787,1,0,0,0.0,0,0.3253433694192529,cross_session,1
0,1,1,28.161489095887884,0,1,0,0.0,1,0.982477097333307,stale_after_reissue,1
0,1,0,49.36408310444163,1,0,0,0.0,0,0.75621413250224,cross_session,1
7,0,0,27.125732772263596,0,0,0,3.5648962345069584,0,0.6798454486279661,brute_force,1
0,1,0,22.180339258477346,0,0,0,0.0,0,0.3517388409033327,benign_single_use,0
0,2,0,20.182097311146805,0,0,0,0.0,0,0.5114206024589949,replay_attempt,1
0,1,0,57.257913707628624,0,0,0,0.0,0,0.38667336487388215,benign_single_use,0
2,1,0,26.219469833835348,0,0,0,8.803251021049451,1,0.689873836823898,benign_retry_then_success,0
0,1,0,42.47375845771293,0,0,0,0.0,0,0.5535301345828469,benign_single_use,0
0,1,1,55.305345165661116,0,1,0,0.0,0,0.525090153091348,stale_after_reissue,1
5,0,0,15.392342701320192,0,0,0,2.447044055673685,1,0.5459435225721045,brute_force,1
1,1,0,19.301515939169136,0,0,0,0.0,0,0.8211382446425417,benign_retry_then_success,0
0,1,0,25.629841411604982,0,0,0,0.0,0,0.6774475616068993,benign_single_use,0
4,0,0,17.860405573309723,0,0,0,4.109778329766945,0,0.3622297613613677,brute_force,1
0,1,0,332.90714730938055,0,0,1,0.0,1,0.7626547556870031,late_verify,1
0,0,1,16.697605330735996,0,0,0,0.0,0,0.3312297801865461,stale_after_reissue,1
0,1,0,36.88998518583438,1,0,0,0.0,0,0.5437524978284558,cross_session,1
0,1,0,57.17198425467045,0,0,0,0.0,1,0.3831716031244521,benign_single_use,0
1,0,0,3.005394312891065,0,0,0,0.0,0,0.3693690135320727,benign_retry_then_success,0
2,0,0,23.525419028002673,0,0,0,10.816652766745827,1,0.5948740261519693,benign_retry_then_success,0
0,1,0,384.4977901575659,0,0,1,0.0,0,0.6978987047385357,late_verify,1
1,0,0,6.097299129676505,0,0,0,0.0,0,0.3064990697964522,benign_retry_then_success,0
1,1,0,21.22853045872423,0,0,0,0.0,1,0.6935040421305885,benign_retry_then_success,0
0,1,0,10.052567729166313,0,0,0,0.0,1,0.7889237086128886,benign_sms_normal,0
1,1,0,22.44473887638134,0,0,0,0.0,1,0.817712948057316,benign_retry_then_success,0
0,1,0,388.82300884491247,0,0,1,0.0,1,0.35181379519062655,late_verify,1
0,1,0,34.01781930018376,0,0,0,0.0,0,0.8338333377452094,benign_single_use,0
2,0,0,18.369421914870294,0,0,0,5.99204221744794,0,0.423993484804027,benign_retry_then_success,0
2,0,0,9.634408334335866,0,0,0,3.0402829666441518,0,0.5363574912152116,benign_retry_then_success,0
0,1,0,48.20555230624639,0,0,0,0.0,0,0.3331574337755311,benign_single_use,0
0,2,0,88.21357474427717,0,0,0,0.0,1,0.9875131194666094,replay_attempt,1
0,1,0,31.844085629867173,0,0,0,0.0,1,0.7841083886314062,benign_sms_normal,0
0,1,0,27.591407848203776,0,0,0,0.0,0,0.5631212793329625,benign_single_use,0
0,1,0,51.02071581909199,1,0,0,0.0,1,0.976489487355011,cross_session,1
0,1,0,21.54717613268751,0,0,0,0.0,0,0.5970464426683334,benign_single_use,0
0,1,0,21.03098354367059,0,0,0,0.0,0,0.8533152962015198,benign_single_use,0
0,2,0,76.78779044562964,0,0,0,0.0,1,0.5479112481249746,replay_attempt,1
0,1,0,316.98719713403983,0,0,1,0.0,0,0.8209223174043432,late_verify,1
1,1,0,25.861712279179322,0,0,0,0.0,0,0.890927785998884,benign_retry_then_success,0
0,1,0,324.74347748997116,0,0,1,0.0,1,0.42959528605717123,late_verify,1
0,1,0,54.04443852031505,0,0,0,0.0,1,0.38805044874778505,replay_attempt,1
0,1,0,51.52955494007169,0,0,0,0.0,0,0.5433583234213719,benign_single_use,0
0,1,1,86.50579588992396,0,1,0,0.0,0,0.5968102731045848,stale_after_reissue,1
2,1,0,26.147240480658635,0,0,0,9.875732325591011,1,0.6843750372171242,benign_retry_then_success,0
0,1,0,48.17065190325965,0,0,0,0.0,0,0.3861105186628212,benign_sms_normal,0
0,2,0,15.27556083004902,0,0,0,0.0,1,0.6419718141444235,replay_attempt,1
0,1,0,385.7668885401791,0,0,1,0.0,1,0.894013224159304,late_verify,1
0,2,0,72.01252918704873,0,0,0,0.0,0,0.5921719864999433,replay_attempt,1
0,0,1,17.317901834153524,0,0,0,0.0,1,0.45264341985922507,stale_after_reissue,1
0,1,0,329.07162584132783,0,0,1,0.0,0,0.43520068264856326,late_verify,1
1,0,0,7.65423688318411,0,0,0,0.0,0,0.30533029295579683,benign_retry_then_success,0
0,1,0,38.22953954087452,0,0,0,0.0,1,0.9506828010005917,benign_single_use,0
5,0,0,20.54864339264944,0,0,0,3.9221293982907848,0,0.6952546801233558,brute_force,1
0,1,0,50.565992470800865,1,0,0,0.0,0,0.48480949958648334,cross_session,1
2,0,0,20.569877165628306,0,0,0,8.659624044498445,0,0.6397058674435827,benign_retry_then_success,0
2,0,0,24.392896252674838,0,0,0,12.879597526323913,0,0.4352947147089253,benign_retry_then_success,0
0,1,0,17.042526235365123,1,0,0,0.0,1,0.8545102700653593,cross_session,1
1,0,0,14.84876302180236,0,0,0,0.0,0,0.3136869246751542,benign_retry_then_success,0
1,1,0,24.020904676574773,0,0,0,0.0,0,0.6958422678098797,benign_retry_then_success,0
1,0,0,3.1794906712072106,0,0,0,0.0,0,0.3152575775670805,benign_retry_then_success,0
0,1,1,66.86543667687886,0,1,0,0.0,1,0.7447636554426141,stale_after_reissue,1
0,1,0,15.629261561290122,1,0,0,0.0,1,0.7782442953596906,cross_session,1
0,1,0,53.98416725939401,0,0,0,0.0,1,0.6974692018916814,benign_sms_normal,0
0,1,0,7.979462392573906,1,0,0,0.0,1,0.577552692707288,cross_session,1
2,1,0,28.034554928979666,0,0,0,4.833979021588926,1,0.7093097083690605,benign_retry_then_success,0
3,0,0,13.505361932550844,0,0,0,4.297598634668416,0,0.3909622368202995,brute_force,1
0,1,0,31.322143428712586,0,0,0,0.0,1,0.9759688298275615,benign_sms_normal,0
0,1,0,303.12323932338217,0,0,1,0.0,1,0.8076805116933699,late_verify,1
0,1,0,20.964051365430016,0,0,0,0.0,0,0.5966650558484696,benign_sms_normal,0
0,2,0,37.94821075344175,0,0,0,0.0,1,0.8493185935366139,replay_attempt,1
0,1,0,373.68928403112676,0,0,1,0.0,0,0.3027596327728772,late_verify,1
0,1,0,32.19039087654964,1,0,0,0.0,1,0.5084044226749028,cross_session,1
1,1,0,27.96991479983008,0,0,0,0.0,1,0.5947004570540574,benign_retry_then_success,0
0,1,0,25.956955079433513,0,0,0,0.0,0,0.9925373611742585,benign_single_use,0
1,0,0,3.4310145760731277,0,0,0,0.0,1,0.33288065692406693,benign_retry_then_success,0
0,1,0,54.24089280024203,0,0,0,0.0,1,0.43834250115409007,replay_attempt,1
0,1,0,47.913214554038554,0,0,0,0.0,0,0.668964713228368,benign_single_use,0
0,1,0,39.426469248033875,0,0,0,0.0,1,0.9812579723661843,benign_single_use,0
0,1,0,6.37658878966874,0,0,0,0.0,1,0.7935057936427696,benign_sms_normal,0
0,2,0,35.69931638710103,0,0,0,0.0,1,0.6275630305571641,replay_attempt,1
0,1,0,17.970181867381783,1,0,0,0.0,0,0.7012832605414451,cross_session,1
0,1,0,38.80193898998324,0,0,0,0.0,1,0.3467626345178575,benign_sms_normal,0
0,1,0,352.61999576637794,0,0,1,0.0,0,0.43788526377712755,late_verify,1
0,1,1,55.99938537355056,0,1,0,0.0,0,0.7520015905590771,stale_after_reissue,1
0,0,1,39.933586505554715,0,0,0,0.0,0,0.3485845558082481,stale_after_reissue,1
0,1,0,26.52392308532485,0,0,0,0.0,0,0.6150237691326361,benign_sms_normal,0
0,2,0,65.3467709773636,0,0,0,0.0,1,0.9081664385849231,replay_attempt,1
2,0,0,23.18052449282921,0,0,0,12.254542447438102,0,0.3365655489486929,benign_retry_then_success,0
6,0,0,20.99509468385379,0,0,0,3.223918749873404,1,0.5851962195398004,brute_force,1
0,1,0,10.229786824066268,0,0,0,0.0,0,0.7574271686472238,benign_sms_normal,0
0,1,0,57.36167782217533,0,0,0,0.0,1,0.934527894738413,benign_single_use,0
0,1,0,31.42128326236081,1,0,0,0.0,0,0.9272713555759271,cross_session,1
0,1,0,57.918014578714704,0,0,0,0.0,0,0.7567415864507877,benign_single_use,0
0,1,0,43.25894246048312,0,0,0,0.0,1,0.34575828056773444,benign_single_use,0
0,1,1,55.54959748177723,0,1,0,0.0,0,0.5438379287893658,stale_after_reissue,1
0,1,0,49.07350247516075,0,0,0,0.0,0,0.9698002693900067,benign_sms_normal,0
0,1,0,357.33900941502645,0,0,1,0.0,1,0.41219208707792565,late_verify,1
0,1,0,51.355172049950774,1,0,0,0.0,1,0.7110010388085688,cross_session,1
0,1,0,35.60108472203993,0,0,0,0.0,0,0.672966137920549,benign_single_use,0
0,1,1,59.86649529501382,0,1,0,0.0,0,0.8384422970731535,stale_after_reissue,1
1,1,0,16.532816621867727,0,0,0,0.0,1,0.8900053989842145,benign_retry_then_success,0
2,0,0,18.018144543123228,0,0,0,5.304515727001434,0,0.6014414616610734,benign_retry_then_success,0
0,1,1,71.56069966639852,0,1,0,0.0,0,0.9540982809585112,stale_after_reissue,1
2,1,0,28.70331730695322,0,0,0,7.808050678275665,1,0.7742505946402882,benign_retry_then_success,0
0,1,0,27.222164099732513,0,0,0,0.0,0,0.36080565296972733,benign_sms_normal,0
0,1,0,27.840203678473728,0,0,0,0.0,1,0.656456514467678,benign_single_use,0
0,1,0,382.38404967107414,0,0,1,0.0,0,0.7261138810310259,late_verify,1
0,1,0,12.639714920707743,0,0,0,0.0,1,0.7014635192629017,benign_single_use,0
10,0,0,37.31091168014578,0,0,0,3.6921505570989237,0,0.9121453128129096,brute_force,1
0,1,0,15.08409412966322,0,0,0,0.0,1,0.5613553459866669,benign_sms_normal,0
0,1,0,85.67269175466727,0,0,0,0.0,1,0.8375096058666569,benign_sms_normal,0
0,2,0,60.78023817286236,0,0,0,0.0,1,0.7088962341327425,replay_attempt,1
0,1,0,21.61060543786471,0,0,0,0.0,0,0.7741674179738862,benign_single_use,0
0,1,0,46.323820413632085,0,0,0,0.0,0,0.6084980557415514,benign_sms_normal,0
0,1,0,369.7947447183767,0,0,1,0.0,1,0.6476473161463366,late_verify,1
0,1,0,10.417516443864773,0,0,0,0.0,1,0.8985780083397408,benign_sms_normal,0
2,1,0,32.0688608586472,0,0,0,14.879202151074368,1,0.7452784986769856,benign_retry_then_success,0
2,1,0,29.999450979273774,0,0,0,9.573389307158646,0,0.7886386598702642,benign_retry_then_success,0
0,1,0,394.54844776896715,0,0,1,0.0,1,0.9839331604335151,late_verify,1
0,1,0,32.38601871876935,1,0,0,0.0,0,0.8714220175654315,cross_session,1
0,1,0,17.727454021919527,0,0,0,0.0,0,0.8073842062285295,benign_single_use,0
2,1,0,17.96975947078196,0,0,0,7.028357557792879,0,0.7885077036463914,benign_retry_then_success,0
0,1,0,45.63249699390953,0,0,0,0.0,1,0.39242231795239063,benign_sms_normal,0
2,0,0,18.01240996823325,0,0,0,5.677347878251538,1,0.5064697674649771,benign_retry_then_success,0
0,0,1,14.890257061070846,0,0,0,0.0,0,0.4371527874977359,stale_after_reissue,1
0,1,0,46.63719730198115,1,0,0,0.0,1,0.9642037883899395,cross_session,1
0,1,0,31.697491810553,0,0,0,0.0,1,0.8250890229131846,benign_single_use,0
6,0,0,27.103938302321293,0,0,0,4.721963065532198,0,0.6363392148611695,brute_force,1
0,1,0,48.38992156081967,0,0,0,0.0,1,0.34850131674297447,benign_sms_normal,0
0,1,0,47.70192186569567,1,0,0,0.0,0,0.3778079798990793,cross_session,1
2,0,0,26.70552829516794,0,0,0,13.165366354721758,0,0.5853859698278393,benign_retry_then_success,0
0,1,0,14.970874236865995,0,0,0,0.0,0,0.6929201383860311,benign_single_use,0
0,1,0,366.4868633210657,0,0,1,0.0,1,0.7518898070823132,late_verify,1
0,1,0,41.97335763909915,0,0,0,0.0,0,0.6482569307367483,benign_sms_normal,0
0,1,1,57.96135819237719,0,1,0,0.0,0,0.6553373242220897,stale_after_reissue,1
0,1,0,36.01535396214052,1,0,0,0.0,0,0.4214115121174828,cross_session,1
2,1,0,34.855378976068394,0,0,0,14.83955271944582,0,0.8038935439227533,benign_retry_then_success,0
0,1,0,47.73538242045958,0,0,0,0.0,1,0.9275879905296132,benign_single_use,0
1,0,0,11.512749846960633,0,0,0,0.0,1,0.4806370691803729,benign_retry_then_success,0
1,1,0,19.342409857262645,0,0,0,0.0,0,0.564883072829235,benign_retry_then_success,0
0,1,1,55.99642153777927,0,1,0,0.0,1,0.841000195707061,stale_after_reissue,1
0,1,1,82.78551722213604,0,1,0,0.0,1,0.5973497024141244,stale_after_reissue,1
0,1,0,19.586132184661913,0,0,0,0.0,0,0.7767413207560152,benign_single_use,0
2,1,0,30.48751943871614,0,0,0,13.075931152941383,0,0.9508627541985679,benign_retry_then_success,0
0,1,0,15.190816850721255,0,0,0,0.0,1,0.45023732438454267,replay_attempt,1
0,1,1,37.625643631734185,0,1,0,0.0,0,0.600704358531801,stale_after_reissue,1
0,1,0,395.74323147569476,0,0,1,0.0,1,0.3233633578884548,late_verify,1
0,1,0,37.20701073943338,0,0,0,0.0,0,0.40466890617028933,benign_single_use,0
0,1,0,53.707836131237734,0,0,0,0.0,0,0.6335832593895546,benign_single_use,0
0,1,0,44.52351899403941,0,0,0,0.0,0,0.7353478675584528,benign_sms_normal,0
2,0,0,28.300150370529977,0,0,0,13.427904111830669,0,0.39600117733887324,benign_retry_then_success,0
0,1,0,14.647687730840113,0,0,0,0.0,0,0.956411675155264,benign_single_use,0
0,1,0,87.34635026631207,0,0,0,0.0,1,0.4026074720316107,benign_sms_normal,0
0,2,0,28.721503934492667,0,0,0,0.0,1,0.9580945132742578,replay_attempt,1
0,1,0,26.21122347267977,0,0,0,0.0,0,0.7161552287074353,benign_sms_normal,0
0,1,0,35.25465560432906,0,0,0,0.0,0,0.7091440050558074,benign_single_use,0
0,1,0,17.599359782353893,0,0,0,0.0,0,0.9549734591372299,benign_single_use,0
1,0,0,6.618894891042174,0,0,0,0.0,0,0.37100888974104973,benign_retry_then_success,0
0,1,0,45.93560683200374,1,0,0,0.0,0,0.8086675708207449,cross_session,1
0,1,0,57.64932757330522,0,0,0,0.0,1,0.37303120649672,benign_single_use,0
0,1,0,28.652110073527826,0,0,0,0.0,0,0.4974692342388676,benign_single_use,0
2,1,0,27.852074607758517,0,0,0,10.334367616833239,1,0.8322710776076161,benign_retry_then_success,0
0,1,0,42.64365227671917,0,0,0,0.0,0,0.5307515755127677,benign_single_use,0
0,1,0,23.975738565672643,0,0,0,0.0,0,0.7980463402520642,benign_single_use,0
7,0,0,28.43597509812689,0,0,0,3.926449419389835,1,0.616854227419136,brute_force,1
2,1,0,31.721999153456967,0,0,0,13.751719388694728,0,0.7415433910372966,benign_retry_then_success,0
0,1,0,46.905055061552446,0,0,0,0.0,1,0.5737157837425908,benign_sms_normal,0
0,1,0,336.70116668085535,0,0,1,0.0,1,0.4456372136787702,late_verify,1
1,1,0,7.017706873762133,0,0,0,0.0,1,0.7865073684708122,benign_retry_then_success,0
0,0,1,13.08836190716038,0,0,0,0.0,1,0.4830051278816039,stale_after_reissue,1
1,1,0,14.743647817013334,0,0,0,0.0,1,0.534766890280754,benign_retry_then_success,0
10,0,0,38.55416458514088,0,0,0,3.696572333330904,1,0.9090438330823731,brute_force,1
0,1,0,42.59493305954722,0,0,0,0.0,0,0.9734834047841097,benign_single_use,0
0,1,0,6.252026683529678,0,0,0,0.0,0,0.37288132271806973,benign_single_use,0
0,1,1,47.55626700549191,0,1,0,0.0,0,0.6339111235125781,stale_after_reissue,1
0,2,0,45.16290148551543,0,0,0,0.0,0,0.8666294444011073,replay_attempt,1
0,1,0,65.38135766106893,0,0,0,0.0,1,0.7171723620923822,benign_sms_normal,0
2,1,0,36.87267179002428,0,0,0,14.57167045432761,1,0.7319554233038926,benign_retry_then_success,0
0,1,1,73.85270313495081,0,1,0,0.0,0,0.8020438148163072,stale_after_reissue,1
2,1,0,28.911138574472574,0,0,0,9.693786588632214,0,0.9271847055068336,benign_retry_then_success,0
0,1,0,26.917686894747224,0,0,0,0.0,0,0.8521556758695439,benign_sms_normal,0
0,1,0,26.396664274637164,1,0,0,0.0,0,0.3866585326216225,cross_session,1
0,1,1,62.819681821798326,0,1,0,0.0,1,0.9431515832467596,stale_after_reissue,1
2,1,0,31.395234896611843,0,0,0,8.45541388876716,0,0.9718539997704732,benign_retry_then_success,0
0,1,1,44.62969703294404,0,1,0,0.0,1,0.5684086168944797,stale_after_reissue,1
0,1,1,70.88509698518168,0,1,0,0.0,1,0.9461030457637756,stale_after_reissue,1
0,1,1,66.05721220447565,0,1,0,0.0,0,0.9913483561375904,stale_after_reissue,1
0,2,0,53.915091707003675,0,0,0,0.0,0,0.7824363752769187,replay_attempt,1
0,1,0,362.0755896329432,0,0,1,0.0,1,0.9609548074650884,late_verify,1
0,1,0,39.393432907360456,0,0,0,0.0,1,0.6857721010255898,benign_sms_normal,0
0,1,0,39.0074940804961,0,0,0,0.0,1,0.7256427017040255,benign_sms_normal,0
0,1,0,354.6791502428587,0,0,1,0.0,0,0.45391784574820004,late_verify,1
2,0,0,13.319460441233057,0,0,0,6.2654196076637785,1,0.3976805663443118,benign_retry_then_success,0
0,1,0,15.028046794057643,0,0,0,0.0,1,0.9992101828350022,benign_sms_normal,0
0,1,0,54.28265734854727,0,0,0,0.0,0,0.7264301676263422,benign_single_use,0
0,1,0,14.94461572829829,1,0,0,0.0,1,0.8929361000168217,cross_session,1
8,0,0,36.24879414608404,0,0,0,4.489934380575245,1,0.865163122885984,brute_force,1
2,1,0,36.6303020479829,0,0,0,9.786800261438074,1,0.7690796240089699,benign_retry_then_success,0
0,1,0,87.8765891481881,0,0,0,0.0,0,0.699703883557691,benign_sms_normal,0
0,1,0,317.2249601662448,0,0,1,0.0,1,0.780349016025313,late_verify,1
1,0,0,14.581166023426778,0,0,0,0.0,0,0.4697463345917746,benign_retry_then_success,0
0,1,0,6.1231963030780525,1,0,0,0.0,1,0.8784803519658748,cross_session,1
2,1,0,28.63187981479018,0,0,0,6.158083253806131,0,0.6714745100584527,benign_retry_then_success,0
0,1,0,49.06984058642099,0,0,0,0.0,0,0.6189997478634313,benign_sms_normal,0
5,0,0,19.63970120855914,0,0,0,3.454100012638785,1,0.5588289777961241,brute_force,1
0,1,0,12.337944373000315,1,0,0,0.0,0,0.5554422980505718,cross_session,1
0,1,0,31.969919093953873,0,0,0,0.0,0,0.8173925712104904,benign_sms_normal,0
0,1,0,19.095774136822534,0,0,0,0.0,0,0.9551360538368117,benign_single_use,0
0,1,0,36.72131558171424,0,0,0,0.0,0,0.4611825009302239,benign_single_use,0
1,1,0,20.924295925669078,0,0,0,0.0,0,0.6021111426001655,benign_retry_then_success,0
0,1,0,26.26194840959141,0,0,0,0.0,0,0.974881008856302,benign_single_use,0
0,1,0,22.993858725038653,0,0,0,0.0,0,0.9695581141937473,benign_single_use,0
0,1,0,310.86204922750215,0,0,1,0.0,0,0.664029319046761,late_verify,1
0,1,0,41.151809008037496,0,0,0,0.0,1,0.7805284105456637,benign_single_use,0
0,1,0,43.974664568682726,1,0,0,0.0,0,0.5179317188862361,cross_session,1
0,1,1,89.76546410197,0,1,0,0.0,0,0.7125181898035989,stale_after_reissue,1
0,1,0,18.052358154295874,1,0,0,0.0,1,0.7746783967277975,cross_session,1
0,2,0,53.85457913299986,0,0,0,0.0,0,0.770610085988368,replay_attempt,1
2,1,0,28.44794263456186,0,0,0,4.133034589369759,0,0.7288331197402597,benign_retry_then_success,0
0,1,0,19.68246406254567,0,0,0,0.0,1,0.8598512532450633,benign_sms_normal,0
1,1,0,14.968301964429514,0,0,0,0.0,1,0.6639717384976576,benign_retry_then_success,0
7,0,0,25.45828775367744,0,0,0,3.533063613063304,1,0.7734576896821548,brute_force,1
10,0,0,31.139771269141,0,0,0,3.1737475352625983,0,0.9032063569374573,brute_force,1
0,1,1,35.338838447378095,0,1,0,0.0,0,0.5047160618871924,stale_after_reissue,1
1,0,0,4.7045065790157246,0,0,0,0.0,1,0.386409647660309,benign_retry_then_success,0
0,1,0,14.283288991951222,0,0,0,0.0,0,0.7834719071301675,benign_sms_normal,0
3,0,0,8.90781906608199,0,0,0,3.3781590411432463,0,0.42937330062753065,brute_force,1
0,1,0,44.574399642895145,0,0,0,0.0,1,0.4750062189324624,benign_single_use,0
0,1,0,75.34948707260335,0,0,0,0.0,1,0.7118807892987713,benign_sms_normal,0
8,0,0,33.728957862135005,0,0,0,4.155735661353177,0,0.7198285341012249,brute_force,1
0,1,0,39.051221504714015,0,0,0,0.0,1,0.9052185216133368,benign_single_use,0
1,0,0,14.280563112970833,0,0,0,0.0,0,0.45446076085201514,benign_retry_then_success,0
1,1,0,15.33698109918244,0,0,0,0.0,0,0.7145150303647334,benign_retry_then_success,0
0,1,0,38.59353627741034,0,0,0,0.0,1,0.3116704478018378,benign_single_use,0
0,1,0,10.38733174638942,0,0,0,0.0,0,0.8148330412387934,benign_single_use,0
0,1,0,41.75067403976893,0,0,0,0.0,0,0.4248732167575728,benign_single_use,0
0,1,0,32.9621901095911,0,0,0,0.0,0,0.7518377569004289,benign_single_use,0
0,1,0,15.927787464493601,0,0,0,0.0,1,0.7313307231700811,benign_sms_normal,0
0,1,0,9.384356865209071,1,0,0,0.0,1,0.4091621741465597,cross_session,1
0,1,0,80.41301413692763,0,0,0,0.0,0,0.5636911678521641,benign_sms_normal,0
2,0,0,18.24721292098004,0,0,0,10.789231855531355,1,0.6366339532980203,benign_retry_then_success,0
0,1,0,21.133745517750775,0,0,0,0.0,0,0.8023086627208627,benign_single_use,0
0,1,0,46.089404891208616,0,0,0,0.0,1,0.3432285330661346,benign_single_use,0
0,1,0,75.18856227232808,0,0,0,0.0,1,0.8181882534363749,benign_sms_normal,0
0,1,0,29.137144082974295,0,0,0,0.0,1,0.8299926472891279,benign_single_use,0
0,1,0,48.59478601284786,1,0,0,0.0,1,0.3549898982044757,cross_session,1
1,0,0,12.860266288502732,0,0,0,0.0,1,0.46580065429560163,benign_retry_then_success,0
0,1,1,51.42751819849821,0,1,0,0.0,0,0.6237557281745625,stale_after_reissue,1
0,1,0,21.998740656178857,0,0,0,0.0,0,0.631929737696872,benign_sms_normal,0
0,1,0,24.493953417017998,0,0,0,0.0,0,0.5475934399313843,benign_sms_normal,0
1,1,0,23.268613933842936,0,0,0,0.0,0,0.6806092229503214,benign_retry_then_success,0
0,1,0,12.516646761157801,0,0,0,0.0,1,0.6928521579830333,benign_single_use,0
1,1,0,12.055573204680627,0,0,0,0.0,1,0.5238411762163516,benign_retry_then_success,0
0,1,0,16.207382886833244,0,0,0,0.0,1,0.3437642446353762,benign_single_use,0
0,2,0,29.44513320491928,0,0,0,0.0,1,0.514473797474964,replay_attempt,1
0,1,0,56.36579150133319,0,0,0,0.0,0,0.651189836214245,benign_sms_normal,0
9,0,0,32.757965035079174,0,0,0,3.7917999680021888,1,0.8104969658875325,brute_force,1
0,1,1,71.32989766769558,0,1,0,0.0,1,0.9912873026475133,stale_after_reissue,1
0,1,0,402.0135048027542,0,0,1,0.0,1,0.8427234496498694,late_verify,1
1,0,0,13.505268325055578,0,0,0,0.0,0,0.4592079767557532,benign_retry_then_success,0
0,1,0,367.74463912288235,0,0,1,0.0,0,0.42307107846969927,late_verify,1
0,0,1,17.22809101719038,0,0,0,0.0,0,0.3098375815440603,stale_after_reissue,1
0,1,0,34.869377106610806,0,0,0,0.0,1,0.5344311834087296,benign_sms_normal,0
0,1,0,78.08297637804193,0,0,0,0.0,1,0.40457296745387883,benign_sms_normal,0
2,1,0,31.032422267281046,0,0,0,12.959743621946686,0,0.7253460418073936,benign_retry_then_success,0
0,0,1,27.82674518603253,0,0,0,0.0,1,0.32481285449983877,stale_after_reissue,1
0,1,0,31.297076140563124,0,0,0,0.0,0,0.6553776736040222,benign_single_use,0
0,1,0,14.966323116111335,0,0,0,0.0,0,0.4369966606325292,replay_attempt,1
0,1,0,33.41148795222715,0,0,0,0.0,1,0.34007371871415476,replay_attempt,1
0,1,0,307.38072225005726,0,0,1,0.0,0,0.5928650827871735,late_verify,1
0,0,1,13.065932653393999,0,0,0,0.0,0,0.4102593783788368,stale_after_reissue,1
0,1,0,324.8484994254938,0,0,1,0.0,0,0.3750305567985384,late_verify,1
0,1,1,83.50628534071653,0,1,0,0.0,1,0.514286306265771,stale_after_reissue,1
2,1,0,28.247293303181237,0,0,0,12.60874271166484,1,0.8690627212389372,benign_retry_then_success,0
0,1,0,12.086047566232397,0,0,0,0.0,1,0.9720574755897553,benign_single_use,0
0,1,0,10.566088829523004,0,0,0,0.0,0,0.9287093345271915,benign_sms_normal,0
0,1,0,20.811154089901873,0,0,0,0.0,0,0.754130862939272,benign_single_use,0
0,1,0,355.60546550812484,0,0,1,0.0,0,0.6734445223462762,late_verify,1
1,0,0,4.682480012054602,0,0,0,0.0,1,0.4177979011960963,benign_retry_then_success,0
0,1,0,29.990173833881855,0,0,0,0.0,1,0.7917980896850468,benign_single_use,0
0,1,0,79.04295782201609,0,0,0,0.0,0,0.7758499526341291,benign_sms_normal,0
0,1,1,71.8945324991577,0,1,0,0.0,0,0.8506103860378558,stale_after_reissue,1
0,1,1,26.103179358177456,0,1,0,0.0,1,0.7300318224020992,stale_after_reissue,1
0,1,0,345.3188992630646,0,0,1,0.0,0,0.6589916200196164,late_verify,1
4,0,0,15.989056800416833,0,0,0,4.87027766064146,0,0.6563409039379108,brute_force,1
0,1,0,85.07539285167442,0,0,0,0.0,1,0.8052181766348063,benign_sms_normal,0
8,0,0,22.885319007890303,0,0,0,3.040450420954978,1,0.8047380581365422,brute_force,1
0,1,0,50.893645747971966,0,0,0,0.0,0,0.5358023589091649,benign_sms_normal,0
0,1,0,390.87261635089476,0,0,1,0.0,0,0.8944990856847297,late_verify,1
0,1,0,19.728544574977754,0,0,0,0.0,0,0.3354167926156493,benign_single_use,0
1,1,0,18.532013417991994,0,0,0,0.0,0,0.7831086325459545,benign_retry_then_success,0
1,0,0,14.52454473068426,0,0,0,0.0,1,0.361838573922746,benign_retry_then_success,0
0,1,0,6.171627940955085,1,0,0,0.0,1,0.45607433414037235,cross_session,1
7,0,0,24.362841345220126,0,0,0,3.8893926561187104,0,0.5793000406168332,brute_force,1
0,1,0,9.49389849920801,0,0,0,0.0,1,0.31709084044361874,replay_attempt,1
0,1,0,77.85705450284887,0,0,0,0.0,0,0.8587115175291056,benign_sms_normal,0
0,1,1,48.511511868311814,0,1,0,0.0,1,0.7892757475496707,stale_after_reissue,1
0,1,0,33.55893313824106,1,0,0,0.0,0,0.9683058226606001,cross_session,1
0,0,1,45.51578386351614,0,0,0,0.0,0,0.3187197400208228,stale_after_reissue,1
0,1,0,19.47095115853105,0,0,0,0.0,0,0.786463881465655,benign_sms_normal,0
0,2,0,81.60962404854205,0,0,0,0.0,1,0.5757161505779222,replay_attempt,1
0,1,0,49.19752733797674,0,0,0,0.0,1,0.6291656039650956,benign_sms_normal,0
0,1,0,21.59425306423976,1,0,0,0.0,1,0.6408780359921735,cross_session,1
0,1,0,403.3178994768661,0,0,1,0.0,0,0.5141327222391814,late_verify,1
0,1,0,37.14161163098534,0,0,0,0.0,0,0.48586747892549964,replay_attempt,1
0,1,0,59.233302632885966,1,0,0,0.0,0,0.6014351745404005,cross_session,1
0,1,0,27.261781193135572,0,0,0,0.0,1,0.33847227169930927,benign_single_use,0
0,1,1,59.97486487381936,0,1,0,0.0,1,0.8543010925212615,stale_after_reissue,1
9,0,0,27.168187385396628,0,0,0,2.789184871837504,0,0.8528876923850179,brute_force,1
0,1,1,34.54288999415899,0,1,0,0.0,1,0.892842370900035,stale_after_reissue,1
0,1,0,43.27012080776623,1,0,0,0.0,0,0.7124721329330066,cross_session,1
0,2,0,47.97858727157746,0,0,0,0.0,0,0.902085763361431,replay_attempt,1
2,1,0,25.0646593252675,0,0,0,8.173350598589028,1,0.9727485050474063,benign_retry_then_success,0
0,1,0,37.61464928303979,0,0,0,0.0,1,0.8942070267415532,benign_single_use,0
0,1,0,323.54417632342427,0,0,1,0.0,0,0.40737329758272506,late_verify,1
0,1,0,43.75783921733884,0,0,0,0.0,0,0.813318753661509,benign_sms_normal,0
2,1,0,34.780542416856846,0,0,0,14.920016346126502,1,0.931368124609858,benign_retry_then_success,0
0,1,1,38.083232867358255,0,1,0,0.0,1,0.7650689906960986,stale_after_reissue,1
1,1,0,19.16246951543473,0,0,0,0.0,1,0.5679266068872859,benign_retry_then_success,0
0,1,0,87.63772328710056,0,0,0,0.0,1,0.8434501385374826,benign_sms_normal,0
0,1,0,16.50628312711911,0,0,0,0.0,1,0.46568791942334675,replay_attempt,1
0,1,0,41.88975959720921,0,0,0,0.0,1,0.5917104713481098,benign_single_use,0
0,1,0,31.18278274517016,0,0,0,0.0,1,0.36253909076021523,replay_attempt,1
0,1,0,12.015801712159899,0,0,0,0.0,1,0.4837150573807065,benign_single_use,0
0,1,1,49.59032783953931,0,1,0,0.0,1,0.5751903558958574,stale_after_reissue,1
0,1,0,5.318106409668828,0,0,0,0.0,0,0.3554131034670345,benign_sms_normal,0
1,0,0,12.330625611827399,0,0,0,0.0,0,0.401383112400706,benign_retry_then_success,0
0,2,0,31.857866609528806,0,0,0,0.0,0,0.8508054306560304,replay_attempt,1
2,0,0,23.95382105550202,0,0,0,12.86707978982624,0,0.44645446739281336,benign_retry_then_success,0
0,1,0,32.21254129503724,0,0,0,0.0,1,0.7697476694266128,benign_sms_normal,0
0,1,0,17.564609501650633,1,0,0,0.0,0,0.3990201946679234,cross_session,1
8,0,0,33.92192647769034,0,0,0,4.15072752768805,0,0.70806131061561,brute_force,1
0,2,0,57.333242667851344,0,0,0,0.0,0,0.595353211067754,replay_attempt,1
0,1,0,367.9966168023423,0,0,1,0.0,1,0.4491850596483604,late_verify,1
0,1,0,23.40429849192658,0,0,0,0.0,1,0.401988319276009,replay_attempt,1
0,1,0,40.46637184616613,0,0,0,0.0,1,0.510946295604998,benign_sms_normal,0
0,1,1,84.68010737846791,0,1,0,0.0,0,0.7914647584004111,stale_after_reissue,1
0,1,1,69.43112455229392,0,1,0,0.0,0,0.7466686546839135,stale_after_reissue,1
0,1,0,47.71649950358412,0,0,0,0.0,0,0.3036820862986131,benign_single_use,0
0,2,0,78.26445393655428,0,0,0,0.0,0,0.5550463159986989,replay_attempt,1
0,1,0,43.404894091765584,0,0,0,0.0,0,0.9074812730797797,benign_sms_normal,0
0,0,1,51.291121988042164,0,0,0,0.0,0,0.4880746502335787,stale_after_reissue,1
0,2,0,50.79036193022319,0,0,0,0.0,1,0.8223973109225622,replay_attempt,1
0,1,0,21.873754588988586,0,0,0,0.0,1,0.892193991543222,benign_single_use,0
0,1,0,50.108262036555416,0,0,0,0.0,1,0.8738245086944265,benign_sms_normal,0
0,1,0,71.42216943643069,0,0,0,0.0,1,0.44436994040116023,benign_sms_normal,0
0,1,0,15.050547083036982,0,0,0,0.0,1,0.5987561399138805,benign_sms_normal,0
1,1,0,19.371399656302597,0,0,0,0.0,1,0.7298617643213164,benign_retry_then_success,0
6,0,0,24.348467846698174,0,0,0,4.318337323384494,1,0.9883955811316028,brute_force,1
0,1,0,37.58957068791896,0,0,0,0.0,0,0.5153679996657813,benign_single_use,0
0,1,0,307.2004397468513,0,0,1,0.0,0,0.6175326379404467,late_verify,1
0,1,0,14.953341734700329,1,0,0,0.0,0,0.9005804987040504,cross_session,1
0,1,1,66.89349340516992,0,1,0,0.0,0,0.8855182890448372,stale_after_reissue,1
0,1,1,72.44224365946943,0,1,0,0.0,0,0.7993401747046811,stale_after_reissue,1
6,0,0,21.20630447474757,0,0,0,3.048149198895834,1,0.8315181739712536,brute_force,1
0,1,0,11.29447431922986,0,0,0,0.0,1,0.7351988767523785,benign_single_use,0
0,1,0,380.8557081640887,0,0,1,0.0,0,0.9716272291865697,late_verify,1
0,2,0,45.57374155669719,0,0,0,0.0,0,0.6005929214670631,replay_attempt,1
0,1,0,318.6408190574776,0,0,1,0.0,0,0.9547624556150032,late_verify,1
1,0,0,12.054900348214682,0,0,0,0.0,0,0.45592370355336936,benign_retry_then_success,0
0,1,0,32.87495958877677,1,0,0,0.0,0,0.5391167063289622,cross_session,1
0,1,0,6.401561503596045,1,0,0,0.0,0,0.3010997355727779,cross_session,1
0,1,0,35.74133793151101,0,0,0,0.0,0,0.9640228821705807,benign_sms_normal,0
7,0,0,25.255384972413573,0,0,0,3.561053066849057,0,0.7378467335823427,brute_force,1
0,1,0,41.804570073285426,1,0,0,0.0,1,0.8158848860493404,cross_session,1
1,1,0,11.478184492786998,0,0,0,0.0,0,0.8346798537167646,benign_retry_then_success,0
0,1,0,64.73062556942689,0,0,0,0.0,0,0.8180639274989407,benign_sms_normal,0
0,1,0,38.59445123793284,1,0,0,0.0,0,0.6628953850995994,cross_session,1
0,1,0,51.35418628070176,1,0,0,0.0,0,0.9749849207413166,cross_session,1
0,1,0,419.7613499890707,0,0,1,0.0,1,0.6403371388100745,late_verify,1
0,0,1,40.40846860377874,0,0,0,0.0,1,0.3329626106280231,stale_after_reissue,1
0,1,0,339.6910248600739,0,0,1,0.0,0,0.849107104835229,late_verify,1
0,2,0,56.11292810830812,0,0,0,0.0,1,0.6290331679901329,replay_attempt,1
5,0,0,12.242911298039683,0,0,0,2.698415270644402,1,0.6676033839393902,brute_force,1
0,1,1,60.84990788798973,0,1,0,0.0,0,0.9002243349765784,stale_after_reissue,1
0,1,1,62.68225781767292,0,1,0,0.0,1,0.6375223920367821,stale_after_reissue,1
0,1,0,14.681358428634235,1,0,0,0.0,0,0.34072429702109486,cross_session,1
0,1,1,42.157840029559225,0,1,0,0.0,0,0.924691208522646,stale_after_reissue,1
0,1,0,17.265799673972563,0,0,0,0.0,0,0.6820192730942933,benign_single_use,0
2,1,0,42.415567904119534,0,0,0,14.944536211849492,1,0.8637073014232115,benign_retry_then_success,0
0,1,0,36.88809283890991,1,0,0,0.0,0,0.5460306932642196,cross_session,1
0,1,0,16.916944286205368,1,0,0,0.0,1,0.32708584960921616,cross_session,1
0,1,0,42.869604233392636,0,0,0,0.0,1,0.3023536003619651,benign_single_use,0
0,1,0,395.29331303643335,0,0,1,0.0,1,0.3272235221990504,late_verify,1
0,1,0,39.111500429923396,0,0,0,0.0,0,0.7141471982058347,benign_single_use,0
0,1,1,77.44970482212905,0,1,0,0.0,0,0.5785449844833601,stale_after_reissue,1
0,1,0,10.913833385447797,1,0,0,0.0,1,0.8571333972373956,cross_session,1
0,1,0,13.437128555277097,0,0,0,0.0,0,0.7192031926096455,benign_single_use,0
2,0,0,12.076597293043772,0,0,0,7.111324573942829,1,0.5682539228643786,benign_retry_then_success,0
0,1,0,13.602520832420442,0,0,0,0.0,1,0.5962974760660404,benign_sms_normal,0
1,1,0,17.919104633242686,0,0,0,0.0,0,0.7324906898556878,benign_retry_then_success,0
0,1,1,92.19721864347193,0,1,0,0.0,0,0.8959299302014698,stale_after_reissue,1
1,1,0,27.621733200042442,0,0,0,0.0,1,0.8563654642289122,benign_retry_then_success,0
2,1,0,31.58296584956895,0,0,0,11.898471657148928,1,0.812462234512946,benign_retry_then_success,0
0,1,1,37.73655925440607,0,1,0,0.0,1,0.5745777970781334,stale_after_reissue,1
0,1,0,75.83612744503614,0,0,0,0.0,1,0.8519634105232352,benign_sms_normal,0
0,2,0,38.84446660763921,0,0,0,0.0,1,0.9209414985462354,replay_attempt,1
2,1,0,33.978539346099396,0,0,0,7.310426796282396,0,0.6779710428203537,benign_retry_then_success,0
0,1,0,330.2638369235158,0,0,1,0.0,0,0.4294806007319797,late_verify,1
1,1,0,17.45663650907094,0,0,0,0.0,1,0.6067641340322788,benign_retry_then_success,0
0,1,0,42.669395582478124,0,0,0,0.0,1,0.3579824650750118,benign_sms_normal,0
0,1,0,61.10369625950998,0,0,0,0.0,0,0.8294265345660252,benign_sms_normal,0
6,0,0,16.638175619733428,0,0,0,2.9198861822345905,0,0.8044245198747102,brute_force,1
0,1,1,54.77552705339649,0,1,0,0.0,0,0.8422908811755632,stale_after_reissue,1
0,1,0,22.673698618933923,0,0,0,0.0,1,0.4682136629704527,replay_attempt,1
9,0,0,24.608731234952266,0,0,0,2.7946843914168653,0,0.7667618442882234,brute_force,1
0,1,0,26.83199002476162,0,0,0,0.0,1,0.8999093350606466,benign_sms_normal,0
0,2,0,53.52559551101533,0,0,0,0.0,0,0.5833969872544764,replay_attempt,1
1,0,0,9.216788344796317,0,0,0,0.0,1,0.35253908127161415,benign_retry_then_success,0
0,1,0,14.612554969877664,0,0,0,0.0,1,0.4651410337462324,replay_attempt,1
0,1,0,43.873032952343614,0,0,0,0.0,0,0.9687961237663014,benign_sms_normal,0
0,2,0,58.44810972334091,0,0,0,0.0,0,0.5737914871541946,replay_attempt,1
0,1,0,55.291422637533095,0,0,0,0.0,0,0.7093592686723618,benign_single_use,0
0,1,1,48.29629011717378,0,1,0,0.0,0,0.525946127744642,stale_after_reissue,1
5,0,0,19.254093960668733,0,0,0,3.7967386100505567,1,0.5228682523447303,brute_force,1
0,1,1,78.15069099635946,0,1,0,0.0,0,0.7045249706549286,stale_after_reissue,1
0,1,0,49.21789415246697,0,0,0,0.0,0,0.3372940630935685,replay_attempt,1
6,0,0,20.3712146747214,0,0,0,3.2697690024297543,0,0.5507540483124944,brute_force,1
0,1,1,41.76001762785646,0,1,0,0.0,1,0.8161806618635667,stale_after_reissue,1
0,1,0,48.6834196072631,0,0,0,0.0,1,0.5276339193994344,benign_single_use,0
1,1,0,18.606986682052586,0,0,0,0.0,1,0.754309312572365,benign_retry_then_success,0
0,1,0,25.09277632067694,1,0,0,0.0,1,0.3301885967337383,cross_session,1
0,1,0,59.72159785529933,0,0,0,0.0,1,0.6009194697755111,benign_single_use,0
0,1,0,38.358619177762634,0,0,0,0.0,0,0.9313754790339304,benign_sms_normal,0
0,1,0,22.797536782838133,0,0,0,0.0,1,0.7750274086378321,benign_single_use,0
0,0,1,39.56619083131046,0,0,0,0.0,0,0.3511018847993944,stale_after_reissue,1
0,1,0,32.51516161290094,1,0,0,0.0,1,0.466625661812039,cross_session,1
0,2,0,49.083487692097485,0,0,0,0.0,0,0.5711041704601766,replay_attempt,1
1,1,0,15.063075196561273,0,0,0,0.0,0,0.5967120820145551,benign_retry_then_success,0
0,1,1,75.34858615216298,0,1,0,0.0,0,0.7516554958858337,stale_after_reissue,1
0,1,0,30.918387048689024,0,0,0,0.0,0,0.3121434734208706,benign_sms_normal,0
0,1,0,41.50155661557442,0,0,0,0.0,0,0.8140288511256351,benign_sms_normal,0
0,1,0,21.86818088615837,0,0,0,0.0,1,0.5673415323667894,benign_single_use,0
0,2,0,23.960892450930817,0,0,0,0.0,1,0.5739262610977562,replay_attempt,1
0,1,0,57.10771465297547,1,0,0,0.0,0,0.9984333669559107,cross_session,1
0,1,0,21.484187580494048,0,0,0,0.0,1,0.7647066578509982,benign_single_use,0
9,0,0,35.33883682686847,0,0,0,3.969859058820888,1,0.7493480331265234,brute_force,1
0,1,1,31.631412946088325,0,1,0,0.0,0,0.5862140999811799,stale_after_reissue,1
0,1,0,21.747417691174935,0,0,0,0.0,1,0.6793210057870686,benign_sms_normal,0
9,0,0,33.18887600523887,0,0,0,3.511106566342076,0,0.8034803544536757,brute_force,1
0,1,0,30.646045730972276,0,0,0,0.0,0,0.9958066257813389,benign_single_use,0
1,1,0,22.328624208296077,0,0,0,0.0,0,0.5020127253936121,benign_retry_then_success,0
0,2,0,71.92255404755514,0,0,0,0.0,1,0.6075839069171267,replay_attempt,1
0,1,0,37.35726999387432,0,0,0,0.0,1,0.5128831662143888,benign_sms_normal,0
0,1,0,56.171283374077895,0,0,0,0.0,1,0.7417692164668339,benign_single_use,0
0,1,0,5.686606226432317,1,0,0,0.0,1,0.4217563191765013,cross_session,1
0,1,0,11.373510154717021,0,0,0,0.0,0,0.7578331212373767,benign_single_use,0
0,1,0,26.041982860902202,0,0,0,0.0,1,0.47431586407752896,benign_single_use,0
0,1,0,13.03703315572124,0,0,0,0.0,0,0.479343994747936,benign_single_use,0
0,1,0,402.4804205470046,0,0,1,0.0,1,0.825992494817195,late_verify,1
0,2,0,76.6693502674731,0,0,0,0.0,1,0.7433497885975839,replay_attempt,1
1,1,0,11.760348734082555,0,0,0,0.0,0,0.8576183554716958,benign_retry_then_success,0
0,1,0,52.54531060603697,0,0,0,0.0,0,0.6481998428897571,benign_single_use,0
7,0,0,30.4460153937807,0,0,0,4.621647063228159,0,0.6568651841500003,brute_force,1
2,0,0,23.11408050502019,0,0,0,14.111590171327677,1,0.35222301571037995,benign_retry_then_success,0
0,1,0,54.65299652053473,0,0,0,0.0,1,0.47218541346723636,replay_attempt,1
0,1,1,56.99305889005277,0,1,0,0.0,0,0.6591624201431809,stale_after_reissue,1
0,1,1,86.87725907674928,0,1,0,0.0,1,0.6659556906034849,stale_after_reissue,1
0,1,0,27.97245709361135,1,0,0,0.0,0,0.35979330799707204,cross_session,1
0,0,1,46.815150751036704,0,0,0,0.0,0,0.33661351805832607,stale_after_reissue,1
0,1,0,5.35808136270242,0,0,0,0.0,1,0.5184303620484109,benign_sms_normal,0
0,1,0,27.96804399874906,1,0,0,0.0,1,0.6281584760006782,cross_session,1
0,1,0,386.84558110989303,0,0,1,0.0,0,0.37210443136495874,late_verify,1
0,1,0,14.347570510264898,0,0,0,0.0,1,0.3325729667040092,benign_single_use,0
0,1,0,14.688121562925364,0,0,0,0.0,1,0.49485844630864534,benign_single_use,0
4,0,0,16.923990043181234,0,0,0,4.565581402299576,0,0.49329790798887074,brute_force,1
0,1,0,16.105338427693106,1,0,0,0.0,1,0.6832302562203212,cross_session,1
0,1,0,33.833438477582106,0,0,0,0.0,0,0.785453684129933,benign_sms_normal,0
9,0,0,29.223876712740918,0,0,0,3.1348395069092447,1,0.9149755896290561,brute_force,1
2,1,0,27.364771712044515,0,0,0,6.835959783733381,0,0.7588832570828936,benign_retry_then_success,0
0,1,0,55.27881436859407,1,0,0,0.0,0,0.6489580955823513,cross_session,1
0,1,0,42.10846908634117,0,0,0,0.0,0,0.5569788124793136,benign_single_use,0
0,1,0,34.32291893333555,0,0,0,0.0,1,0.6274353459541264,benign_single_use,0
0,1,1,35.80810873113767,0,1,0,0.0,1,0.5537443151998755,stale_after_reissue,1
0,1,0,20.35289713408163,0,0,0,0.0,0,0.7114762411992174,benign_sms_normal,0
3,0,0,10.348719302891155,0,0,0,3.2716296871327257,1,0.36502889406427197,brute_force,1
0,1,0,374.8192451850256,0,0,1,0.0,1,0.6137873488484122,late_verify,1
0,1,1,63.63618522041139,0,1,0,0.0,1,0.860090210848842,stale_after_reissue,1
0,1,0,319.5481475075393,0,0,1,0.0,1,0.9452640325199582,late_verify,1
0,1,0,79.29983517896544,0,0,0,0.0,0,0.6523066539512021,benign_sms_normal,0
2,0,0,13.720917083435122,0,0,0,8.140448088716326,1,0.46677985028512486,benign_retry_then_success,0
0,0,1,7.854895344152322,0,0,0,0.0,0,0.420273509785582,stale_after_reissue,1
0,1,0,59.42484537681816,1,0,0,0.0,1,0.9278166267927441,cross_session,1
0,1,0,51.09716590559063,0,0,0,0.0,1,0.46438171147646545,benign_sms_normal,0
0,1,0,15.513469619083558,0,0,0,0.0,1,0.40777123868643983,benign_single_use,0
0,1,0,15.436956576999306,0,0,0,0.0,1,0.35424313126792817,benign_single_use,0
1,1,0,18.452870407901514,0,0,0,0.0,1,0.5955151827577587,benign_retry_then_success,0
7,0,0,24.899004061793796,0,0,0,3.512622154892402,1,0.5633559179804541,brute_force,1
0,1,0,25.60553107526212,0,0,0,0.0,0,0.36562715590173644,benign_single_use,0
0,1,0,395.22902043937484,0,0,1,0.0,1,0.7553660566527287,late_verify,1
0,2,0,86.02166897404581,0,0,0,0.0,0,0.6693768720787429,replay_attempt,1
0,2,0,65.51116883935435,0,0,0,0.0,1,0.8467873357158109,replay_attempt,1
0,1,0,57.19811252469802,1,0,0,0.0,1,0.7411298514879173,cross_session,1
0,0,1,5.143789635837158,0,0,0,0.0,1,0.4249285868838445,stale_after_reissue,1
0,0,1,21.362510985457387,0,0,0,0.0,0,0.3076063245953565,stale_after_reissue,1
0,2,0,76.57364910488575,0,0,0,0.0,1,0.9984520618823525,replay_attempt,1
1,1,0,17.59514537125398,0,0,0,0.0,0,0.9819672867392986,benign_retry_then_success,0
0,1,0,47.834446556230205,0,0,0,0.0,1,0.3676553761269633,benign_sms_normal,0
8,0,0,27.335765190818663,0,0,0,3.4666446648026508,1,0.8670499576883419,brute_force,1
0,1,0,400.5310477490549,0,0,1,0.0,0,0.7836979570219192,late_verify,1
2,1,0,27.065449772535953,0,0,0,5.733402089658428,1,0.8573628001653766,benign_retry_then_success,0
0,1,0,49.44602211589181,1,0,0,0.0,0,0.5468166545115881,cross_session,1
5,0,0,16.366411125220413,0,0,0,2.7878168828629355,1,0.8131389561845388,brute_force,1
0,2,0,31.455415443198735,0,0,0,0.0,1,0.7822856837792751,replay_attempt,1
1,1,0,23.26576153221508,0,0,0,0.0,1,0.9020955556848642,benign_retry_then_success,0
0,1,1,58.61403747444415,0,1,0,0.0,1,0.7090719791828728,stale_after_reissue,1
0,1,0,29.061955177829656,1,0,0,0.0,1,0.9164077320619988,cross_session,1
0,1,0,5.010617055661461,0,0,0,0.0,0,0.4802560984822325,benign_sms_normal,0
0,1,0,377.55161716822874,0,0,1,0.0,1,0.943344428270023,late_verify,1
7,0,0,21.857396918304893,0,0,0,3.283384305887721,0,0.7929785338308497,brute_force,1
0,1,0,77.63434683733132,0,0,0,0.0,1,0.777703710778884,benign_sms_normal,0
4,0,0,15.084788322439262,0,0,0,4.264989939871513,1,0.4418354690681153,brute_force,1
0,1,0,412.69785097968406,0,0,1,0.0,1,0.4678041239465508,late_verify,1
0,1,0,13.39002513213159,0,0,0,0.0,1,0.3079386140007853,replay_attempt,1
0,1,0,14.917844550945285,1,0,0,0.0,1,0.6912353433202041,cross_session,1
0,1,0,30.92178328029599,0,0,0,0.0,0,0.5162222177893805,benign_single_use,0
0,1,1,86.36523058182152,0,1,0,0.0,0,0.7649265685825748,stale_after_reissue,1
0,1,0,35.384017585175066,0,0,0,0.0,0,0.35809378836290917,benign_single_use,0
0,1,0,391.1941111417399,0,0,1,0.0,0,0.8935319901938819,late_verify,1
0,1,0,9.484474800341967,0,0,0,0.0,0,0.5733898868713849,benign_single_use,0
1,1,0,19.610549408605863,0,0,0,0.0,0,0.9556382242655628,benign_retry_then_success,0
0,1,0,336.9302675158358,0,0,1,0.0,1,0.7241257036542711,late_verify,1
2,0,0,19.02857116717687,0,0,0,11.95370135890866,0,0.5452636436934459,benign_retry_then_success,0
1,1,0,22.102375285233627,0,0,0,0.0,0,0.6247077809625947,benign_retry_then_success,0
0,1,0,55.25834366546693,0,0,0,0.0,1,0.7403431041547184,benign_single_use,0
0,1,0,27.103198483581384,0,0,0,0.0,1,0.5956449086071649,benign_single_use,0
6,0,0,19.99153198359197,0,0,0,3.329371250240083,1,0.6291847035040845,brute_force,1
2,0,0,24.1385782787153,0,0,0,13.455103531211844,1,0.5561144486676628,benign_retry_then_success,0
0,1,1,103.59982053205117,0,1,0,0.0,1,0.595646513835572,stale_after_reissue,1
0,1,0,45.580549837838284,1,0,0,0.0,1,0.9383952199173899,cross_session,1
0,1,0,13.639813456313052,0,0,0,0.0,1,0.4428676183346152,benign_single_use,0
0,1,0,54.78090077702252,1,0,0,0.0,1,0.5196603915908747,cross_session,1
0,1,0,42.60767213411229,0,0,0,0.0,1,0.38854605829694744,replay_attempt,1
0,1,0,48.68809718587315,1,0,0,0.0,1,0.6899665280891221,cross_session,1
0,1,0,28.41996805332067,0,0,0,0.0,0,0.9886919164474017,benign_sms_normal,0
0,1,0,47.279101021593604,1,0,0,0.0,1,0.7088109040236176,cross_session,1
0,1,0,37.110182686047224,0,0,0,0.0,1,0.491597309696007,replay_attempt,1
0,2,0,53.10321650575206,0,0,0,0.0,0,0.9668947311703775,replay_attempt,1
0,0,1,10.352910358380308,0,0,0,0.0,0,0.3066661221868399,stale_after_reissue,1
0,1,0,31.93527122047602,1,0,0,0.0,1,0.6986095124043811,cross_session,1
0,1,0,339.5294953437267,0,0,1,0.0,1,0.4970562367754693,late_verify,1
2,0,0,11.521620677693116,0,0,0,6.897175160239,1,0.5989958837161673,benign_retry_then_success,0
0,1,0,10.69070659215161,0,0,0,0.0,1,0.7656834655320894,benign_single_use,0
5,0,0,20.266930627837045,0,0,0,4.566747704812334,0,0.690493016936331,brute_force,1
0,1,0,15.95977388358565,0,0,0,0.0,1,0.6113347562028393,benign_single_use,0
0,1,0,27.913886584846313,0,0,0,0.0,1,0.9241511728477136,benign_single_use,0
0,1,0,55.79807283781598,1,0,0,0.0,0,0.3987278912779915,cross_session,1
1,1,0,9.308625392069434,0,0,0,0.0,1,0.7589497911800829,benign_retry_then_success,0
0,1,0,58.868029755940285,0,0,0,0.0,1,0.32446099440171017,replay_attempt,1
0,1,1,40.43315509551807,0,1,0,0.0,0,0.8212553987624391,stale_after_reissue,1
0,1,0,40.24217214809098,0,0,0,0.0,0,0.5108261461944696,benign_single_use,0
0,1,0,84.37185757218391,0,0,0,0.0,1,0.5039428684485683,benign_sms_normal,0
0,1,0,383.3144553872178,0,0,1,0.0,0,0.8260347223454301,late_verify,1
0,1,1,67.78698337670374,0,1,0,0.0,1,0.8032227063139132,stale_after_reissue,1
0,1,0,37.481448832126404,0,0,0,0.0,0,0.8799798519234137,benign_sms_normal,0
6,0,0,19.314532280327164,0,0,0,3.317744236949731,0,0.665208749012256,brute_force,1
0,1,0,38.85138975484745,0,0,0,0.0,1,0.462982849524628,benign_sms_normal,0
0,1,0,6.383222559962818,0,0,0,0.0,0,0.36748695405614074,replay_attempt,1
0,1,0,79.03194723176962,0,0,0,0.0,0,0.7644536650034806,benign_sms_normal,0
2,1,0,24.33687794569738,0,0,0,4.192527737228472,1,0.9022102824295186,benign_retry_then_success,0
0,1,0,31.68224928113636,0,0,0,0.0,1,0.9614204779969815,benign_sms_normal,0
0,1,0,386.0960897510737,0,0,1,0.0,0,0.9179200633351106,late_verify,1
7,0,0,24.21911001125515,0,0,0,3.3857194618489026,0,0.9380359332253811,brute_force,1
0,1,0,13.145944434418546,0,0,0,0.0,1,0.9500162410663888,benign_single_use,0
5,0,0,17.332937426437564,0,0,0,3.711011521499199,1,0.803611259855447,brute_force,1
0,1,0,15.90040143520719,0,0,0,0.0,0,0.37524242898866983,benign_sms_normal,0
0,1,0,12.416273020652893,0,0,0,0.0,0,0.48872675136611343,replay_attempt,1
0,1,0,6.554448564700385,0,0,0,0.0,1,0.3365849043099628,replay_attempt,1
0,1,0,30.800431831786224,0,0,0,0.0,0,0.37015402642216116,replay_attempt,1
2,1,0,26.279828005745486,0,0,0,10.193799147362897,1,0.7972376876378025,benign_retry_then_success,0
0,1,1,65.43098039211219,0,1,0,0.0,1,0.7577349067828967,stale_after_reissue,1
7,0,0,21.733338754844894,0,0,0,3.4533654090912176,0,0.7586006562514696,brute_force,1
5,0,0,23.24516170735309,0,0,0,4.766585265729526,1,0.8018649355722214,brute_force,1
1,1,0,11.667981672308978,0,0,0,0.0,0,0.559566021216838,benign_retry_then_success,0
0,0,1,21.13835252525523,0,0,0,0.0,1,0.43458628511066333,stale_after_reissue,1
0,1,0,8.575178695818648,1,0,0,0.0,0,0.7498245506417855,cross_session,1
0,1,0,52.93534973849897,1,0,0,0.0,1,0.41204157943560593,cross_session,1
0,2,0,28.610090251844092,0,0,0,0.0,1,0.6608756000914549,replay_attempt,1
0,1,0,19.9113854994521,0,0,0,0.0,0,0.3892796307439325,benign_single_use,0
2,0,0,23.972470829215197,0,0,0,14.958410855108234,1,0.5880470424944593,benign_retry_then_success,0
2,1,0,22.70600217253058,0,0,0,9.424372428489402,1,0.8578902541208255,benign_retry_then_success,0
2,0,0,26.191150844662122,0,0,0,14.663001129887604,0,0.47237025309662733,benign_retry_then_success,0
0,0,1,39.68458650158153,0,0,0,0.0,1,0.35414080157904526,stale_after_reissue,1
0,1,0,36.097851489038064,1,0,0,0.0,0,0.9159059503178997,cross_session,1
0,1,1,51.42444896229176,0,1,0,0.0,0,0.9176961683577183,stale_after_reissue,1
0,1,0,13.380846752205079,0,0,0,0.0,1,0.4203360870804042,benign_single_use,0
0,1,0,315.03783439385865,0,0,1,0.0,1,0.3170418756586363,late_verify,1
0,1,0,26.816220371117197,1,0,0,0.0,0,0.8599002814357368,cross_session,1
0,1,0,40.767981783656964,0,0,0,0.0,0,0.5194698301863441,benign_single_use,0
0,1,0,22.526527400301486,0,0,0,0.0,0,0.9066228729960495,benign_single_use,0
0,1,0,51.697846905652405,1,0,0,0.0,1,0.5256462232048233,cross_session,1
0,1,0,29.91208411320537,0,0,0,0.0,1,0.795417806490611,benign_single_use,0
0,1,0,334.0447119292709,0,0,1,0.0,1,0.3833681995543531,late_verify,1
2,0,0,16.258881528527017,0,0,0,10.016480656624108,1,0.5450076876408891,benign_retry_then_success,0
0,1,0,48.22296091749871,0,0,0,0.0,0,0.9680026065082441,benign_single_use,0
0,1,0,53.90952560385071,1,0,0,0.0,0,0.8355691678329316,cross_session,1
0,1,0,6.220612315348477,1,0,0,0.0,0,0.6552853458836096,cross_session,1
0,1,0,20.940156040968017,0,0,0,0.0,0,0.9489970040348574,benign_single_use,0
4,0,0,15.29797110799161,0,0,0,3.926312519312637,0,0.3423948792506772,brute_force,1
5,0,0,21.662970672020492,0,0,0,4.476532715312549,1,0.5436108507866096,brute_force,1
0,1,0,56.66339669695606,0,0,0,0.0,0,0.8803107609634293,benign_sms_normal,0
0,1,0,31.134526046568805,0,0,0,0.0,1,0.4868822085237121,benign_single_use,0
0,1,0,401.38485448043707,0,0,1,0.0,0,0.5722048188031086,late_verify,1
2,0,0,23.410427799564104,0,0,0,13.99545018995703,0,0.4850703428695181,benign_retry_then_success,0
2,1,0,28.303690951635716,0,0,0,4.796015412896299,0,0.8543049423408242,benign_retry_then_success,0
9,0,0,29.362709278244235,0,0,0,3.087944043734253,1,0.7689069613138713,brute_force,1
0,1,0,17.695463382083226,0,0,0,0.0,0,0.8638707324124653,benign_sms_normal,0
0,2,0,71.3316796315151,0,0,0,0.0,0,0.5761099171119265,replay_attempt,1
0,1,0,55.12593787801615,0,0,0,0.0,1,0.3239277099366534,benign_single_use,0
1,1,0,16.77742666589704,0,0,0,0.0,1,0.5729857674841707,benign_retry_then_success,0
0,1,0,25.873632171023512,0,0,0,0.0,0,0.9210373826555358,benign_single_use,0
0,2,0,73.87395455529158,0,0,0,0.0,0,0.5699376644018546,replay_attempt,1
0,1,0,46.02871717333095,0,0,0,0.0,1,0.5977942998684758,benign_sms_normal,0
0,1,1,63.86178033738637,0,1,0,0.0,1,0.8303640149098463,stale_after_reissue,1
0,1,0,38.292502335373186,0,0,0,0.0,1,0.48248027770987206,replay_attempt,1
0,1,0,20.03541765360353,0,0,0,0.0,0,0.7826109500156935,benign_sms_normal,0
0,1,0,325.2867545237154,0,0,1,0.0,1,0.9237968641823369,late_verify,1
0,1,0,56.653931476337966,0,0,0,0.0,0,0.3787707048047699,benign_sms_normal,0
3,0,0,8.42405416239721,0,0,0,2.793661879102871,1,0.3834199343815933,brute_force,1
4,0,0,15.72705976447279,0,0,0,3.7483856447157518,1,0.6277641749602421,brute_force,1
0,1,0,57.88075124658904,0,0,0,0.0,1,0.8450897228970848,benign_single_use,0
0,1,0,373.68899638215817,0,0,1,0.0,1,0.9845426799439401,late_verify,1
0,1,0,50.694629460682464,0,0,0,0.0,0,0.4015791562238313,benign_single_use,0
0,1,0,20.48245908301127,0,0,0,0.0,0,0.47041130150827526,benign_single_use,0
8,0,0,28.518242627005066,0,0,0,3.6445778604053944,0,0.8791651981924495,brute_force,1
0,1,0,41.35598268720661,0,0,0,0.0,0,0.4020137069332957,benign_single_use,0
0,1,0,18.3759384373969,1,0,0,0.0,1,0.3115161922431613,cross_session,1
0,1,1,91.92124641937741,0,1,0,0.0,0,0.9955936827101703,stale_after_reissue,1
0,1,0,41.3418015743601,0,0,0,0.0,0,0.4972288969358191,benign_sms_normal,0
0,1,0,45.08186171779178,1,0,0,0.0,0,0.5495581889089991,cross_session,1
0,1,0,52.43394986656998,0,0,0,0.0,0,0.8796328593752791,benign_single_use,0
0,2,0,62.999099536140456,0,0,0,0.0,0,0.5730926580651586,replay_attempt,1
0,1,0,307.88011638370494,0,0,1,0.0,1,0.42243698711165695,late_verify,1
0,1,0,6.930798332627459,1,0,0,0.0,0,0.4173453999983626,cross_session,1
0,1,0,66.02261409642561,0,0,0,0.0,0,0.5544395292650617,benign_sms_normal,0
0,1,0,23.762513781314194,1,0,0,0.0,0,0.8602628995980977,cross_session,1
0,1,0,27.840593878941277,1,0,0,0.0,0,0.36829367739711477,cross_session,1
3,0,0,10.420775370658625,0,0,0,4.448507617625221,1,0.4291387727983451,brute_force,1
1,0,0,14.177224105684441,0,0,0,0.0,0,0.43894902875156866,benign_retry_then_success,0
0,1,0,35.93942937019098,1,0,0,0.0,1,0.38703079559660447,cross_session,1
0,1,0,396.0911489059798,0,0,1,0.0,1,0.5416582236971911,late_verify,1
0,1,0,411.7519566669563,0,0,1,0.0,0,0.376676497220624,late_verify,1
1,0,0,12.909482870184263,0,0,0,0.0,0,0.30491010660217177,benign_retry_then_success,0
0,1,0,68.76285023131166,0,0,0,0.0,0,0.5826841437005686,benign_sms_normal,0
11,0,0,41.30068784734725,0,0,0,3.9544523282644435,0,0.9208147918189145,brute_force,1
4,0,0,11.359547294079597,0,0,0,3.1101901954181623,0,0.5121814388705014,brute_force,1
1,1,0,19.87031641559041,0,0,0,0.0,1,0.8949559734441772,benign_retry_then_success,0
1,1,0,13.425386558561232,0,0,0,0.0,1,0.5474641200284471,benign_retry_then_success,0
0,1,0,30.485885734825498,0,0,0,0.0,1,0.9501676869606293,benign_single_use,0
6,0,0,15.87482815152218,0,0,0,2.3789379393619847,0,0.5624360336376334,brute_force,1
0,1,0,79.00404886325354,0,0,0,0.0,1,0.8843391469749311,benign_sms_normal,0
0,1,0,50.53652020723201,0,0,0,0.0,0,0.3001384654786971,benign_single_use,0
2,1,0,23.697932278061078,0,0,0,8.043656398545696,1,0.924365085547884,benign_retry_then_success,0
0,1,0,54.70606981053916,0,0,0,0.0,1,0.8087196851249456,benign_single_use,0
0,1,0,26.442219601291043,0,0,0,0.0,1,0.4313184683796746,replay_attempt,1
0,1,0,54.33608201141287,0,0,0,0.0,1,0.7282305677776588,benign_sms_normal,0
0,1,0,380.45337455431644,0,0,1,0.0,1,0.7585246785706017,late_verify,1
0,2,0,52.51001359417988,0,0,0,0.0,0,0.7459212140620151,replay_attempt,1
0,1,0,388.4333361871453,0,0,1,0.0,0,0.6199094132356431,late_verify,1
0,1,0,62.1746435186091,0,0,0,0.0,1,0.7570102417419959,benign_sms_normal,0
0,1,0,14.383254867675339,0,0,0,0.0,1,0.7684257022720411,benign_sms_normal,0
0,1,0,11.303267770240467,0,0,0,0.0,0,0.39186624496658556,benign_single_use,0
0,1,0,13.649317967789676,0,0,0,0.0,1,0.5089755936089274,benign_single_use,0
0,1,0,57.98194347274414,1,0,0,0.0,1,0.4601903528060626,cross_session,1
0,1,1,49.63897593907591,0,1,0,0.0,1,0.584633740468672,stale_after_reissue,1
0,1,0,43.72044077875175,0,0,0,0.0,0,0.31123929194862926,benign_single_use,0
2,0,0,17.329260664561865,0,0,0,13.76880218555967,0,0.4156860825695698,benign_retry_then_success,0
0,2,0,37.31262324900378,0,0,0,0.0,1,0.7430522155495491,replay_attempt,1
0,1,0,41.2977327410854,0,0,0,0.0,0,0.8471896635580918,benign_sms_normal,0
0,2,0,64.52823305103945,0,0,0,0.0,1,0.73393051101712,replay_attempt,1
0,1,1,92.79880699698356,0,1,0,0.0,1,0.5170322309293575,stale_after_reissue,1
1,0,0,3.0446331008088077,0,0,0,0.0,0,0.4680420476260936,benign_retry_then_success,0
0,1,0,81.83435676062868,0,0,0,0.0,1,0.9770419229375431,benign_sms_normal,0
0,1,1,106.48815867454064,0,1,0,0.0,1,0.6666701892655014,stale_after_reissue,1
1,1,0,9.213863628569904,0,0,0,0.0,0,0.6044796032039348,benign_retry_then_success,0
0,1,0,41.18692782235666,0,0,0,0.0,1,0.7590556943700264,benign_single_use,0
0,1,0,415.991972481502,0,0,1,0.0,1,0.9234865093519218,late_verify,1
1,0,0,14.321413910039123,0,0,0,0.0,1,0.4059991677573256,benign_retry_then_success,0
0,2,0,44.9861164983534,0,0,0,0.0,1,0.844615590203825,replay_attempt,1
0,1,0,336.2816973300495,0,0,1,0.0,0,0.5254607080569561,late_verify,1
0,1,0,7.251939921119876,0,0,0,0.0,0,0.3156234618067137,replay_attempt,1
5,0,0,17.395844225376834,0,0,0,3.274527107261003,1,0.5231822768476486,brute_force,1
4,0,0,12.611838118088617,0,0,0,3.682180478059744,0,0.4099786330553402,brute_force,1
0,1,0,75.39983017684494,0,0,0,0.0,1,0.8482025326948697,benign_sms_normal,0
2,1,0,37.321645329404866,0,0,0,13.671754443692008,1,0.8155215156146758,benign_retry_then_success,0
0,1,0,23.107447153621784,0,0,0,0.0,0,0.3591797342983408,benign_sms_normal,0
0,1,0,311.9105949306414,0,0,1,0.0,0,0.4185128220880318,late_verify,1
3,0,0,10.949108505587553,0,0,0,2.5495596967887306,0,0.3191400354393473,brute_force,1
0,1,0,381.6062287032987,0,0,1,0.0,1,0.9550658314390807,late_verify,1
2,0,0,24.428533425143502,0,0,0,12.516791652486782,1,0.4817190695603647,benign_retry_then_success,0
2,0,0,14.199865020913784,0,0,0,10.908151534379487,0,0.4736818163944971,benign_retry_then_success,0
0,1,0,47.13285439823224,0,0,0,0.0,1,0.9962603740488134,benign_sms_normal,0
0,1,0,47.53327368387195,1,0,0,0.0,0,0.3741474292654351,cross_session,1
6,0,0,16.21379543085571,0,0,0,2.90456189813134,0,0.6421310686344737,brute_force,1
0,1,0,373.20027607108904,0,0,1,0.0,0,0.38134930423224017,late_verify,1
0,1,0,17.934184452090758,0,0,0,0.0,1,0.815945737155678,benign_single_use,0
0,1,1,37.27749019497422,0,1,0,0.0,0,0.916652389095924,stale_after_reissue,1
0,2,0,51.16954470116538,0,0,0,0.0,1,0.8531382638401641,replay_attempt,1
0,1,0,33.96159434662085,0,0,0,0.0,1,0.6162242283569945,benign_single_use,0
2,1,0,28.56595249590489,0,0,0,5.135962319232593,0,0.9726174881995497,benign_retry_then_success,0
0,1,0,381.9720561559476,0,0,1,0.0,1,0.8802468915499269,late_verify,1
0,1,0,23.19471450791684,0,0,0,0.0,0,0.5109758076041093,benign_single_use,0
0,1,0,47.82412399953648,0,0,0,0.0,1,0.3734719044633955,benign_single_use,0
0,1,0,50.92188354274757,0,0,0,0.0,0,0.5828741269843298,benign_single_use,0
0,1,0,11.959906444315584,0,0,0,0.0,0,0.919397731949132,benign_single_use,0
0,1,0,350.2100001294558,0,0,1,0.0,0,0.7422047388485069,late_verify,1
2,1,0,19.891138811439085,0,0,0,9.828414209602041,0,0.8572674212627034,benign_retry_then_success,0
0,1,0,307.5053487041367,0,0,1,0.0,0,0.6498420351417056,late_verify,1
2,1,0,20.55653485284286,0,0,0,3.921181784562247,1,0.8162839621269646,benign_retry_then_success,0
2,0,0,22.55636462058596,0,0,0,11.746100445733349,0,0.3886125892765505,benign_retry_then_success,0
0,1,0,37.603721965770795,0,0,0,0.0,0,0.6176468640419275,benign_single_use,0
2,0,0,21.593094727648193,0,0,0,7.198568557553365,1,0.48485880300174267,benign_retry_then_success,0
5,0,0,19.415132818758142,0,0,0,3.5130741223125783,1,0.5809368404507013,brute_force,1
1,0,0,6.147923238479662,0,0,0,0.0,1,0.3667030956410501,benign_retry_then_success,0
0,1,0,21.90699633537655,1,0,0,0.0,1,0.6965337770659876,cross_session,1
0,0,1,12.010324759504645,0,0,0,0.0,0,0.3938753175555386,stale_after_reissue,1
0,1,0,74.57363840522616,0,0,0,0.0,0,0.5579532020732989,benign_sms_normal,0
0,1,0,68.79868465716116,0,0,0,0.0,0,0.6571860422448298,benign_sms_normal,0
0,2,0,29.61394341982603,0,0,0,0.0,0,0.5912007314460143,replay_attempt,1
0,1,1,89.00894839427193,0,1,0,0.0,1,0.6789847766554322,stale_after_reissue,1
0,1,0,10.546232356192148,0,0,0,0.0,1,0.37415908254983055,replay_attempt,1
0,1,0,37.832106672563725,0,0,0,0.0,1,0.8498524898827504,benign_single_use,0
0,1,0,55.02593073627261,0,0,0,0.0,0,0.7005657806234085,benign_single_use,0
0,1,0,46.122194600425495,0,0,0,0.0,0,0.9317713157624108,benign_single_use,0
0,1,0,10.978204432241451,0,0,0,0.0,1,0.9843781334109145,benign_single_use,0
0,1,0,332.682127863673,0,0,1,0.0,0,0.36761575806414887,late_verify,1
0,0,1,21.333707971337244,0,0,0,0.0,0,0.49528593236600177,stale_after_reissue,1
0,1,1,53.8311826411572,0,1,0,0.0,0,0.9774418913319978,stale_after_reissue,1
0,1,1,93.70919061794808,0,1,0,0.0,1,0.8968334743338984,stale_after_reissue,1
0,1,0,6.235351999249606,0,0,0,0.0,1,0.347864211757769,benign_single_use,0
0,1,0,61.81670958401905,0,0,0,0.0,0,0.8174271389302106,benign_sms_normal,0
1,1,0,21.092915344773797,0,0,0,0.0,0,0.5317600453223851,benign_retry_then_success,0
0,1,0,57.75222794516299,0,0,0,0.0,0,0.7764738362817079,benign_single_use,0
2,0,0,22.755317665292296,0,0,0,14.821389528127145,1,0.4963813191591935,benign_retry_then_success,0
1,1,0,21.584073286987717,0,0,0,0.0,0,0.6657541114589018,benign_retry_then_success,0
0,1,1,88.27424847705794,0,1,0,0.0,0,0.6627294581012677,stale_after_reissue,1
0,1,0,60.88707702471118,0,0,0,0.0,0,0.7498165589933576,benign_sms_normal,0
8,0,0,26.369378245409706,0,0,0,3.290629689740642,1,0.7584733220390468,brute_force,1
9,0,0,31.469117595049056,0,0,0,3.5615203206281185,1,0.795736327530518,brute_force,1
2,1,0,30.902240739713754,0,0,0,14.909675371625505,1,0.7301713448502262,benign_retry_then_success,0
0,1,0,54.107376170651214,1,0,0,0.0,1,0.6198949890147982,cross_session,1
0,1,0,77.62466436172551,0,0,0,0.0,0,0.9600479342972508,benign_sms_normal,0
9,0,0,23.515031360109827,0,0,0,2.679995033035466,0,0.856221347489923,brute_force,1
0,1,0,10.377528144342072,1,0,0,0.0,1,0.6206729979947987,cross_session,1
0,1,0,332.6293373533433,0,0,1,0.0,1,0.41843227786322,late_verify,1
1,1,0,19.673012450861545,0,0,0,0.0,1,0.6381688831888082,benign_retry_then_success,0
0,1,0,38.551929847233204,1,0,0,0.0,0,0.6887258852459246,cross_session,1
0,1,0,40.04692809112372,0,0,0,0.0,1,0.847443470333352,benign_sms_normal,0
0,2,0,81.73608165726894,0,0,0,0.0,1,0.7978110786365558,replay_attempt,1
0,1,0,411.1254992337472,0,0,1,0.0,1,0.445792412642147,late_verify,1
0,1,0,59.753400696849866,0,0,0,0.0,0,0.643106626317546,benign_single_use,0
0,1,0,34.54937012131987,1,0,0,0.0,0,0.3450770418809913,cross_session,1
0,1,0,6.535354978907852,0,0,0,0.0,0,0.8055486121316988,benign_single_use,0
0,1,0,14.269497118314938,0,0,0,0.0,0,0.6585706393679364,benign_single_use,0
0,2,0,24.505623484035233,0,0,0,0.0,0,0.7818302050932475,replay_attempt,1
0,1,0,17.05283183846332,0,0,0,0.0,0,0.43322193049468205,benign_single_use,0
0,1,0,24.082366830337474,0,0,0,0.0,0,0.4702850420654139,benign_single_use,0
0,1,0,52.880963744340605,0,0,0,0.0,0,0.513906774969098,benign_single_use,0
6,0,0,18.626889983919565,0,0,0,3.4021024784151095,1,0.5700850237999155,brute_force,1
1,1,0,16.728710378630346,0,0,0,0.0,0,0.7293013252439313,benign_retry_then_success,0
0,1,0,18.05727470702822,0,0,0,0.0,1,0.7771960923305893,benign_single_use,0
0,1,0,51.64783918076686,1,0,0,0.0,1,0.9946767582433573,cross_session,1
0,1,0,303.1924222340025,0,0,1,0.0,1,0.9335609233143478,late_verify,1
0,1,0,28.173973860028042,1,0,0,0.0,1,0.6040189199324555,cross_session,1
0,1,0,49.43470219731685,1,0,0,0.0,0,0.6574092571329166,cross_session,1
0,2,0,83.10424681912244,0,0,0,0.0,0,0.680557386295948,replay_attempt,1
0,1,0,385.85567320872156,0,0,1,0.0,1,0.6872292865288161,late_verify,1
0,1,0,52.28428178505439,1,0,0,0.0,1,0.6095804212569862,cross_session,1
6,0,0,22.404627587705342,0,0,0,3.6601859954098863,1,0.5942306475569543,brute_force,1
0,1,0,333.6480165417712,0,0,1,0.0,0,0.5188391849817757,late_verify,1
0,2,0,66.35857387919788,0,0,0,0.0,1,0.5640994882383068,replay_attempt,1
0,2,0,74.33402062141603,0,0,0,0.0,1,0.7242926774365479,replay_attempt,1
0,1,0,79.47885435953182,0,0,0,0.0,1,0.5583817605456354,benign_sms_normal,0
2,1,0,22.86192443458812,0,0,0,10.1315345745036,1,0.9900540912476592,benign_retry_then_success,0
0,1,0,51.17106452456541,1,0,0,0.0,1,0.7922257593269181,cross_session,1
0,1,0,25.070920450166952,0,0,0,0.0,1,0.4045216552853832,benign_sms_normal,0
1,1,0,19.487926590105612,0,0,0,0.0,1,0.7462639865923741,benign_retry_then_success,0
0,1,0,7.658955321864234,0,0,0,0.0,1,0.5741951987700691,benign_single_use,0
0,1,0,38.3263697922911,1,0,0,0.0,0,0.5217096372244122,cross_session,1
0,1,0,35.59171868055833,1,0,0,0.0,0,0.7155745040591583,cross_session,1
1,1,0,17.007787340879165,0,0,0,0.0,0,0.9738409966135444,benign_retry_then_success,0
2,1,0,31.540052485901466,0,0,0,11.033690922041721,0,0.9767781654271006,benign_retry_then_success,0
0,1,0,51.10633935595643,1,0,0,0.0,1,0.48376442201226466,cross_session,1
0,1,0,82.3573089607696,0,0,0,0.0,0,0.5128502031263618,benign_sms_normal,0
2,0,0,7.099268962998696,0,0,0,2.710731164933433,1,0.3296703630008212,brute_force,1
0,1,0,76.40605937189557,0,0,0,0.0,0,0.8165977312825548,benign_sms_normal,0
0,1,0,36.61488198369541,0,0,0,0.0,1,0.654218010645379,benign_sms_normal,0
6,0,0,23.777779347052302,0,0,0,3.957413747282186,1,0.4881952242744094,brute_force,1
0,1,0,20.775723671425318,0,0,0,0.0,0,0.6990704882209846,benign_sms_normal,0
0,1,0,48.185321830573905,0,0,0,0.0,1,0.9033164283360546,benign_sms_normal,0
0,1,0,50.719318065185576,0,0,0,0.0,0,0.6124734656189088,benign_single_use,0
0,1,0,315.87248010676706,0,0,1,0.0,0,0.7280477210061413,late_verify,1
2,1,0,29.33077145390575,0,0,0,7.306557622372038,1,0.9261173814126904,benign_retry_then_success,0
1,0,0,6.3211793334400905,0,0,0,0.0,1,0.4901060332013826,benign_retry_then_success,0
6,0,0,19.969648731503675,0,0,0,3.0993682852677265,1,0.9936544752441117,brute_force,1
1,1,0,18.873264322435645,0,0,0,0.0,1,0.9248102494955996,benign_retry_then_success,0
0,1,0,358.00300685801363,0,0,1,0.0,1,0.4194946977427398,late_verify,1
0,1,0,34.28830462383998,0,0,0,0.0,0,0.5735474087914941,benign_sms_normal,0
2,0,0,22.05173288090137,0,0,0,10.772685548923949,1,0.33778126217984666,benign_retry_then_success,0
0,1,0,27.64329557162146,0,0,0,0.0,1,0.614617236000121,benign_single_use,0
0,1,0,381.27596136354316,0,0,1,0.0,1,0.3097423870766945,late_verify,1
0,1,0,10.634146389825816,0,0,0,0.0,1,0.9997995725733722,benign_single_use,0
1,1,0,16.72493822270947,0,0,0,0.0,1,0.9671302561883635,benign_retry_then_success,0
0,1,0,28.6377569729111,1,0,0,0.0,0,0.9971082060526755,cross_session,1
0,1,0,33.26613583151825,1,0,0,0.0,1,0.5785608821942068,cross_session,1
0,2,0,71.56472706138094,0,0,0,0.0,0,0.687492506312362,replay_attempt,1
10,0,0,39.83599628763868,0,0,0,3.891432395131483,1,0.8539672177513955,brute_force,1
0,1,0,6.949129807825788,0,0,0,0.0,1,0.9634565097089816,benign_sms_normal,0
0,1,0,394.7927685517439,0,0,1,0.0,0,0.9304574694660985,late_verify,1
0,1,0,416.9054489808321,0,0,1,0.0,1,0.7403707008930507,late_verify,1
0,2,0,54.318191268565805,0,0,0,0.0,0,0.9508896353253138,replay_attempt,1
2,0,0,21.892129118519144,0,0,0,13.08744178045609,0,0.5955032164530073,benign_retry_then_success,0
0,1,0,327.97939480571284,0,0,1,0.0,1,0.860550001674977,late_verify,1
0,0,1,6.327741935887943,0,0,0,0.0,0,0.41900037397164835,stale_after_reissue,1
0,1,0,27.193268631458277,0,0,0,0.0,1,0.9605849547825689,benign_sms_normal,0
0,1,1,55.48962050502271,0,1,0,0.0,0,0.8650808903831251,stale_after_reissue,1
0,1,0,58.744259087764426,0,0,0,0.0,1,0.34113759941740407,replay_attempt,1
0,1,0,23.826623505376674,0,0,0,0.0,1,0.8079395061297576,benign_sms_normal,0
0,2,0,51.467351341658805,0,0,0,0.0,0,0.5669331288663388,replay_attempt,1
0,2,0,41.43628786024378,0,0,0,0.0,1,0.6265079628086065,replay_attempt,1
0,1,0,44.11112825688805,0,0,0,0.0,1,0.7740019554779725,benign_single_use,0
0,2,0,85.94539066777673,0,0,0,0.0,0,0.9852226638132899,replay_attempt,1
0,1,0,58.87419226890364,0,0,0,0.0,1,0.9259901927591048,benign_sms_normal,0
2,0,0,27.01935719357258,0,0,0,12.555342686491969,1,0.5644314729467355,benign_retry_then_success,0
0,1,0,50.131716398571164,0,0,0,0.0,0,0.4749154256792071,replay_attempt,1
0,1,0,25.866750632199565,0,0,0,0.0,1,0.6904407549256517,benign_single_use,0
0,2,0,74.92217895366892,0,0,0,0.0,0,0.8272278055107665,replay_attempt,1
6,0,0,22.01246892118146,0,0,0,3.9637821527892085,0,0.6863365933247288,brute_force,1
0,1,0,387.05480302709316,0,0,1,0.0,1,0.9040087682141307,late_verify,1
0,1,1,115.95742601215983,0,1,0,0.0,0,0.6011222348668028,stale_after_reissue,1
0,1,0,21.692317025402154,0,0,0,0.0,0,0.8853067714174987,benign_single_use,0
0,1,0,38.72317511139067,0,0,0,0.0,1,0.33957554978043186,benign_sms_normal,0
0,0,1,25.701037987473654,0,0,0,0.0,1,0.3740973424723738,stale_after_reissue,1
0,1,0,46.45825251510096,0,0,0,0.0,1,0.5671924293504955,benign_single_use,0
1,1,0,26.599230315988258,0,0,0,0.0,0,0.7519988297168407,benign_retry_then_success,0
0,1,0,386.59581001311193,0,0,1,0.0,1,0.7831744826959937,late_verify,1
0,1,0,355.91748450742466,0,0,1,0.0,0,0.5764709479328987,late_verify,1
0,1,1,51.39144387339141,0,1,0,0.0,0,0.7055655834891401,stale_after_reissue,1
0,1,0,341.456864999414,0,0,1,0.0,0,0.563335428021141,late_verify,1
0,1,0,33.29582717021363,0,0,0,0.0,1,0.3055690709092465,benign_sms_normal,0
0,1,0,15.367252734980383,0,0,0,0.0,0,0.6462356878954628,benign_single_use,0
0,1,0,56.33908464131451,0,0,0,0.0,1,0.7589059470441739,benign_single_use,0
8,0,0,31.699401945506516,0,0,0,3.8188738702284035,1,0.9041111247971474,brute_force,1
0,1,0,17.222520397794064,0,0,0,0.0,0,0.5691656012136893,benign_single_use,0
7,0,0,19.516825310259236,0,0,0,2.7201389877253668,1,0.580049467618833,brute_force,1
0,2,0,77.98001106653714,0,0,0,0.0,1,0.5325406312429535,replay_attempt,1
2,1,0,34.35404262558807,0,0,0,13.380599773505772,0,0.8932455939388395,benign_retry_then_success,0
0,1,0,358.24683835757423,0,0,1,0.0,0,0.7180790631148145,late_verify,1
0,1,0,330.88334618250985,0,0,1,0.0,1,0.8547829857784508,late_verify,1
1,1,0,23.23154744687425,0,0,0,0.0,0,0.6981290735263586,benign_retry_then_success,0
0,1,1,94.8598222435163,0,1,0,0.0,0,0.8622115274520941,stale_after_reissue,1
1,1,0,17.52615554690432,0,0,0,0.0,0,0.5827871994942264,benign_retry_then_success,0
0,1,0,68.22424866513018,0,0,0,0.0,1,0.8961359815385563,benign_sms_normal,0
0,1,0,47.3520622047539,0,0,0,0.0,1,0.7370028857973037,benign_sms_normal,0
0,1,0,43.5930022420991,1,0,0,0.0,1,0.3714397032115684,cross_session,1
0,2,0,69.16503252749207,0,0,0,0.0,1,0.8442844689686542,replay_attempt,1
0,2,0,44.993785446395265,0,0,0,0.0,1,0.689977264236548,replay_attempt,1
0,2,0,68.23017090910231,0,0,0,0.0,0,0.6226925622495962,replay_attempt,1
1,1,0,22.91047676044774,0,0,0,0.0,0,0.5232056593915525,benign_retry_then_success,0
0,1,0,13.560826154433396,0,0,0,0.0,1,0.5288143567453115,benign_single_use,0
2,1,0,29.23611706601466,0,0,0,3.702725714942394,1,0.8043698906754642,benign_retry_then_success,0
0,1,0,71.08967248613813,0,0,0,0.0,1,0.4331418789845809,benign_sms_normal,0
0,2,0,81.22816883111399,0,0,0,0.0,0,0.6771325140725013,replay_attempt,1
0,0,1,45.01228843240094,0,0,0,0.0,1,0.37968448403683874,stale_after_reissue,1
0,0,1,58.110211120827735,0,0,0,0.0,1,0.45613195625344394,stale_after_reissue,1
0,1,0,12.362560136007213,0,0,0,0.0,1,0.48757062040921484,benign_sms_normal,0
0,1,0,22.658449701527182,1,0,0,0.0,0,0.9143709246281821,cross_session,1
2,1,0,18.106832638974122,0,0,0,8.13014403552518,1,0.8963477815681216,benign_retry_then_success,0
0,1,0,87.71015223856038,0,0,0,0.0,0,0.3100514428306377,benign_sms_normal,0
0,1,0,70.86915012404575,0,0,0,0.0,0,0.5520697413325231,benign_sms_normal,0
0,0,1,48.76167000304609,0,0,0,0.0,1,0.43797344237098634,stale_after_reissue,1
2,0,0,20.645854281311138,0,0,0,10.62039473848296,0,0.3396306432422356,benign_retry_then_success,0
0,2,0,61.080700233184515,0,0,0,0.0,0,0.5301867292471195,replay_attempt,1
2,1,0,19.373187343849136,0,0,0,3.051602472418062,1,0.8172178310040161,benign_retry_then_success,0
0,1,0,5.833405089950302,0,0,0,0.0,1,0.9356054630201722,benign_single_use,0
0,1,0,5.1353815883507625,1,0,0,0.0,1,0.6204728896645586,cross_session,1
0,1,0,365.345869367469,0,0,1,0.0,1,0.7279558289552356,late_verify,1
0,1,0,310.1706954916526,0,0,1,0.0,0,0.7846317680278376,late_verify,1
0,1,0,51.457589609313054,1,0,0,0.0,1,0.7417246917810556,cross_session,1
0,2,0,87.71849195803986,0,0,0,0.0,1,0.9176974964773046,replay_attempt,1
0,1,0,65.9394462947138,0,0,0,0.0,0,0.7816474706621048,benign_sms_normal,0
2,1,0,21.706354270160066,0,0,0,8.407627081364536,0,0.821317542295178,benign_retry_then_success,0
0,2,0,42.23128691170021,0,0,0,0.0,1,0.6898053497499887,replay_attempt,1
0,1,0,25.479681353599208,0,0,0,0.0,0,0.9183977747784511,benign_single_use,0
1,1,0,21.606461119915362,0,0,0,0.0,0,0.9185924640495124,benign_retry_then_success,0
0,1,0,344.4163357020352,0,0,1,0.0,0,0.36630907434652515,late_verify,1
2,1,0,27.734233018957823,0,0,0,10.512907408184983,0,0.9517747310361853,benign_retry_then_success,0
0,1,0,418.5362976715279,0,0,1,0.0,1,0.5961867536563172,late_verify,1
0,1,0,7.971707720400926,0,0,0,0.0,0,0.4248064812012778,benign_sms_normal,0
0,1,0,86.16435178864145,0,0,0,0.0,0,0.3587200622565069,benign_sms_normal,0
0,1,0,44.59912811488234,0,0,0,0.0,1,0.7348281885252224,benign_single_use,0
0,1,0,383.056401373794,0,0,1,0.0,0,0.9042844805462704,late_verify,1
0,2,0,56.44553871574421,0,0,0,0.0,0,0.5199511666285133,replay_attempt,1
0,1,0,15.71008888379305,0,0,0,0.0,1,0.46291316678157546,benign_single_use,0
6,0,0,15.108771510502647,0,0,0,2.7877066482853228,1,0.5393184791550139,brute_force,1
0,1,0,5.945005385025383,0,0,0,0.0,0,0.9203824676851091,benign_sms_normal,0
0,1,1,50.86718678127136,0,1,0,0.0,0,0.7011701208106995,stale_after_reissue,1
0,0,1,56.30725241837787,0,0,0,0.0,0,0.40170740051366555,stale_after_reissue,1
0,0,1,30.007393318010593,0,0,0,0.0,0,0.40513355654053307,stale_after_reissue,1
0,1,0,36.46675297657871,0,0,0,0.0,1,0.48142244238510173,benign_single_use,0
0,1,0,55.46821652332783,1,0,0,0.0,0,0.9530894796768103,cross_session,1
0,1,0,40.14128177596138,1,0,0,0.0,1,0.53972665486494,cross_session,1
0,0,1,14.283989827794965,0,0,0,0.0,1,0.4985654595492271,stale_after_reissue,1
0,1,0,54.79160576305428,0,0,0,0.0,1,0.6437219284607133,benign_single_use,0
0,1,0,385.2007300371367,0,0,1,0.0,1,0.3704821458923497,late_verify,1
0,1,0,59.51377032681884,0,0,0,0.0,0,0.6744149816079064,benign_sms_normal,0
1,1,0,14.78836327748548,0,0,0,0.0,1,0.595027275074502,benign_retry_then_success,0
0,1,0,388.768198020294,0,0,1,0.0,1,0.45361020408530406,late_verify,1
0,1,0,316.73838290193527,0,0,1,0.0,1,0.43584470749650017,late_verify,1
0,1,0,28.81648586653312,0,0,0,0.0,0,0.9286421875884774,benign_sms_normal,0
1,1,0,20.33295316723819,0,0,0,0.0,1,0.7426642041367255,benign_retry_then_success,0
0,1,0,43.34073823943603,1,0,0,0.0,0,0.5439199151556391,cross_session,1
0,1,0,47.40567794225257,0,0,0,0.0,0,0.35880367134058266,benign_single_use,0
0,1,0,77.91117355053134,0,0,0,0.0,1,0.8187708657894788,benign_sms_normal,0
0,1,0,410.7819610412775,0,0,1,0.0,0,0.6964797772495419,late_verify,1
0,1,0,85.07490441697865,0,0,0,0.0,0,0.4505124207103376,benign_sms_normal,0
0,1,0,315.860751047045,0,0,1,0.0,1,0.5790173791977846,late_verify,1
0,1,0,23.639166928480087,0,0,0,0.0,1,0.7827185808221014,benign_single_use,0
0,1,0,8.801157844567639,0,0,0,0.0,0,0.841612158481164,benign_sms_normal,0
0,1,1,66.96084913626348,0,1,0,0.0,0,0.7954553083864032,stale_after_reissue,1
0,1,0,11.90327478840673,0,0,0,0.0,1,0.41882188335976483,benign_single_use,0
0,2,0,52.26599881909456,0,0,0,0.0,1,0.7796116047818811,replay_attempt,1
2,1,0,30.430492231406976,0,0,0,13.93707938966189,0,0.7000843103449148,benign_retry_then_success,0
0,1,0,27.407797153040406,0,0,0,0.0,1,0.48687504103479456,benign_sms_normal,0
0,1,0,36.12449831958108,0,0,0,0.0,1,0.7662663180851192,benign_sms_normal,0
0,1,0,18.87746892450745,1,0,0,0.0,1,0.8371599630760977,cross_session,1
0,1,1,25.79575413445565,0,1,0,0.0,1,0.5106756024145256,stale_after_reissue,1
0,0,1,6.093349546592558,0,0,0,0.0,0,0.322520276555569,stale_after_reissue,1
0,1,0,48.84343705333372,0,0,0,0.0,0,0.6153050464123023,benign_single_use,0
0,1,0,44.92644345230494,0,0,0,0.0,1,0.8509527604905947,benign_sms_normal,0
0,1,0,77.4901706569397,0,0,0,0.0,1,0.49168430673670255,benign_sms_normal,0
2,0,0,17.811560050029897,0,0,0,12.789680576124447,0,0.3653151127409863,benign_retry_then_success,0
0,1,0,53.60238643064415,1,0,0,0.0,0,0.9244523218059868,cross_session,1
0,0,1,40.274952636980096,0,0,0,0.0,0,0.47066458392275046,stale_after_reissue,1
0,1,0,313.26647734166494,0,0,1,0.0,0,0.9497749282893364,late_verify,1
8,0,0,36.04539776518463,0,0,0,4.5626486730071765,0,0.7252873514061824,brute_force,1
0,2,0,12.709563634162869,0,0,0,0.0,1,0.7335916002349745,replay_attempt,1
0,2,0,48.079894000818705,0,0,0,0.0,0,0.9750299526044408,replay_attempt,1
2,0,0,19.221733619321025,0,0,0,5.615123741196374,1,0.4481107498700293,benign_retry_then_success,0
0,2,0,49.79905581211012,0,0,0,0.0,0,0.9390416863260007,replay_attempt,1
1,1,0,29.254021534275022,0,0,0,0.0,0,0.8450306647164401,benign_retry_then_success,0
0,1,0,38.02509224519782,1,0,0,0.0,0,0.9160138945322982,cross_session,1
10,0,0,27.600415809498696,0,0,0,2.676426012461897,0,0.887668452179107,brute_force,1
0,1,0,337.01545424786593,0,0,1,0.0,0,0.6617557264533704,late_verify,1
0,1,1,92.34656257537075,0,1,0,0.0,1,0.6693776314984221,stale_after_reissue,1
4,0,0,16.78213200940143,0,0,0,4.812050468842394,1,0.45663660585377386,brute_force,1
2,0,0,10.567337968260327,0,0,0,6.323211299229607,1,0.5263026773294084,benign_retry_then_success,0
0,1,0,41.114212530504986,0,0,0,0.0,0,0.8519779453810816,benign_single_use,0
0,1,0,20.733707239323294,0,0,0,0.0,0,0.751126345856624,benign_single_use,0
10,0,0,39.62145030063459,0,0,0,3.745664818836551,0,0.9086215393699302,brute_force,1
0,2,0,91.68861257253232,0,0,0,0.0,1,0.8943402426363432,replay_attempt,1
0,1,0,45.49301283739673,0,0,0,0.0,0,0.3081530916159772,replay_attempt,1
0,2,0,36.79357754393222,0,0,0,0.0,0,0.8721970098340617,replay_attempt,1
0,1,0,44.142653455181936,0,0,0,0.0,0,0.5847178033748883,benign_single_use,0
1,1,0,24.05338887011385,0,0,0,0.0,0,0.8239683533848463,benign_retry_then_success,0
0,1,1,61.42190579949843,0,1,0,0.0,1,0.6861467537899416,stale_after_reissue,1
0,1,0,23.05321967559794,0,0,0,0.0,1,0.33201566442558716,benign_sms_normal,0
0,1,0,74.25870962986605,0,0,0,0.0,1,0.4137778136504354,benign_sms_normal,0
0,1,0,35.669374745965484,1,0,0,0.0,1,0.5220602321672737,cross_session,1
0,1,0,377.45043586743026,0,0,1,0.0,1,0.8041522584096952,late_verify,1
2,1,0,25.24166809445111,0,0,0,14.071132779735763,0,0.8855858561209704,benign_retry_then_success,0
0,1,0,55.855564777543336,0,0,0,0.0,1,0.3763337478201067,benign_sms_normal,0
0,0,1,38.6404411556478,0,0,0,0.0,0,0.37802340803428075,stale_after_reissue,1
0,1,1,40.82397753580776,0,1,0,0.0,1,0.7522138386459938,stale_after_reissue,1
2,0,0,12.334929745674032,0,0,0,3.1849917634045894,0,0.33863110341634217,benign_retry_then_success,0
0,1,1,25.83452754217585,0,1,0,0.0,1,0.6219756699563801,stale_after_reissue,1
9,0,0,35.07305045506191,0,0,0,3.9711947916035477,0,0.9546194833003405,brute_force,1
0,1,0,83.23836769021892,0,0,0,0.0,0,0.4577497373303605,benign_sms_normal,0
0,1,0,70.08092533304689,0,0,0,0.0,1,0.9105968168968352,benign_sms_normal,0
0,1,0,66.7150294036066,0,0,0,0.0,0,0.4428730054087108,benign_sms_normal,0
0,1,0,64.55862721435676,0,0,0,0.0,1,0.4269466510202172,benign_sms_normal,0
0,1,1,93.25350606007848,0,1,0,0.0,1,0.7596379112635092,stale_after_reissue,1
1,1,0,8.709363073726529,0,0,0,0.0,1,0.5333186980013046,benign_retry_then_success,0
1,1,0,16.429363426665965,0,0,0,0.0,0,0.7211580945668197,benign_retry_then_success,0
0,1,0,15.175432088756434,0,0,0,0.0,1,0.33191239887633517,replay_attempt,1
0,1,0,305.050971961627,0,0,1,0.0,1,0.533565773799774,late_verify,1
0,1,0,327.8320957002046,0,0,1,0.0,1,0.8060121880769875,late_verify,1
0,1,0,45.793913269000726,1,0,0,0.0,0,0.6724566951225384,cross_session,1
2,0,0,20.844514367358446,0,0,0,11.940970017636037,0,0.3960282465830465,benign_retry_then_success,0
0,1,0,42.06032982071101,1,0,0,0.0,1,0.4918753813927247,cross_session,1
0,1,0,34.63076681502953,0,0,0,0.0,1,0.8508242722357622,benign_sms_normal,0
0,1,0,361.3649355506676,0,0,1,0.0,1,0.8411749677256741,late_verify,1
2,1,0,28.693950192887193,0,0,0,7.298250872882363,1,0.9701331480867719,benign_retry_then_success,0
0,1,1,43.22310092827856,0,1,0,0.0,1,0.9158943253007326,stale_after_reissue,1
2,0,0,19.953279032345925,0,0,0,13.64477767962278,1,0.5959624366233627,benign_retry_then_success,0
0,0,1,34.43817832475156,0,0,0,0.0,0,0.45778314079042126,stale_after_reissue,1
0,1,0,9.190823881191395,0,0,0,0.0,1,0.43415248461837525,replay_attempt,1
0,1,0,20.251193054460447,1,0,0,0.0,0,0.7959655581630427,cross_session,1
1,1,0,17.005765671252085,0,0,0,0.0,0,0.8364524518315481,benign_retry_then_success,0
0,1,0,5.305749695325187,0,0,0,0.0,0,0.6896643361515375,benign_single_use,0
0,0,1,36.75151829557952,0,0,0,0.0,1,0.37851480565866785,stale_after_reissue,1
2,1,0,32.34055902765404,0,0,0,8.980132838865186,0,0.8347359083429304,benign_retry_then_success,0
0,1,0,76.72787893055866,0,0,0,0.0,1,0.590096319005006,benign_sms_normal,0
0,1,0,31.577939182395372,1,0,0,0.0,1,0.3825730264940922,cross_session,1
0,1,0,9.930442323502568,0,0,0,0.0,1,0.7738077953062807,benign_sms_normal,0
0,1,0,8.80958647941744,1,0,0,0.0,0,0.7246122402785512,cross_session,1
0,1,0,5.480103253457859,0,0,0,0.0,1,0.7038179158598223,benign_sms_normal,0
0,2,0,68.11005256489346,0,0,0,0.0,0,0.9097046224479168,replay_attempt,1
5,0,0,20.14566456495494,0,0,0,4.222155760485414,0,0.7085966302170981,brute_force,1
0,2,0,62.49024261513152,0,0,0,0.0,0,0.893747369750427,replay_attempt,1
5,0,0,19.945122701440148,0,0,0,3.619133886594647,0,0.5296276374460972,brute_force,1
0,1,0,9.189293256912714,0,0,0,0.0,1,0.34568198266713435,benign_sms_normal,0
1,0,0,10.389501723301299,0,0,0,0.0,1,0.4173680688158239,benign_retry_then_success,0
0,2,0,25.807093991536167,0,0,0,0.0,1,0.7183015716477065,replay_attempt,1
0,1,0,42.6897436738472,0,0,0,0.0,1,0.4933260666592648,benign_single_use,0
0,1,0,57.246669585631025,0,0,0,0.0,1,0.44899391620152007,benign_sms_normal,0
0,1,0,31.11126195909576,1,0,0,0.0,0,0.4664747217284091,cross_session,1
0,1,0,17.91287308671468,0,0,0,0.0,0,0.4061296976414307,benign_sms_normal,0
0,1,0,42.37875671214182,0,0,0,0.0,0,0.3021280254433357,benign_sms_normal,0
0,1,0,366.74498088426554,0,0,1,0.0,0,0.9547977894091082,late_verify,1
2,0,0,19.39719580465478,0,0,0,11.380352052990077,1,0.6426829475576847,benign_retry_then_success,0
10,0,0,35.64624237570864,0,0,0,3.843760734026302,0,0.9974090809381762,brute_force,1
0,1,0,321.409424227875,0,0,1,0.0,0,0.8921835101839242,late_verify,1
0,1,0,308.27879499435807,0,0,1,0.0,0,0.3777364780546491,late_verify,1
0,1,1,88.35872532138953,0,1,0,0.0,0,0.5818625485260702,stale_after_reissue,1
0,1,0,24.142537278685147,0,0,0,0.0,1,0.7504303473348803,benign_single_use,0
0,1,0,13.75701596636501,0,0,0,0.0,1,0.5941237442678691,benign_sms_normal,0
0,1,0,27.389415759066267,1,0,0,0.0,1,0.7295864521515132,cross_session,1
2,1,0,23.966411863740724,0,0,0,12.312970973586285,0,0.8723980122452297,benign_retry_then_success,0
2,0,0,19.845716740167276,0,0,0,7.5995221561907425,0,0.3735226637022032,benign_retry_then_success,0
0,1,0,30.846839688608586,0,0,0,0.0,1,0.8665848164900887,benign_single_use,0
0,1,0,336.5633980048937,0,0,1,0.0,1,0.43959951105825046,late_verify,1
1,1,0,17.148442495067954,0,0,0,0.0,1,0.6655766346625459,benign_retry_then_success,0
0,1,0,71.2666053113188,0,0,0,0.0,0,0.4480475668413793,benign_sms_normal,0
2,0,0,15.930946807036099,0,0,0,5.139839579686985,0,0.6090357247658444,benign_retry_then_success,0
0,1,0,49.686657249483716,0,0,0,0.0,0,0.600970341583529,benign_single_use,0
0,1,0,43.80392364939229,0,0,0,0.0,1,0.6198386221367993,benign_single_use,0
0,1,0,25.2905129756101,0,0,0,0.0,1,0.41906097471005616,benign_single_use,0
0,1,0,53.22615561104265,1,0,0,0.0,0,0.4983723784961699,cross_session,1
0,1,0,8.03478145122482,0,0,0,0.0,0,0.9836846479397421,benign_single_use,0
1,1,0,19.50348529907013,0,0,0,0.0,1,0.8592341371128547,benign_retry_then_success,0
0,1,0,389.26966017862355,0,0,1,0.0,1,0.7982131886639452,late_verify,1
0,1,0,311.5716476396786,0,0,1,0.0,1,0.8247785985693639,late_verify,1
0,1,1,89.9204640229061,0,1,0,0.0,0,0.7235136919681326,stale_after_reissue,1
0,1,0,56.09634784120016,0,0,0,0.0,0,0.7494083617173914,benign_single_use,0
0,1,1,102.34621895687621,0,1,0,0.0,1,0.5408702818845923,stale_after_reissue,1
0,1,0,409.3374304168432,0,0,1,0.0,0,0.4027890494818225,late_verify,1
0,1,0,342.2727224065372,0,0,1,0.0,0,0.8392084797255506,late_verify,1
0,1,0,14.627794908424633,0,0,0,0.0,0,0.5126237609770161,benign_sms_normal,0
0,1,0,24.11552380485082,1,0,0,0.0,1,0.37196507016257696,cross_session,1
0,1,0,32.141374316052826,0,0,0,0.0,1,0.4201009428849589,benign_single_use,0
0,1,1,84.50050469176868,0,1,0,0.0,0,0.609119478364265,stale_after_reissue,1
4,0,0,18.65018084221741,0,0,0,4.525583392505726,0,0.5430612031607975,brute_force,1
0,1,1,87.45553964707167,0,1,0,0.0,0,0.8708534366236094,stale_after_reissue,1
0,1,0,331.25229358135624,0,0,1,0.0,1,0.6263658304864048,late_verify,1
2,0,0,22.307306970130668,0,0,0,8.686135684653943,0,0.4502074261890171,benign_retry_then_success,0
0,1,1,58.02627887485696,0,1,0,0.0,0,0.5741609276625838,stale_after_reissue,1
0,1,0,39.647307029903914,0,0,0,0.0,1,0.8756437309378367,benign_sms_normal,0
0,1,0,37.03607098994551,0,0,0,0.0,0,0.9236080180660686,benign_single_use,0
0,1,0,341.2934815486767,0,0,1,0.0,0,0.7615436664277869,late_verify,1
0,1,1,83.55381509991165,0,1,0,0.0,0,0.6950093854605488,stale_after_reissue,1
9,0,0,34.536530974066466,0,0,0,3.690644768338238,1,0.8797553887563601,brute_force,1
0,0,1,7.708282133282918,0,0,0,0.0,1,0.31439833933090566,stale_after_reissue,1
0,1,1,74.46397376848333,0,1,0,0.0,1,0.737870604250006,stale_after_reissue,1
0,1,0,44.357377255163414,0,0,0,0.0,1,0.7382769762162166,benign_single_use,0
6,0,0,20.62718678489614,0,0,0,3.378843921044576,1,0.6696106962885137,brute_force,1
0,1,0,16.700722541287853,0,0,0,0.0,0,0.8567868133463248,benign_single_use,0
0,1,0,414.9155053370282,0,0,1,0.0,1,0.7982392302410564,late_verify,1
0,1,0,17.082541226897717,1,0,0,0.0,1,0.7429197226051201,cross_session,1
0,2,0,48.83834141372221,0,0,0,0.0,0,0.5993984675688399,replay_attempt,1
1,1,0,14.42785016871824,0,0,0,0.0,0,0.8948211678426683,benign_retry_then_success,0
0,1,0,59.46845368250702,0,0,0,0.0,1,0.32377783948865896,replay_attempt,1
0,1,0,10.5601072820701,0,0,0,0.0,1,0.9467334465603976,benign_sms_normal,0
0,1,0,333.48057778887795,0,0,1,0.0,0,0.6981732862745076,late_verify,1
0,1,0,48.94252502945509,0,0,0,0.0,0,0.6438472413926085,benign_single_use,0
0,1,0,323.0327040923089,0,0,1,0.0,0,0.42262815133948095,late_verify,1
5,0,0,17.403108696190497,0,0,0,4.0275952321474415,0,0.5885876836424986,brute_force,1
0,1,0,56.96777421146009,1,0,0,0.0,1,0.3323902378221529,cross_session,1
1,1,0,18.68692529945447,0,0,0,0.0,0,0.9730217128239804,benign_retry_then_success,0
0,1,0,6.934548369835708,0,0,0,0.0,0,0.9866271932353414,benign_single_use,0
5,0,0,18.49935023998713,0,0,0,3.625403617578547,1,0.43681538976527284,brute_force,1
0,1,0,40.774819257914544,0,0,0,0.0,0,0.3758626763079176,benign_single_use,0
0,1,0,62.05802765749817,0,0,0,0.0,0,0.567210633910842,benign_sms_normal,0
2,1,0,23.45400838818904,0,0,0,6.2239341268571415,1,0.6936830953175277,benign_retry_then_success,0
0,1,0,30.256171775126585,0,0,0,0.0,0,0.8616199442434724,benign_single_use,0
0,1,0,58.7829549761706,1,0,0,0.0,1,0.6246257666721977,cross_session,1
0,1,0,398.51159282744635,0,0,1,0.0,0,0.4549057090398025,late_verify,1
3,0,0,7.7841522132963945,0,0,0,2.5723262475516,0,0.3658350550761033,brute_force,1
0,1,0,10.39745766324932,0,0,0,0.0,0,0.559534999233484,benign_single_use,0
0,1,1,62.55073543470322,0,1,0,0.0,1,0.7675898948679083,stale_after_reissue,1
2,0,0,18.766072327826002,0,0,0,12.001102378658118,0,0.46743617939388016,benign_retry_then_success,0
0,1,0,20.093562694225056,1,0,0,0.0,0,0.6162599967552473,cross_session,1
0,1,1,49.58311910340412,0,1,0,0.0,0,0.6507186280196853,stale_after_reissue,1
9,0,0,32.27635352688191,0,0,0,3.4843136515033954,0,0.9191322792588486,brute_force,1
0,1,0,7.144423134107756,0,0,0,0.0,0,0.9387546025383497,benign_single_use,0
0,1,0,39.258138698929294,1,0,0,0.0,1,0.8128824406906221,cross_session,1
0,1,0,49.05070507228849,0,0,0,0.0,1,0.36320611129284497,benign_single_use,0
0,2,0,92.64848982600861,0,0,0,0.0,1,0.865843956322123,replay_attempt,1
0,1,0,11.608933223111928,0,0,0,0.0,0,0.40754776619496963,replay_attempt,1
0,0,1,18.23063238820462,0,0,0,0.0,1,0.34963305458368077,stale_after_reissue,1
0,1,0,21.801764025246193,0,0,0,0.0,0,0.41878762270394476,benign_sms_normal,0
0,1,0,56.766628877061656,0,0,0,0.0,0,0.6406351745470255,benign_single_use,0
0,1,0,6.039578083799091,0,0,0,0.0,0,0.3770430319582575,replay_attempt,1
0,1,0,13.7532750045458,0,0,0,0.0,0,0.5229650614746844,benign_sms_normal,0
0,1,0,62.68728351930949,0,0,0,0.0,0,0.7343797701608724,benign_sms_normal,0
0,1,0,20.63889572012502,0,0,0,0.0,1,0.8559873939752818,benign_sms_normal,0
0,1,1,58.64877033856635,0,1,0,0.0,1,0.9629903071144015,stale_after_reissue,1
0,2,0,24.955386365766447,0,0,0,0.0,1,0.9554899052802668,replay_attempt,1
0,1,0,27.2892589844737,0,0,0,0.0,1,0.806663685844931,benign_single_use,0
0,1,1,76.56906571012247,0,1,0,0.0,0,0.9302648697371934,stale_after_reissue,1
3,0,0,9.274731032979947,0,0,0,3.646814770277809,1,0.4727280769912506,brute_force,1
0,1,0,26.93208767419059,0,0,0,0.0,1,0.8848354076602185,benign_single_use,0
0,1,0,20.851809439646228,1,0,0,0.0,1,0.7185462929337874,cross_session,1
0,1,1,71.62420254570776,0,1,0,0.0,1,0.6801513784449498,stale_after_reissue,1
1,1,0,12.601956460011728,0,0,0,0.0,1,0.8075038811304651,benign_retry_then_success,0
0,1,0,22.981131321410313,0,0,0,0.0,1,0.35339705937498483,benign_single_use,0
0,1,1,28.00401107004057,0,1,0,0.0,1,0.7041472463676062,stale_after_reissue,1
0,1,0,76.64251198800112,0,0,0,0.0,0,0.7779367485387707,benign_sms_normal,0
0,1,0,17.7509072250851,0,0,0,0.0,0,0.31075698401945995,benign_single_use,0
0,2,0,52.45645058952118,0,0,0,0.0,1,0.7013665186673357,replay_attempt,1
0,1,0,35.05428616361135,0,0,0,0.0,0,0.41583052048846264,benign_single_use,0
0,1,1,84.36839159111915,0,1,0,0.0,1,0.5977418583263165,stale_after_reissue,1
1,1,0,14.888535796944934,0,0,0,0.0,1,0.925940137702286,benign_retry_then_success,0
0,1,0,39.07216296471138,0,0,0,0.0,0,0.3037071159338514,benign_sms_normal,0
2,1,0,28.29812179352266,0,0,0,13.086699829141997,0,0.7684177139879597,benign_retry_then_success,0
3,0,0,14.362279028025837,0,0,0,4.437824003299236,1,0.33771896081695124,brute_force,1
0,1,1,67.84281047974729,0,1,0,0.0,1,0.5310208268462138,stale_after_reissue,1
0,0,1,24.432538215217406,0,0,0,0.0,1,0.4918395773958816,stale_after_reissue,1
0,1,0,54.43134988377389,0,0,0,0.0,0,0.8814075772208099,benign_single_use,0
9,0,0,26.634649413231596,0,0,0,3.0647091839414964,1,0.9485259569052638,brute_force,1
0,1,0,86.6893271633495,0,0,0,0.0,0,0.48741724199943226,benign_sms_normal,0
1,1,0,16.221856310008025,0,0,0,0.0,0,0.6901361280794556,benign_retry_then_success,0
0,1,0,25.474394179955322,0,0,0,0.0,1,0.41916162061943957,benign_sms_normal,0
1,1,0,25.963172700432224,0,0,0,0.0,0,0.8573341582544143,benign_retry_then_success,0
0,1,0,16.955814231720105,0,0,0,0.0,0,0.6006035081066141,benign_sms_normal,0
0,1,0,33.093802931065326,0,0,0,0.0,1,0.30669405955982004,benign_sms_normal,0
0,1,0,34.8559339315402,1,0,0,0.0,0,0.3104160350179332,cross_session,1
2,1,0,28.659047295955506,0,0,0,11.661765593328358,1,0.8526656776471788,benign_retry_then_success,0
0,1,0,41.48752515832132,0,0,0,0.0,1,0.9505077151325634,benign_single_use,0
0,1,1,48.28057057764738,0,1,0,0.0,1,0.6534354715075825,stale_after_reissue,1
2,0,0,21.053481573666808,0,0,0,14.298212860625263,1,0.48625636643740233,benign_retry_then_success,0
0,1,0,341.9613348385291,0,0,1,0.0,1,0.661347892909139,late_verify,1
0,1,0,332.61393976871716,0,0,1,0.0,0,0.5333147228064188,late_verify,1
0,1,0,406.5072686467288,0,0,1,0.0,1,0.3804188634681974,late_verify,1
0,2,0,62.90199190678324,0,0,0,0.0,1,0.5503443656557397,replay_attempt,1
0,1,1,76.5993565561774,0,1,0,0.0,0,0.843283966748918,stale_after_reissue,1
0,1,0,8.192824346385612,0,0,0,0.0,0,0.9166817475152387,benign_single_use,0
0,1,0,12.030783725834144,0,0,0,0.0,0,0.45613554749775415,replay_attempt,1
0,1,0,407.2198024470256,0,0,1,0.0,1,0.6671519670955326,late_verify,1
0,1,0,22.56178038723263,0,0,0,0.0,1,0.37734035968273816,replay_attempt,1
0,1,0,16.779945035441763,0,0,0,0.0,0,0.3881722715866386,replay_attempt,1
0,1,0,50.42509462917782,0,0,0,0.0,0,0.3828093896658961,benign_single_use,0
1,0,0,13.756405461314955,0,0,0,0.0,0,0.34160116205914226,benign_retry_then_success,0
0,1,0,30.34933316364836,0,0,0,0.0,1,0.7709474150940059,benign_sms_normal,0
0,1,0,21.678792727897335,0,0,0,0.0,1,0.5461595821979318,benign_single_use,0
4,0,0,16.730771508826443,0,0,0,3.648742080722778,1,0.3599660692241041,brute_force,1
0,1,0,25.611503727939247,1,0,0,0.0,1,0.4140615297683829,cross_session,1
0,1,0,368.9254343360125,0,0,1,0.0,0,0.6982732507839886,late_verify,1
0,1,0,9.840676032134823,0,0,0,0.0,1,0.7361281979348155,benign_single_use,0
0,1,0,11.99462609137857,1,0,0,0.0,0,0.7440693264669578,cross_session,1
0,1,0,48.88960507059782,1,0,0,0.0,0,0.6565216090873398,cross_session,1
1,1,0,18.47598518961859,0,0,0,0.0,0,0.9622568977838684,benign_retry_then_success,0
0,0,1,10.865428940647906,0,0,0,0.0,1,0.32446591705431926,stale_after_reissue,1
2,1,0,22.252742849271506,0,0,0,9.103502088613897,1,0.6786623679502248,benign_retry_then_success,0
0,1,1,58.011081980887475,0,1,0,0.0,1,0.8235104546516305,stale_after_reissue,1
2,1,0,28.538011444576142,0,0,0,10.191351635645734,1,0.7765697806588103,benign_retry_then_success,0
0,1,0,404.1497648719638,0,0,1,0.0,1,0.4741590054890018,late_verify,1
0,1,0,8.34035496431277,0,0,0,0.0,1,0.9320689590543683,benign_single_use,0
4,0,0,17.16182526475325,0,0,0,4.445685203980019,1,0.49282329350549386,brute_force,1
0,1,0,32.96736879922348,1,0,0,0.0,1,0.5159600692583595,cross_session,1
0,0,1,37.01424085607131,0,0,0,0.0,0,0.3535684867914431,stale_after_reissue,1
0,1,0,43.183308552284025,0,0,0,0.0,0,0.37583004085540345,benign_single_use,0
0,1,0,13.572895565106586,0,0,0,0.0,0,0.5007702401342731,benign_sms_normal,0
0,1,0,395.9145541713743,0,0,1,0.0,0,0.6730717375879669,late_verify,1
8,0,0,23.894389038666468,0,0,0,2.925767231048816,1,0.7781879181667439,brute_force,1
7,0,0,19.598197799007735,0,0,0,2.746284098131183,1,0.72750206832873,brute_force,1
0,1,0,22.265739959474825,0,0,0,0.0,1,0.4460867570747051,benign_sms_normal,0
0,1,1,79.58973755431639,0,1,0,0.0,0,0.5112556691531684,stale_after_reissue,1
0,1,0,35.18479812195685,1,0,0,0.0,0,0.6151329937533825,cross_session,1
0,1,0,67.14347224668506,0,0,0,0.0,1,0.52749186988169,benign_sms_normal,0
0,1,0,12.368229571465214,1,0,0,0.0,1,0.9172083456067623,cross_session,1
0,1,0,55.69097738259658,1,0,0,0.0,1,0.8042832140247995,cross_session,1
0,1,0,26.277763399467794,0,0,0,0.0,0,0.3250753528425093,benign_single_use,0
1,0,0,3.0470854344105582,0,0,0,0.0,0,0.4007120975054972,benign_retry_then_success,0
0,1,0,71.69761496639384,0,0,0,0.0,1,0.7231369583698664,benign_sms_normal,0
9,0,0,34.163084627199616,0,0,0,3.671887519369492,1,0.9772718402249811,brute_force,1
2,1,0,28.475350898180245,0,0,0,5.180932154384209,0,0.7855890369496006,benign_retry_then_success,0
0,0,1,23.32190339561629,0,0,0,0.0,0,0.34402271862350625,stale_after_reissue,1
0,1,0,50.515464482294384,0,0,0,0.0,1,0.4181753105872898,benign_sms_normal,0
0,1,0,5.849483549072112,0,0,0,0.0,1,0.8227890082169593,benign_single_use,0
0,0,1,40.73239870027599,0,0,0,0.0,1,0.3198244784669449,stale_after_reissue,1
0,1,0,28.866936153574983,0,0,0,0.0,0,0.9627480487538422,benign_sms_normal,0
0,1,0,26.68682778356834,0,0,0,0.0,0,0.981359388764883,benign_sms_normal,0
5,0,0,24.21080167976116,0,0,0,5.254803526338058,1,0.7336545884940077,brute_force,1
0,1,0,56.44189640476658,0,0,0,0.0,0,0.5121197523926583,benign_single_use,0
0,2,0,45.48373045673361,0,0,0,0.0,1,0.7219377115299108,replay_attempt,1
0,1,0,5.096965972410203,0,0,0,0.0,1,0.9837541740422253,benign_sms_normal,0
0,1,0,28.70130223138606,0,0,0,0.0,0,0.7988284819656168,benign_single_use,0
0,1,0,10.4987833260782,1,0,0,0.0,1,0.8791537639630369,cross_session,1
0,1,0,41.98608615056966,0,0,0,0.0,0,0.9023532900834017,benign_single_use,0
0,1,0,46.34873928662224,0,0,0,0.0,0,0.9627752249905246,benign_single_use,0
0,2,0,49.86942076516121,0,0,0,0.0,0,0.9480550920628632,replay_attempt,1
0,1,0,50.83452243626323,0,0,0,0.0,0,0.41938570532961206,benign_sms_normal,0
2,0,0,19.733908286406283,0,0,0,7.150116537073242,1,0.38424261092662193,benign_retry_then_success,0
4,0,0,13.905706512520126,0,0,0,3.407712409083951,0,0.33579419322210513,brute_force,1
3,0,0,9.365463432803777,0,0,0,2.835758890034157,1,0.4903110111934653,brute_force,1
0,1,0,59.642506655156204,0,0,0,0.0,0,0.5700687890769391,benign_single_use,0
1,1,0,9.55250221789369,0,0,0,0.0,1,0.8984204434426784,benign_retry_then_success,0
0,1,0,415.08014630391887,0,0,1,0.0,0,0.3019819379676161,late_verify,1
0,1,1,40.08721206745288,0,1,0,0.0,1,0.8927474566240143,stale_after_reissue,1
0,1,0,36.94597054650997,0,0,0,0.0,0,0.5764954212420086,benign_single_use,0
0,1,0,370.8319463012048,0,0,1,0.0,0,0.6464233248052538,late_verify,1
0,2,0,45.683558854358424,0,0,0,0.0,0,0.5324801088159399,replay_attempt,1
0,1,0,71.70614428428456,0,0,0,0.0,0,0.7989448405153922,benign_sms_normal,0
0,1,0,21.080115632141148,0,0,0,0.0,1,0.5732798923580422,benign_sms_normal,0
0,0,1,7.476335148672806,0,0,0,0.0,1,0.3034184080008734,stale_after_reissue,1
0,1,0,53.06742965952353,0,0,0,0.0,1,0.6002306806108575,benign_sms_normal,0
0,1,0,388.6448962697772,0,0,1,0.0,1,0.8651050702597245,late_verify,1
0,1,1,21.512810350191053,0,1,0,0.0,0,0.7586523172609455,stale_after_reissue,1
0,1,0,22.883995514196727,0,0,0,0.0,1,0.9810991342221218,benign_single_use,0
7,0,0,23.302859163121955,0,0,0,3.3164122607826223,0,0.6038889415917233,brute_force,1
0,1,1,59.454483725103515,0,1,0,0.0,0,0.5362539419765062,stale_after_reissue,1
0,1,0,38.18542038779294,1,0,0,0.0,1,0.3193045724485575,cross_session,1
0,1,0,53.249711562650326,1,0,0,0.0,0,0.9638312152901816,cross_session,1
0,1,0,34.308002719376915,0,0,0,0.0,1,0.721444105483086,benign_single_use,0
1,1,0,21.096360403065106,0,0,0,0.0,0,0.518993441590282,benign_retry_then_success,0
0,1,0,56.84104405041603,0,0,0,0.0,0,0.5446026588976305,benign_single_use,0
0,1,1,75.8067070439059,0,1,0,0.0,0,0.9774516350617,stale_after_reissue,1
0,1,0,12.643564659721184,0,0,0,0.0,1,0.7914894155888501,benign_sms_normal,0
0,2,0,61.03071142998111,0,0,0,0.0,1,0.5856992875423352,replay_attempt,1
0,0,1,10.307526560258601,0,0,0,0.0,1,0.33481012737840243,stale_after_reissue,1
0,1,0,55.345966777759465,1,0,0,0.0,0,0.4625415361369537,cross_session,1
0,1,0,61.50898150130456,0,0,0,0.0,1,0.9759798893053508,benign_sms_normal,0
0,1,0,81.41533606919906,0,0,0,0.0,1,0.9937213322520584,benign_sms_normal,0
0,1,0,6.759185657885539,1,0,0,0.0,1,0.5991172649633308,cross_session,1
0,1,1,91.62971809955934,0,1,0,0.0,0,0.7300899556661323,stale_after_reissue,1
0,1,0,86.07650813823867,0,0,0,0.0,0,0.3705352950184547,benign_sms_normal,0
0,1,0,58.573261507760506,0,0,0,0.0,0,0.5390333427072332,benign_sms_normal,0
0,1,0,50.56782064677366,1,0,0,0.0,0,0.4255405906327999,cross_session,1
0,1,0,307.22536932354024,0,0,1,0.0,0,0.6435962872347784,late_verify,1
0,1,0,51.223887560581346,0,0,0,0.0,1,0.9640612599023786,benign_single_use,0
0,1,0,5.0551125688087195,0,0,0,0.0,1,0.6976169689371404,benign_sms_normal,0
0,1,0,28.535541927984646,0,0,0,0.0,0,0.9600585304684264,benign_single_use,0
0,1,0,27.750679418314945,0,0,0,0.0,1,0.7499563884434076,benign_sms_normal,0
0,1,0,74.35895176662306,0,0,0,0.0,0,0.45182828899989735,benign_sms_normal,0
0,1,0,81.40368808724327,0,0,0,0.0,0,0.30129461989852807,benign_sms_normal,0
0,1,0,57.52960007845239,0,0,0,0.0,1,0.7346278309733978,benign_sms_normal,0
1,0,0,11.221972117032454,0,0,0,0.0,1,0.4164840229332991,benign_retry_then_success,0
0,2,0,37.295144895627914,0,0,0,0.0,1,0.9688933233281969,replay_attempt,1
0,1,0,54.59296671105929,0,0,0,0.0,1,0.7039356159094665,benign_single_use,0
0,1,0,17.976630425107707,0,0,0,0.0,1,0.5832239718182293,benign_sms_normal,0
0,1,0,43.582441985128675,1,0,0,0.0,0,0.463530445871713,cross_session,1
0,1,0,5.639355764321056,0,0,0,0.0,0,0.4973347217473147,benign_single_use,0
0,1,0,36.33404483923564,0,0,0,0.0,0,0.4244771386124395,benign_single_use,0
0,1,0,17.3993974816124,1,0,0,0.0,1,0.5978515960379367,cross_session,1
0,1,0,60.34350141960395,0,0,0,0.0,0,0.4970384145254972,benign_sms_normal,0
0,1,0,390.60092913169217,0,0,1,0.0,0,0.6975232691834529,late_verify,1
0,1,0,24.15765060919625,1,0,0,0.0,1,0.8605232704429076,cross_session,1
0,1,0,328.99593356530613,0,0,1,0.0,1,0.3370218323906142,late_verify,1
1,1,0,22.75446609863132,0,0,0,0.0,1,0.6188223274735293,benign_retry_then_success,0
2,1,0,26.062921499986896,0,0,0,13.528447271388863,0,0.9858727116015358,benign_retry_then_success,0
5,0,0,14.664945550056679,0,0,0,2.530851569196219,1,0.6220939647811249,brute_force,1
0,2,0,35.661583765831196,0,0,0,0.0,1,0.6372930650927726,replay_attempt,1
0,1,1,79.40145570219428,0,1,0,0.0,1,0.8241364612477551,stale_after_reissue,1
0,1,0,344.51324801024475,0,0,1,0.0,1,0.4589855436766209,late_verify,1
0,1,1,68.24327731093224,0,1,0,0.0,0,0.8519196337723562,stale_after_reissue,1
0,1,0,44.2827998392537,0,0,0,0.0,1,0.5467765314017449,benign_single_use,0
0,1,0,386.48744842915204,0,0,1,0.0,0,0.4592180203271936,late_verify,1
1,1,0,14.32009603896636,0,0,0,0.0,1,0.7950854017348696,benign_retry_then_success,0
0,1,0,67.8643276305879,0,0,0,0.0,1,0.9635771970538465,benign_sms_normal,0
0,1,0,57.97273082585469,0,0,0,0.0,1,0.9961086896944489,benign_single_use,0
0,1,0,58.19507904115972,0,0,0,0.0,0,0.647938984829574,benign_sms_normal,0
8,0,0,21.30469883870296,0,0,0,2.8220197817120405,1,0.9728607498465422,brute_force,1
0,1,0,323.6616131594797,0,0,1,0.0,0,0.48957451647661904,late_verify,1
0,1,0,44.49321205898861,0,0,0,0.0,1,0.5321209571716106,benign_sms_normal,0
6,0,0,27.197598791156643,0,0,0,4.521407720881467,1,0.5965392497857335,brute_force,1
0,1,0,15.535103647026363,1,0,0,0.0,1,0.7167773718736938,cross_session,1
1,1,0,19.35613961186476,0,0,0,0.0,1,0.8809815088654827,benign_retry_then_success,0
0,1,0,7.225469390585511,0,0,0,0.0,0,0.60042424481011,benign_single_use,0
0,1,0,22.61381206443917,0,0,0,0.0,0,0.7681457238950562,benign_single_use,0
0,1,0,342.4204721946798,0,0,1,0.0,0,0.3713739136949328,late_verify,1
2,1,0,36.095594807890265,0,0,0,11.35201974870873,0,0.8294935047432843,benign_retry_then_success,0
0,1,0,31.572027480787174,0,0,0,0.0,1,0.3040680466174255,benign_sms_normal,0
1,0,0,6.001201220735016,0,0,0,0.0,0,0.4219681346843758,benign_retry_then_success,0
5,0,0,15.783240909211889,0,0,0,3.313301824732429,0,0.40636326784664,brute_force,1
0,1,0,81.63080721576915,0,0,0,0.0,1,0.888992972314607,benign_sms_normal,0
9,0,0,36.71222417228944,0,0,0,3.8850556891815633,1,0.7318116279616484,brute_force,1
0,1,0,53.59969692135637,1,0,0,0.0,1,0.5103560274908812,cross_session,1
0,2,0,41.3143916353452,0,0,0,0.0,1,0.5365638907703271,replay_attempt,1
0,1,0,39.781750363496,0,0,0,0.0,0,0.7973943624293172,benign_sms_normal,0
0,1,0,19.672102198008638,0,0,0,0.0,1,0.9606480774742403,benign_sms_normal,0
0,1,0,36.09062161431349,0,0,0,0.0,1,0.439523618544886,benign_sms_normal,0
0,0,1,16.983691949744088,0,0,0,0.0,1,0.4394976407777721,stale_after_reissue,1
0,1,0,11.10971070938816,1,0,0,0.0,0,0.4607559594996156,cross_session,1
4,0,0,14.12342843217268,0,0,0,3.5641507121078235,1,0.4720258023647599,brute_force,1
1,1,0,7.911822508414467,0,0,0,0.0,1,0.7243047442663741,benign_retry_then_success,0
0,0,1,56.34436379191836,0,0,0,0.0,1,0.35422228375554987,stale_after_reissue,1
1,1,0,25.895955627193683,0,0,0,0.0,0,0.7805815912483018,benign_retry_then_success,0
0,1,0,20.685037604265894,0,0,0,0.0,1,0.953477408640496,benign_single_use,0
0,0,1,30.791161388948616,0,0,0,0.0,0,0.319817945095925,stale_after_reissue,1
0,2,0,70.09483456289654,0,0,0,0.0,0,0.9639260321915333,replay_attempt,1
0,1,0,7.975515787992828,0,0,0,0.0,0,0.9923330168166156,benign_single_use,0
0,1,0,31.43927710545151,0,0,0,0.0,1,0.7028957487117118,benign_single_use,0
1,0,0,5.224688331521035,0,0,0,0.0,0,0.4730074848573049,benign_retry_then_success,0
0,1,0,387.74443020226545,0,0,1,0.0,1,0.6975578129999249,late_verify,1
0,1,0,57.32115718990856,0,0,0,0.0,1,0.5256866747662249,benign_single_use,0
0,1,0,45.530800600249805,1,0,0,0.0,0,0.6517807503117328,cross_session,1
1,1,0,22.43573601065193,0,0,0,0.0,0,0.7657849815356969,benign_retry_then_success,0
0,1,0,59.34027269044564,0,0,0,0.0,0,0.6999343530742421,benign_sms_normal,0
0,2,0,66.60027345690744,0,0,0,0.0,0,0.6034423158695151,replay_attempt,1
0,0,1,59.142245920114895,0,0,0,0.0,0,0.4696001930306192,stale_after_reissue,1
0,1,0,77.53823999290003,0,0,0,0.0,1,0.42832636371101207,benign_sms_normal,0
1,1,0,17.242041078242828,0,0,0,0.0,0,0.6463137646693617,benign_retry_then_success,0
9,0,0,28.555365759411373,0,0,0,3.1011511148394053,0,0.7908935322034678,brute_force,1
0,1,0,8.888781539306663,1,0,0,0.0,0,0.4241618459402683,cross_session,1
7,0,0,25.439592146528106,0,0,0,4.000495025352333,1,0.7653333585622333,brute_force,1
4,0,0,18.4432295835189,0,0,0,4.41122095857226,1,0.3353226656783288,brute_force,1
0,1,0,31.28024098031163,0,0,0,0.0,0,0.6296066855239904,benign_sms_normal,0
0,1,0,42.18176472116955,1,0,0,0.0,1,0.624156629169965,cross_session,1
1,0,0,9.007598933843383,0,0,0,0.0,0,0.49953584033246945,benign_retry_then_success,0
0,1,0,28.60916913967252,0,0,0,0.0,1,0.4114308939460351,replay_attempt,1
0,0,1,17.315941134780324,0,0,0,0.0,1,0.43314333492581725,stale_after_reissue,1
0,1,0,40.16024481653863,0,0,0,0.0,1,0.9125664197723469,benign_sms_normal,0
0,1,0,49.189379495580376,0,0,0,0.0,1,0.6280132828287959,benign_sms_normal,0
0,1,1,89.85097747125693,0,1,0,0.0,0,0.929365035707671,stale_after_reissue,1
0,1,0,9.525112144895282,1,0,0,0.0,1,0.9981371827294072,cross_session,1
0,1,0,27.724191892979373,1,0,0,0.0,1,0.5354729255802262,cross_session,1
0,1,0,40.993928110063685,1,0,0,0.0,1,0.4404936181750458,cross_session,1
0,1,0,32.32811545783707,1,0,0,0.0,0,0.7084203464842539,cross_session,1
1,1,0,10.251680335513537,0,0,0,0.0,1,0.7249208825082294,benign_retry_then_success,0
0,1,0,47.851794199519446,0,0,0,0.0,1,0.8219973676206991,benign_single_use,0
0,1,0,54.05666733661386,0,0,0,0.0,1,0.3703575923429764,replay_attempt,1
0,1,0,42.147563346589095,0,0,0,0.0,1,0.5239300207216369,benign_single_use,0
0,1,0,7.205253513621675,0,0,0,0.0,0,0.602955303609831,benign_single_use,0
0,1,0,59.93661977883641,0,0,0,0.0,1,0.31408884855013797,replay_attempt,1
0,1,0,407.2402266171139,0,0,1,0.0,1,0.7980522052293857,late_verify,1
1,1,0,16.355633448440667,0,0,0,0.0,0,0.9459496958594191,benign_retry_then_success,0
0,1,0,338.25390222689805,0,0,1,0.0,0,0.9199153887688716,late_verify,1
1,1,0,11.4750204932501,0,0,0,0.0,1,0.6504207779581663,benign_retry_then_success,0
1,1,0,18.138899665291028,0,0,0,0.0,0,0.9238958039741016,benign_retry_then_success,0
0,1,0,49.928117408948275,1,0,0,0.0,0,0.4155999444132864,cross_session,1
0,1,0,307.02032697400966,0,0,1,0.0,0,0.5447464578112684,late_verify,1
0,1,0,78.0807046622021,0,0,0,0.0,0,0.3600443997513027,benign_sms_normal,0
0,1,0,24.330457595990016,0,0,0,0.0,0,0.4411080042619909,benign_single_use,0
0,2,0,66.05163730482165,0,0,0,0.0,0,0.933462624793836,replay_attempt,1
6,0,0,18.308396353675096,0,0,0,3.3896585071984346,0,0.5095893979378283,brute_force,1
0,1,0,347.22910470194154,0,0,1,0.0,0,0.834457341669784,late_verify,1
1,1,0,23.07891798310402,0,0,0,0.0,0,0.964467137880817,benign_retry_then_success,0
2,0,0,19.921325772470112,0,0,0,11.169362499335575,1,0.3964995351150771,benign_retry_then_success,0
0,1,0,56.73319514453737,0,0,0,0.0,1,0.6369945251298637,benign_sms_normal,0
0,0,1,11.972620717434951,0,0,0,0.0,1,0.38728954553402006,stale_after_reissue,1
0,1,0,46.574137832785276,0,0,0,0.0,0,0.4591160372376254,benign_single_use,0
2,1,0,25.052829965734734,0,0,0,11.506368508031292,1,0.9432728101842356,benign_retry_then_success,0
0,1,1,44.92284065810202,0,1,0,0.0,0,0.9325350081597101,stale_after_reissue,1
0,1,0,15.680309616786568,0,0,0,0.0,0,0.750377797977444,benign_single_use,0
0,0,1,10.753477125917364,0,0,0,0.0,0,0.49705640494096875,stale_after_reissue,1
0,1,0,22.435221369626223,0,0,0,0.0,0,0.6333415361968299,benign_sms_normal,0
0,1,1,92.3885637710854,0,1,0,0.0,0,0.925458400025919,stale_after_reissue,1
0,1,0,26.63537584240194,0,0,0,0.0,1,0.927612562322458,benign_sms_normal,0
0,1,0,10.044246093873268,0,0,0,0.0,0,0.5199700846173422,benign_sms_normal,0
0,1,0,59.2880403464771,1,0,0,0.0,0,0.5516734997755549,cross_session,1
0,0,1,25.801418508470963,0,0,0,0.0,0,0.45000996578479663,stale_after_reissue,1
0,1,0,71.56732464082992,0,0,0,0.0,1,0.8790832771387416,benign_sms_normal,0
0,1,0,45.775425922142276,1,0,0,0.0,0,0.5552860267548225,cross_session,1
0,1,1,50.7938933897492,0,1,0,0.0,0,0.9791562226262553,stale_after_reissue,1
0,2,0,78.47760798154232,0,0,0,0.0,1,0.6519574074738621,replay_attempt,1
1,1,0,13.140346396522462,0,0,0,0.0,0,0.7663627083942381,benign_retry_then_success,0
0,1,0,44.66512604179477,0,0,0,0.0,0,0.8555131248512056,benign_single_use,0
0,1,0,18.92730272399131,0,0,0,0.0,1,0.8890076301652066,benign_single_use,0
3,0,0,12.844997254818878,0,0,0,4.099489674470387,1,0.38071733226965154,brute_force,1
0,1,0,22.60260115748428,0,0,0,0.0,1,0.38451963604549233,replay_attempt,1
0,1,0,37.16213387657745,0,0,0,0.0,1,0.6766914404171003,benign_single_use,0
2,0,0,18.166167525655165,0,0,0,4.944439660186092,0,0.34303295104083636,benign_retry_then_success,0
0,1,0,324.51271396208534,0,0,1,0.0,0,0.36277117374957624,late_verify,1
0,1,0,7.047869177380841,1,0,0,0.0,0,0.7015151168832877,cross_session,1
10,0,0,34.90939951322201,0,0,0,3.2682928786727836,1,0.9255345528909433,brute_force,1
0,1,0,31.070893472439668,0,0,0,0.0,0,0.6378436736935096,benign_sms_normal,0
0,1,0,45.650238324809166,0,0,0,0.0,0,0.4606017739732732,benign_sms_normal,0
2,0,0,27.743979090959265,0,0,0,13.110845631652605,0,0.4480660159591612,benign_retry_then_success,0
1,1,0,15.229873883931853,0,0,0,0.0,1,0.5504404053112995,benign_retry_then_success,0
4,0,0,15.644045193717636,0,0,0,3.252667209325228,1,0.40511929298295934,brute_force,1
0,1,0,9.398071988235433,0,0,0,0.0,0,0.358254654137784,benign_sms_normal,0
0,1,0,7.199010114347591,0,0,0,0.0,0,0.8456867624377844,benign_single_use,0
0,1,0,73.85114778281572,0,0,0,0.0,0,0.9868445283695784,benign_sms_normal,0
0,1,0,66.6222157926674,0,0,0,0.0,0,0.9993658551583458,benign_sms_normal,0
0,1,0,80.2099526262156,0,0,0,0.0,1,0.795552697431775,benign_sms_normal,0
0,2,0,38.81427493702542,0,0,0,0.0,0,0.5610933668151272,replay_attempt,1
0,2,0,80.2812811989487,0,0,0,0.0,1,0.5319250287611204,replay_attempt,1
0,1,0,15.891722605734047,0,0,0,0.0,0,0.378759068270647,benign_sms_normal,0
0,1,0,57.8116943187332,1,0,0,0.0,0,0.49539457112844676,cross_session,1
0,1,0,52.04313481137517,0,0,0,0.0,0,0.5573111770952102,benign_single_use,0
1,1,0,18.2305851577001,0,0,0,0.0,0,0.8760961706967059,benign_retry_then_success,0
2,0,0,22.8220726524939,0,0,0,12.351338756636984,1,0.6238146972484663,benign_retry_then_success,0
0,1,0,5.569807693720578,0,0,0,0.0,0,0.7890465571094961,benign_sms_normal,0
0,1,0,34.800255210001694,1,0,0,0.0,0,0.37793267188759844,cross_session,1
0,1,0,13.700698180511475,0,0,0,0.0,1,0.3139247546271061,benign_single_use,0
2,0,0,22.572251449963794,0,0,0,14.768977471087842,0,0.4027430281420413,benign_retry_then_success,0
0,2,0,44.463831411131494,0,0,0,0.0,0,0.6469128464728753,replay_attempt,1
0,1,0,35.353428951352036,0,0,0,0.0,0,0.7935319362039658,benign_sms_normal,0
0,1,1,108.8843099417644,0,1,0,0.0,0,0.5063156581142266,stale_after_reissue,1
0,1,0,31.991985599418342,1,0,0,0.0,0,0.3614231181571309,cross_session,1
0,1,0,27.41130310278859,1,0,0,0.0,1,0.44564989285122647,cross_session,1
0,1,0,9.816484677410015,1,0,0,0.0,0,0.9885722403466948,cross_session,1
0,1,0,33.10307805138051,0,0,0,0.0,0,0.7671017832117166,benign_single_use,0
0,1,0,40.655885641151905,0,0,0,0.0,0,0.6456270281147611,benign_single_use,0
0,1,0,57.51372650921801,1,0,0,0.0,1,0.9376284860882746,cross_session,1
5,0,0,22.63001857815253,0,0,0,4.76154035482611,0,0.5491312283703623,brute_force,1
0,1,0,48.76730267947851,1,0,0,0.0,0,0.9680176813617392,cross_session,1
0,1,0,33.05055463343548,0,0,0,0.0,0,0.807102704711812,benign_single_use,0
4,0,0,14.138216659437028,0,0,0,3.4077856170699636,1,0.37057615561770013,brute_force,1
0,1,0,28.437232354018647,1,0,0,0.0,1,0.5359331647039072,cross_session,1
0,1,0,59.7017034948055,0,0,0,0.0,0,0.6787974147333501,benign_sms_normal,0
0,1,0,30.333718250848783,0,0,0,0.0,1,0.6820160736375487,benign_single_use,0
0,1,0,18.04980545863249,0,0,0,0.0,0,0.6711709246755628,benign_sms_normal,0
0,2,0,35.88924645864037,0,0,0,0.0,0,0.7594763518291299,replay_attempt,1
0,1,0,13.668685878034854,1,0,0,0.0,0,0.8661662854892029,cross_session,1
0,1,0,324.01471049333287,0,0,1,0.0,1,0.9134451642245311,late_verify,1
0,1,0,10.715370324852696,1,0,0,0.0,1,0.6721769209552222,cross_session,1
1,1,0,22.00926253859567,0,0,0,0.0,0,0.7905746018195536,benign_retry_then_success,0
0,1,0,74.45616884837324,0,0,0,0.0,1,0.8079426032100068,benign_sms_normal,0
0,1,0,53.7774150111799,1,0,0,0.0,1,0.7293868408641443,cross_session,1
6,0,0,20.840198319158564,0,0,0,3.865204512244938,1,0.649514963004941,brute_force,1
0,2,0,64.74143205955573,0,0,0,0.0,0,0.9260361389539495,replay_attempt,1
0,1,0,339.037154836865,0,0,1,0.0,1,0.32666265729270755,late_verify,1
0,1,1,53.75187130716368,0,1,0,0.0,0,0.5976025748428042,stale_after_reissue,1
0,1,0,419.7740560049025,0,0,1,0.0,0,0.9532601981232418,late_verify,1
0,1,0,46.81358465245454,0,0,0,0.0,1,0.9270419143249549,benign_sms_normal,0
0,1,0,28.903099181037103,0,0,0,0.0,1,0.6616859686157044,benign_single_use,0
7,0,0,19.36357547038211,0,0,0,2.3441663144801335,0,0.7512041113305609,brute_force,1
0,1,0,371.24445089012545,0,0,1,0.0,0,0.7865271207794633,late_verify,1
0,1,0,52.389661728727994,0,0,0,0.0,1,0.6052544227999606,benign_sms_normal,0
1,0,0,8.424934945872478,0,0,0,0.0,0,0.4472590498472894,benign_retry_then_success,0
0,1,0,54.979073246757764,1,0,0,0.0,1,0.7373923475405111,cross_session,1
2,1,0,35.72825510851405,0,0,0,14.157178132567743,0,0.8921498672969925,benign_retry_then_success,0
8,0,0,34.1936643474294,0,0,0,4.277803343152157,1,0.9358912406145101,brute_force,1
0,0,1,35.37861252520521,0,0,0,0.0,0,0.309615822383098,stale_after_reissue,1
0,1,0,28.354570555379194,0,0,0,0.0,1,0.782261462443424,benign_sms_normal,0
0,1,0,399.060426653488,0,0,1,0.0,0,0.9063575820809529,late_verify,1
0,1,0,348.8444689430958,0,0,1,0.0,1,0.54173378964266,late_verify,1
0,1,0,337.2799079187172,0,0,1,0.0,1,0.5819950082980742,late_verify,1
0,1,0,49.78200821113704,0,0,0,0.0,0,0.4783197611266622,replay_attempt,1
0,2,0,31.271619365796248,0,0,0,0.0,0,0.8431134027963971,replay_attempt,1
0,1,0,375.3853232123934,0,0,1,0.0,0,0.856712918221824,late_verify,1
0,1,0,25.826071116634154,0,0,0,0.0,0,0.8347564097379614,benign_sms_normal,0
10,0,0,34.52715419224875,0,0,0,3.278428476058639,1,0.9615582075125786,brute_force,1
0,1,0,57.848454373631874,1,0,0,0.0,0,0.7819614897323894,cross_session,1
2,0,0,10.403108946514926,0,0,0,6.686758593479615,0,0.4509312113308044,benign_retry_then_success,0
0,1,1,57.567175290108416,0,1,0,0.0,0,0.6730749570374387,stale_after_reissue,1
0,2,0,59.55303902001812,0,0,0,0.0,1,0.850423079818331,replay_attempt,1
0,0,1,23.11753829486211,0,0,0,0.0,0,0.44441699231278264,stale_after_reissue,1
7,0,0,26.176565315449487,0,0,0,3.534737936513851,0,0.6072673602395755,brute_force,1
0,1,1,73.5757300200065,0,1,0,0.0,1,0.5610712170100609,stale_after_reissue,1
1,0,0,12.052872670536116,0,0,0,0.0,0,0.48733219780006587,benign_retry_then_success,0
0,0,1,5.075333190637744,0,0,0,0.0,0,0.41525868563432855,stale_after_reissue,1
0,1,0,45.53201164271649,1,0,0,0.0,0,0.8062629370416488,cross_session,1
0,0,1,57.94287566265448,0,0,0,0.0,1,0.4015705246838497,stale_after_reissue,1
0,1,0,10.62907663756813,0,0,0,0.0,1,0.5381009182169942,benign_single_use,0
5,0,0,19.447551934505892,0,0,0,3.8672221863578797,1,0.7130022125439024,brute_force,1
0,1,0,417.35143945504615,0,0,1,0.0,0,0.9578139916101809,late_verify,1
0,1,0,37.48204628885105,0,0,0,0.0,1,0.45946341071471264,benign_sms_normal,0
6,0,0,23.976585184211956,0,0,0,3.7686856879413044,0,0.8374568718010558,brute_force,1
6,0,0,23.995452347777256,0,0,0,3.9152997390685953,0,0.6765314159285065,brute_force,1
0,0,1,58.28534824726321,0,0,0,0.0,1,0.36089376394692846,stale_after_reissue,1
0,1,0,8.494715363327057,0,0,0,0.0,1,0.8242508848277577,benign_sms_normal,0
0,1,0,57.238059831385435,0,0,0,0.0,1,0.8774832754363484,benign_single_use,0
0,1,0,8.243266266429906,0,0,0,0.0,0,0.7073783559258862,benign_single_use,0
1,1,0,18.3858085104726,0,0,0,0.0,0,0.8060682504573489,benign_retry_then_success,0
1,0,0,10.988150377849557,0,0,0,0.0,0,0.3138761575659887,benign_retry_then_success,0
0,1,0,46.54075235525447,0,0,0,0.0,1,0.44077303412434776,benign_single_use,0
2,0,0,9.811748632022848,0,0,0,5.299885048074698,0,0.6556076020146284,benign_retry_then_success,0
0,1,0,30.881531639341002,0,0,0,0.0,1,0.7468884582908856,benign_single_use,0
0,1,0,307.8905876924974,0,0,1,0.0,0,0.41546095649483095,late_verify,1
0,1,1,53.95782028117382,0,1,0,0.0,0,0.8358237508080568,stale_after_reissue,1
0,1,1,64.3678255676808,0,1,0,0.0,0,0.7346081787732233,stale_after_reissue,1
6,0,0,19.488280139841766,0,0,0,2.8988196180632055,0,0.8872418793769532,brute_force,1
0,1,0,35.85217854723638,1,0,0,0.0,0,0.6792585069668078,cross_session,1
1,0,0,14.568067895706236,0,0,0,0.0,0,0.4016568026210535,benign_retry_then_success,0
0,1,0,29.9929025591453,1,0,0,0.0,1,0.8566532514058012,cross_session,1
4,0,0,17.25890613775961,0,0,0,4.2564119211671345,1,0.6570152550798475,brute_force,1
0,1,0,20.830684233930057,0,0,0,0.0,1,0.44039567594093243,replay_attempt,1
0,1,0,411.1263439623049,0,0,1,0.0,1,0.5823350279515247,late_verify,1
0,1,0,317.91174173023495,0,0,1,0.0,1,0.866033660213027,late_verify,1
0,1,1,72.40124874969123,0,1,0,0.0,1,0.5073105763542403,stale_after_reissue,1
0,1,0,14.344109449293205,0,0,0,0.0,1,0.9962106487838776,benign_single_use,0
0,1,0,6.692953309654324,0,0,0,0.0,0,0.49497821982694695,benign_sms_normal,0
0,1,0,309.15935636398575,0,0,1,0.0,1,0.8533002437933361,late_verify,1
0,1,0,16.723831837943575,1,0,0,0.0,1,0.858892731764485,cross_session,1
1,1,0,27.939511743288406,0,0,0,0.0,1,0.5625774992333423,benign_retry_then_success,0
0,1,0,362.3366767434907,0,0,1,0.0,0,0.7773355319844601,late_verify,1
0,1,0,55.591261939662935,0,0,0,0.0,0,0.8032117777012759,benign_single_use,0
11,0,0,44.80444429615604,0,0,0,4.008602996494188,0,0.9115660332876374,brute_force,1
3,0,0,12.217308595052476,0,0,0,4.148157487227156,1,0.3300430142620975,brute_force,1
0,1,1,41.79146913219428,0,1,0,0.0,1,0.7122746099150379,stale_after_reissue,1
0,1,0,20.959175329886122,1,0,0,0.0,1,0.9637897817223069,cross_session,1
0,2,0,31.227374190890842,0,0,0,0.0,1,0.9553325559293022,replay_attempt,1
0,1,0,56.95803073986792,0,0,0,0.0,0,0.48686321146954914,replay_attempt,1
0,1,0,21.106092046544124,0,0,0,0.0,0,0.7144653180186971,benign_sms_normal,0
0,1,1,57.98437294750311,0,1,0,0.0,0,0.6708443884442488,stale_after_reissue,1
0,1,0,56.4688479356517,0,0,0,0.0,1,0.8817465147701573,benign_single_use,0
5,0,0,15.35928634945651,0,0,0,3.438537221880524,0,0.6841536647923877,brute_force,1
0,1,0,58.33002967879524,0,0,0,0.0,1,0.7085455227661777,benign_single_use,0
0,1,0,28.507025519649027,1,0,0,0.0,0,0.34012075009228776,cross_session,1
0,1,0,43.514452479835704,1,0,0,0.0,1,0.38169161468210766,cross_session,1
0,2,0,41.48969007614369,0,0,0,0.0,0,0.8025840338434143,replay_attempt,1
0,1,0,331.7236401237518,0,0,1,0.0,0,0.5611275877725292,late_verify,1
0,1,0,45.91165648453749,0,0,0,0.0,1,0.32099459880147985,replay_attempt,1
0,1,0,22.280231005903815,1,0,0,0.0,1,0.8870494074973303,cross_session,1
4,0,0,13.762074002256474,0,0,0,3.3395686844954686,1,0.4099163160961735,brute_force,1
0,1,0,25.81093897307569,0,0,0,0.0,1,0.57539453039654,benign_sms_normal,0
3,0,0,7.380890001813173,0,0,0,3.017678273123567,1,0.35788434112576395,brute_force,1
0,2,0,76.54413921051191,0,0,0,0.0,1,0.8542707293520673,replay_attempt,1
0,1,0,324.8427928736908,0,0,1,0.0,1,0.6534755752622801,late_verify,1
0,1,0,50.23371835413791,1,0,0,0.0,0,0.35789049849014415,cross_session,1
2,1,0,18.784396207477013,0,0,0,5.8857154112453856,1,0.7995130751845816,benign_retry_then_success,0
0,2,0,72.76062780912906,0,0,0,0.0,0,0.8560432919208503,replay_attempt,1
1,1,0,25.07990343288087,0,0,0,0.0,0,0.6618341823403613,benign_retry_then_success,0
0,1,0,44.13278827640413,1,0,0,0.0,0,0.6628395192959785,cross_session,1
0,1,0,17.707693942699187,0,0,0,0.0,0,0.3786146104323693,replay_attempt,1
0,1,0,50.08196488521065,0,0,0,0.0,1,0.522724838515376,benign_single_use,0
5,0,0,23.339683328666986,0,0,0,5.137534666498116,0,0.7863750053657554,brute_force,1
0,1,0,339.7441870237357,0,0,1,0.0,0,0.5397585504995873,late_verify,1
0,1,0,39.14416044578092,0,0,0,0.0,1,0.5229524994392031,benign_single_use,0
0,1,0,45.666798973068694,0,0,0,0.0,0,0.6910352531501568,benign_single_use,0
6,0,0,21.457167895773516,0,0,0,3.312854239519692,0,0.7349906630175889,brute_force,1
1,0,0,7.048277011917097,0,0,0,0.0,1,0.34017654126880204,benign_retry_then_success,0
1,0,0,3.067700405239041,0,0,0,0.0,1,0.4217720214765746,benign_retry_then_success,0
0,1,1,65.1231560065948,0,1,0,0.0,1,0.670291664239502,stale_after_reissue,1
0,1,0,59.68411418721252,1,0,0,0.0,1,0.4427172849098402,cross_session,1
0,1,0,85.26419032890358,0,0,0,0.0,0,0.6003893906049002,benign_sms_normal,0
1,1,0,9.484801442055826,0,0,0,0.0,0,0.5753102397961873,benign_retry_then_success,0
1,1,0,27.484392835610063,0,0,0,0.0,1,0.5220084452710005,benign_retry_then_success,0
0,1,0,83.84895940545371,0,0,0,0.0,0,0.7944316176714579,benign_sms_normal,0
0,1,1,70.4393192550463,0,1,0,0.0,0,0.6549318219541103,stale_after_reissue,1
0,1,0,23.063545868480748,0,0,0,0.0,0,0.5693318740440676,benign_sms_normal,0
0,1,0,6.077051879392739,1,0,0,0.0,1,0.8002087041649206,cross_session,1
0,1,1,53.686368021587406,0,1,0,0.0,1,0.8906354494226894,stale_after_reissue,1
0,1,0,10.06566399453859,0,0,0,0.0,1,0.3890290263318074,benign_sms_normal,0
1,0,0,5.636143574150537,0,0,0,0.0,0,0.31881717862411496,benign_retry_then_success,0
0,1,0,58.559437086840454,0,0,0,0.0,0,0.7377452790114348,benign_sms_normal,0
0,1,0,36.25747560159576,1,0,0,0.0,0,0.5626220757566436,cross_session,1
0,2,0,17.56916176703107,0,0,0,0.0,0,0.7592294170019064,replay_attempt,1
0,1,0,318.33122432002943,0,0,1,0.0,0,0.30092267822497043,late_verify,1
0,1,0,34.4000060812494,0,0,0,0.0,1,0.3917503295603439,benign_single_use,0
0,1,1,95.86312136552311,0,1,0,0.0,1,0.669346722996478,stale_after_reissue,1
2,0,0,17.84439432537953,0,0,0,3.492402189031907,1,0.381034844804175,benign_retry_then_success,0
0,1,0,54.64492208451218,1,0,0,0.0,0,0.3143887554321916,cross_session,1
0,1,0,28.423976488322705,0,0,0,0.0,1,0.6293944674587426,benign_sms_normal,0
2,1,0,28.777680405249882,0,0,0,8.05464996151861,1,0.9480648435133989,benign_retry_then_success,0
0,1,0,46.45637689653038,0,0,0,0.0,1,0.9301510587969317,benign_sms_normal,0
0,1,0,56.16571819235452,0,0,0,0.0,0,0.4051821649270907,replay_attempt,1
0,1,0,42.72115388801861,0,0,0,0.0,0,0.7214622157073829,benign_single_use,0
0,1,0,34.997167627457856,1,0,0,0.0,1,0.543529906970954,cross_session,1
0,1,0,369.93244391386565,0,0,1,0.0,1,0.9317011435287161,late_verify,1
0,1,0,76.85082403513991,0,0,0,0.0,0,0.8613502258693793,benign_sms_normal,0
0,1,0,46.99498961533752,0,0,0,0.0,0,0.6437325202918918,benign_single_use,0
0,0,1,20.84552287163187,0,0,0,0.0,0,0.47241279956284765,stale_after_reissue,1
0,2,0,75.08388779708918,0,0,0,0.0,1,0.9691554954851755,replay_attempt,1
0,1,0,330.0938153613455,0,0,1,0.0,0,0.7605817740722767,late_verify,1
1,1,0,15.939674641819057,0,0,0,0.0,0,0.6806957785326416,benign_retry_then_success,0
2,1,0,23.73852636041169,0,0,0,3.283211294781747,0,0.9504433563799191,benign_retry_then_success,0
1,0,0,9.970453922681388,0,0,0,0.0,0,0.4277399037835877,benign_retry_then_success,0
3,0,0,10.239430243625877,0,0,0,3.7926126203646593,1,0.3383755440556523,brute_force,1
0,2,0,76.07113338369786,0,0,0,0.0,1,0.587203911029075,replay_attempt,1
0,2,0,44.45793648891461,0,0,0,0.0,0,0.5440449306017535,replay_attempt,1
0,1,0,57.15737931478842,0,0,0,0.0,0,0.4896100628176576,replay_attempt,1
0,1,0,45.444150739429,0,0,0,0.0,1,0.704697862931208,benign_single_use,0
0,1,0,49.47560390103722,1,0,0,0.0,1,0.4750747332478221,cross_session,1
0,1,0,24.666841322491592,0,0,0,0.0,1,0.7377550913622778,benign_sms_normal,0
0,1,0,344.18833297020063,0,0,1,0.0,1,0.8469049283172527,late_verify,1
2,0,0,17.06646357753231,0,0,0,10.520659913761028,0,0.6295447695156157,benign_retry_then_success,0
0,1,0,45.896731910472425,1,0,0,0.0,1,0.7333020799386218,cross_session,1
0,1,0,348.83275452783323,0,0,1,0.0,1,0.3496112169920851,late_verify,1
0,0,1,38.3687223671832,0,0,0,0.0,0,0.31801838399982757,stale_after_reissue,1
1,1,0,21.736767158618576,0,0,0,0.0,0,0.8148171925187149,benign_retry_then_success,0
0,1,0,8.993587775152669,1,0,0,0.0,0,0.6567044837425665,cross_session,1
0,1,0,410.63119675928715,0,0,1,0.0,0,0.8480154554136299,late_verify,1
0,1,0,30.037114052397953,0,0,0,0.0,0,0.9740360352644979,benign_single_use,0
0,1,0,36.23848026981713,0,0,0,0.0,0,0.5389012592221909,benign_single_use,0
0,1,0,18.23253176762102,1,0,0,0.0,0,0.8500665802142462,cross_session,1
0,1,0,49.997637909803316,1,0,0,0.0,0,0.4483768010056458,cross_session,1
1,1,0,16.526372098755267,0,0,0,0.0,1,0.6982745703653574,benign_retry_then_success,0
8,0,0,33.28698666560445,0,0,0,4.022148538613358,0,0.9138566163269808,brute_force,1
1,0,0,11.119536226802019,0,0,0,0.0,0,0.43010310412721164,benign_retry_then_success,0
0,1,0,46.838053300357515,0,0,0,0.0,1,0.43233767002286333,replay_attempt,1
1,1,0,19.506615802492853,0,0,0,0.0,1,0.5130308459227825,benign_retry_then_success,0
0,1,0,39.37375475232651,1,0,0,0.0,0,0.395493195146291,cross_session,1
4,0,0,10.126834203622435,0,0,0,2.138855291447361,0,0.3018052126488549,brute_force,1
1,1,0,26.276448452220833,0,0,0,0.0,1,0.7316306087591582,benign_retry_then_success,0
1,0,0,5.99362763235434,0,0,0,0.0,0,0.3936020564335878,benign_retry_then_success,0
0,1,0,14.76808283170119,1,0,0,0.0,1,0.711819976952498,cross_session,1
0,1,0,55.04795424170613,0,0,0,0.0,1,0.6707629881595809,benign_sms_normal,0
0,0,1,38.92111953090462,0,0,0,0.0,1,0.4354963040603685,stale_after_reissue,1
0,1,0,27.209760603095415,0,0,0,0.0,1,0.5346839687095557,benign_single_use,0
0,1,0,52.082824581632224,0,0,0,0.0,1,0.3489806930724658,benign_single_use,0
0,1,0,318.54074409418047,0,0,1,0.0,1,0.8010469905090629,late_verify,1
1,1,0,23.612574508405224,0,0,0,0.0,0,0.5388362776332067,benign_retry_then_success,0
7,0,0,15.795639874635986,0,0,0,2.347773989098122,1,0.58883453929652,brute_force,1
0,1,0,18.8604546373247,0,0,0,0.0,0,0.7236778651283516,benign_single_use,0
0,1,0,41.654877504462746,0,0,0,0.0,0,0.47118119345702136,replay_attempt,1
0,1,1,22.064875790793593,0,1,0,0.0,0,0.8704416896608838,stale_after_reissue,1
1,1,0,19.469502905538775,0,0,0,0.0,1,0.9247016818930134,benign_retry_then_success,0
3,0,0,10.807250372374726,0,0,0,3.5120262215996108,1,0.4011056635367253,brute_force,1
0,2,0,83.37420153471905,0,0,0,0.0,1,0.9643834775307878,replay_attempt,1
2,0,0,10.1475603851489,0,0,0,5.19371661728835,0,0.532756762591167,benign_retry_then_success,0
2,1,0,19.349766884110252,0,0,0,11.650126011362756,1,0.8932507351962942,benign_retry_then_success,0
0,1,0,37.553366944322896,0,0,0,0.0,0,0.5699354749509933,benign_single_use,0
5,0,0,13.204172905342501,0,0,0,2.6093179676943663,0,0.6238572117352384,brute_force,1
0,1,0,41.55004478622272,0,0,0,0.0,1,0.7119654334865491,benign_single_use,0
1,1,0,17.708745907347286,0,0,0,0.0,0,0.5222509242756234,benign_retry_then_success,0
0,1,0,58.88526367489535,0,0,0,0.0,0,0.6561531616144133,benign_sms_normal,0
3,0,0,12.624449350754071,0,0,0,4.744803541830004,1,0.30401638321235597,brute_force,1
1,1,0,18.586350821788074,0,0,0,0.0,0,0.9425132483758312,benign_retry_then_success,0
6,0,0,21.787166852206983,0,0,0,3.435623557661258,0,0.8750180843850095,brute_force,1
0,1,1,49.8449517458123,0,1,0,0.0,0,0.889252133297014,stale_after_reissue,1
0,1,0,45.396409085973154,0,0,0,0.0,0,0.9835955089325792,benign_sms_normal,0
0,1,1,80.27760650711053,0,1,0,0.0,1,0.6428400190041224,stale_after_reissue,1
1,0,0,7.348356697594899,0,0,0,0.0,1,0.327292272012554,benign_retry_then_success,0
0,1,0,19.950971000582218,1,0,0,0.0,1,0.7854419250468276,cross_session,1
0,1,0,57.892588973912275,0,0,0,0.0,0,0.99347532359915,benign_single_use,0
1,0,0,3.948449476784794,0,0,0,0.0,0,0.4139067975823666,benign_retry_then_success,0
0,1,0,15.404831306945482,0,0,0,0.0,0,0.7781041174648952,benign_sms_normal,0
0,1,1,47.17835340155594,0,1,0,0.0,0,0.8064646296114397,stale_after_reissue,1
10,0,0,38.474743539295986,0,0,0,3.911652274175576,1,0.8447567472557531,brute_force,1
2,0,0,9.293009782277434,0,0,0,3.376138100512847,0,0.6557774204145912,benign_retry_then_success,0
0,1,0,16.525171926446482,0,0,0,0.0,1,0.5308218760724449,benign_sms_normal,0
0,1,0,37.07224976041927,0,0,0,0.0,0,0.49215034376242317,benign_single_use,0
0,1,0,351.42391162603025,0,0,1,0.0,1,0.7560986457563418,late_verify,1
0,1,1,66.71388403841465,0,1,0,0.0,0,0.7058619554538896,stale_after_reissue,1
0,1,0,22.58145073085669,0,0,0,0.0,0,0.44842146249794446,benign_single_use,0
0,1,0,19.638916305097876,0,0,0,0.0,1,0.9820962272382454,benign_single_use,0
0,1,0,347.5699518467178,0,0,1,0.0,1,0.42840178224831116,late_verify,1
1,1,0,17.033337599370018,0,0,0,0.0,1,0.509725552070533,benign_retry_then_success,0
1,0,0,9.147860771916491,0,0,0,0.0,0,0.3285243654503454,benign_retry_then_success,0
7,0,0,27.828974510918787,0,0,0,3.781966330782786,1,0.8477555892159174,brute_force,1
0,1,0,53.215249841537236,1,0,0,0.0,1,0.6330029128392235,cross_session,1
0,1,0,369.95921753114686,0,0,1,0.0,1,0.7348937820419698,late_verify,1
0,2,0,45.57769352768128,0,0,0,0.0,0,0.7657250913616238,replay_attempt,1
4,0,0,16.61874578684091,0,0,0,3.7916951639500405,1,0.40410386811542925,brute_force,1
1,0,0,10.550369865450657,0,0,0,0.0,1,0.3139979326854948,benign_retry_then_success,0
0,1,0,386.71025106772333,0,0,1,0.0,0,0.35230395238252504,late_verify,1
0,1,0,48.20146771449057,0,0,0,0.0,0,0.6725011930576119,benign_single_use,0
0,1,0,55.60482250372203,1,0,0,0.0,1,0.35414168075366037,cross_session,1
2,0,0,19.31149651800665,0,0,0,10.661610329578819,0,0.4582198036838129,benign_retry_then_success,0
0,1,0,21.047086038757023,1,0,0,0.0,1,0.8091042146120015,cross_session,1
1,1,0,25.087740172103995,0,0,0,0.0,0,0.8716523801433356,benign_retry_then_success,0
0,1,0,55.23354664753819,0,0,0,0.0,0,0.7191079719394164,benign_single_use,0
0,1,0,15.699955309988855,1,0,0,0.0,0,0.7794632705484733,cross_session,1
0,1,0,54.81441209432079,1,0,0,0.0,0,0.5374961162810011,cross_session,1
0,1,0,10.583555222244659,1,0,0,0.0,1,0.3661237851146582,cross_session,1
0,1,0,13.383783442512144,0,0,0,0.0,1,0.63762833894204,benign_single_use,0
0,1,0,339.6477620455719,0,0,1,0.0,0,0.6764114566460054,late_verify,1
0,1,0,31.363923325830974,0,0,0,0.0,1,0.8623130703437103,benign_single_use,0
2,1,0,20.019122723946754,0,0,0,4.690866333568663,1,0.9741417437475053,benign_retry_then_success,0
4,0,0,18.064750384752017,0,0,0,4.114354667985546,0,0.30397187585172586,brute_force,1
0,1,0,40.89728871844828,0,0,0,0.0,1,0.8275943466154814,benign_single_use,0
0,1,1,61.98759516778953,0,1,0,0.0,0,0.9949877964200355,stale_after_reissue,1
6,0,0,21.035679703910468,0,0,0,3.505258367505,0,0.9494799359795683,brute_force,1
0,1,0,86.7825242352658,0,0,0,0.0,0,0.5910020118910502,benign_sms_normal,0
2,0,0,22.745212476240674,0,0,0,12.150208439962588,0,0.5849011651332106,benign_retry_then_success,0
0,1,0,17.537743176315832,0,0,0,0.0,0,0.6459869445437516,benign_single_use,0
0,2,0,57.43571584390529,0,0,0,0.0,0,0.8373633118646993,replay_attempt,1
0,1,0,302.2781205227986,0,0,1,0.0,0,0.4487140776102131,late_verify,1
0,1,0,50.568277018047496,0,0,0,0.0,1,0.5389345249617301,benign_single_use,0
1,1,0,28.147804641949712,0,0,0,0.0,0,0.8270580166088579,benign_retry_then_success,0
5,0,0,23.01064525464882,0,0,0,4.264529211474734,0,0.5763133569753867,brute_force,1
0,1,0,69.30632701950037,0,0,0,0.0,1,0.9409997294872336,benign_sms_normal,0
0,1,0,22.043391658384188,0,0,0,0.0,1,0.335690703761072,benign_single_use,0
0,1,0,27.358880065167142,0,0,0,0.0,0,0.9141881572131128,benign_sms_normal,0
0,1,1,90.68217247786683,0,1,0,0.0,1,0.9836071250185054,stale_after_reissue,1
0,1,0,88.39400795654427,0,0,0,0.0,1,0.6841644608688955,benign_sms_normal,0
0,1,0,69.62902196077795,0,0,0,0.0,1,0.7532966727487931,benign_sms_normal,0
0,2,0,48.281666153511225,0,0,0,0.0,0,0.9041804348101059,replay_attempt,1
0,1,0,22.677770771879892,0,0,0,0.0,0,0.7711474007814607,benign_sms_normal,0
0,1,0,9.506485402293777,0,0,0,0.0,1,0.7465152977771892,benign_single_use,0
0,1,0,77.98215363272189,0,0,0,0.0,1,0.5203863670716853,benign_sms_normal,0
7,0,0,29.068649133174226,0,0,0,3.854619918152094,0,0.6199117186559358,brute_force,1
0,1,0,37.9230192534333,0,0,0,0.0,1,0.943037045150479,benign_single_use,0
1,1,0,23.181187360905994,0,0,0,0.0,0,0.8826713281495646,benign_retry_then_success,0
0,1,0,381.6276287286065,0,0,1,0.0,0,0.8932522300666768,late_verify,1
0,1,0,19.952454988643915,0,0,0,0.0,1,0.6907624588591119,benign_sms_normal,0
10,0,0,36.07523045310483,0,0,0,3.356691449164042,1,0.9487694915143945,brute_force,1
1,0,0,13.786303397861927,0,0,0,0.0,1,0.36823798730935314,benign_retry_then_success,0
0,1,0,58.11515936352781,0,0,0,0.0,1,0.6576714171740312,benign_sms_normal,0
0,0,1,59.4629291731834,0,0,0,0.0,1,0.38297379626210687,stale_after_reissue,1
0,1,0,9.376664987998964,0,0,0,0.0,0,0.6067525065003101,benign_single_use,0
0,1,1,48.39137239487549,0,1,0,0.0,1,0.9059942187293597,stale_after_reissue,1
0,0,1,45.24007649881334,0,0,0,0.0,0,0.42426471905297525,stale_after_reissue,1
0,1,0,332.3027869797437,0,0,1,0.0,1,0.8005194936010744,late_verify,1
0,1,0,24.834714659616584,1,0,0,0.0,1,0.5713435708841565,cross_session,1
2,1,0,22.774178010165762,0,0,0,8.834951472088502,0,0.9918415457465335,benign_retry_then_success,0
0,1,1,99.67667440164357,0,1,0,0.0,1,0.9713739427634138,stale_after_reissue,1
0,1,0,17.400157379669444,1,0,0,0.0,0,0.9196277245468758,cross_session,1
1,1,0,22.615932198640444,0,0,0,0.0,1,0.5408501198370699,benign_retry_then_success,0
0,2,0,22.67127236366421,0,0,0,0.0,0,0.6762711971217525,replay_attempt,1
0,1,0,28.04765564360715,0,0,0,0.0,1,0.5683469597101714,benign_single_use,0
0,1,0,25.941267842940672,1,0,0,0.0,1,0.44569536533789567,cross_session,1
0,1,0,14.550941267866579,0,0,0,0.0,1,0.6134759737217099,benign_sms_normal,0
0,1,0,387.2216018947065,0,0,1,0.0,1,0.9600041847097038,late_verify,1
0,1,0,342.5535665531214,0,0,1,0.0,1,0.46220671776009536,late_verify,1
0,1,0,12.526677886568542,0,0,0,0.0,1,0.5584573444191773,benign_single_use,0
0,1,0,63.8228920581174,0,0,0,0.0,1,0.5227165005547594,benign_sms_normal,0
1,1,0,18.156703137169586,0,0,0,0.0,0,0.5109077872428813,benign_retry_then_success,0
0,1,0,34.541793110431456,0,0,0,0.0,1,0.6934536421041212,benign_single_use,0
0,2,0,30.552877539110625,0,0,0,0.0,0,0.9761865197631381,replay_attempt,1
6,0,0,25.388918541179116,0,0,0,3.887626714450844,0,0.853383544362363,brute_force,1
0,1,0,51.62461873205765,0,0,0,0.0,0,0.8944560006163789,benign_single_use,0
0,1,0,44.497012873069984,0,0,0,0.0,1,0.3363318154491438,replay_attempt,1
0,2,0,51.84801302984804,0,0,0,0.0,1,0.8057104344375472,replay_attempt,1
1,1,0,24.323131578600844,0,0,0,0.0,1,0.9921246620696056,benign_retry_then_success,0
1,1,0,17.801262643278143,0,0,0,0.0,1,0.801248330691323,benign_retry_then_success,0
1,1,0,23.846826702928134,0,0,0,0.0,1,0.9506207293417079,benign_retry_then_success,0
0,1,0,25.85747102119906,1,0,0,0.0,1,0.3216730665429935,cross_session,1
0,1,0,50.9238741445224,0,0,0,0.0,1,0.8933278586308653,benign_single_use,0
0,1,0,21.588639394138198,0,0,0,0.0,0,0.654621011102082,benign_single_use,0
0,1,0,16.88349416106046,0,0,0,0.0,0,0.5535637605609904,benign_sms_normal,0
4,0,0,14.438382342252545,0,0,0,3.0950707472696695,1,0.5858033464709099,brute_force,1
8,0,0,22.250263818956462,0,0,0,2.436922347038727,0,0.8847498344057882,brute_force,1
0,1,0,10.234772271078013,0,0,0,0.0,1,0.3216356446639261,benign_sms_normal,0
0,1,0,16.268552131291113,0,0,0,0.0,1,0.46156726207612614,benign_single_use,0
0,1,0,405.11893561226566,0,0,1,0.0,1,0.769202453594118,late_verify,1
0,1,0,17.989757338750785,0,0,0,0.0,0,0.77029190729019,benign_single_use,0
0,1,0,17.081366371492223,0,0,0,0.0,1,0.9285690830349131,benign_sms_normal,0
2,1,0,14.123996919104703,0,0,0,7.326974244233253,0,0.8029393120049546,benign_retry_then_success,0
5,0,0,22.58128371694762,0,0,0,4.418135078438397,0,0.6092780948710459,brute_force,1
4,0,0,14.656357431365965,0,0,0,3.778654182572394,0,0.42840507088667223,brute_force,1
1,1,0,20.078464186625062,0,0,0,0.0,1,0.6436517071652423,benign_retry_then_success,0
1,1,0,23.165910687641336,0,0,0,0.0,1,0.8325677197548711,benign_retry_then_success,0
0,1,0,29.69044030983839,1,0,0,0.0,0,0.8015741931329259,cross_session,1
0,1,0,42.167081394535806,0,0,0,0.0,0,0.41456978345542406,benign_sms_normal,0
0,1,0,89.19353367484095,0,0,0,0.0,0,0.40061630401873094,benign_sms_normal,0
2,0,0,13.357336503454874,0,0,0,6.869438991648776,0,0.4237244912081142,benign_retry_then_success,0
2,1,0,28.833728697095232,0,0,0,14.294900920326263,0,0.8441368128325728,benign_retry_then_success,0
0,1,0,29.727982637161738,0,0,0,0.0,0,0.8767796608023901,benign_single_use,0
5,0,0,20.30363647301439,0,0,0,4.219398553753365,1,0.39040580290596627,brute_force,1
0,1,0,46.023494974903265,0,0,0,0.0,1,0.8176000504858276,benign_single_use,0
6,0,0,16.341380880258157,0,0,0,2.652898311908212,1,0.7847182562594139,brute_force,1
1,1,0,10.28240259079024,0,0,0,0.0,0,0.9192097179901644,benign_retry_then_success,0
0,1,0,49.95657621625537,1,0,0,0.0,1,0.6045173009451759,cross_session,1
2,0,0,17.5465136749446,0,0,0,9.674503176251058,1,0.5328517847115425,benign_retry_then_success,0
0,1,0,24.186795483564342,0,0,0,0.0,1,0.9824994018017872,benign_single_use,0
0,1,0,357.53126895207356,0,0,1,0.0,0,0.5138725403768738,late_verify,1
0,1,0,46.39591209401959,0,0,0,0.0,1,0.5568492901843484,benign_sms_normal,0
6,0,0,21.55351262274571,0,0,0,3.5112361863370096,1,0.5231407140696271,brute_force,1
1,0,0,5.885354708835104,0,0,0,0.0,0,0.3837106179194428,benign_retry_then_success,0
1,0,0,3.537265313248116,0,0,0,0.0,1,0.40207301582359106,benign_retry_then_success,0
0,1,0,59.43261228171703,0,0,0,0.0,0,0.32393160935364157,replay_attempt,1
1,0,0,5.69517461562108,0,0,0,0.0,0,0.3147611147198974,benign_retry_then_success,0
2,0,0,22.609944201907222,0,0,0,14.138050077286394,0,0.39727205120693043,benign_retry_then_success,0
0,1,0,38.44729642472276,0,0,0,0.0,0,0.7211167200207376,benign_single_use,0
2,0,0,19.338373833800283,0,0,0,12.650393233213874,0,0.36890451324913975,benign_retry_then_success,0
0,1,0,326.607789446079,0,0,1,0.0,0,0.9437559217423597,late_verify,1
0,2,0,50.6653137991229,0,0,0,0.0,1,0.9323949503152709,replay_attempt,1
0,1,0,45.966855447700944,1,0,0,0.0,0,0.5970642512532569,cross_session,1
0,1,0,16.453209733828384,0,0,0,0.0,1,0.8055876253589727,benign_single_use,0
0,1,0,43.599144417939655,0,0,0,0.0,0,0.3713134789622838,benign_sms_normal,0
1,0,0,10.496198928052344,0,0,0,0.0,1,0.31096887907536486,benign_retry_then_success,0
1,0,0,11.238124864212047,0,0,0,0.0,0,0.37170513614809975,benign_retry_then_success,0
0,1,0,63.514333862532226,0,0,0,0.0,0,0.5691505363801024,benign_sms_normal,0
0,1,0,10.369997688599309,0,0,0,0.0,1,0.9559562236071522,benign_single_use,0
0,1,1,71.8460242667778,0,1,0,0.0,0,0.7060482653832764,stale_after_reissue,1
0,2,0,72.03345973151576,0,0,0,0.0,1,0.727746745706549,replay_attempt,1
0,1,0,16.87783402205652,0,0,0,0.0,1,0.41561318635371736,benign_single_use,0
4,0,0,11.750225165335017,0,0,0,3.4165861240126603,1,0.600083782522498,brute_force,1
0,1,0,12.542117997318105,0,0,0,0.0,0,0.951714716401151,benign_single_use,0
2,0,0,28.03355832203997,0,0,0,14.16222397186185,1,0.5148638206639381,benign_retry_then_success,0
0,1,1,44.31584668011972,0,1,0,0.0,1,0.510856471541176,stale_after_reissue,1
6,0,0,18.775881169465535,0,0,0,3.0703088920505737,0,0.6578014355822693,brute_force,1
0,2,0,55.68620046115309,0,0,0,0.0,1,0.6975448876432193,replay_attempt,1
0,1,0,40.03065237967441,1,0,0,0.0,0,0.5582648476824732,cross_session,1
1,1,0,19.74831337852172,0,0,0,0.0,0,0.9112657965642414,benign_retry_then_success,0
0,1,0,35.959402829443995,1,0,0,0.0,0,0.4058858362343174,cross_session,1
0,2,0,42.42884785264948,0,0,0,0.0,1,0.529881423739702,replay_attempt,1
3,0,0,13.529673337509067,0,0,0,4.6616580129129295,1,0.3823847926453555,brute_force,1
0,1,0,61.49574691721477,0,0,0,0.0,1,0.8263448171517884,benign_sms_normal,0
0,1,0,57.80209310946965,0,0,0,0.0,1,0.7014198445444548,benign_single_use,0
1,1,0,13.529934503458506,0,0,0,0.0,1,0.8319184931170522,benign_retry_then_success,0
0,2,0,85.03194831969071,0,0,0,0.0,1,0.5191664812740802,replay_attempt,1
0,2,0,62.6939990720697,0,0,0,0.0,1,0.6819926068535134,replay_attempt,1
0,1,0,12.382298716800559,0,0,0,0.0,0,0.5050945775373586,benign_single_use,0
1,0,0,14.591874400215513,0,0,0,0.0,0,0.3592210124285521,benign_retry_then_success,0
0,1,1,28.467289057847527,0,1,0,0.0,0,0.8662212459520995,stale_after_reissue,1
0,1,0,25.27756605698304,0,0,0,0.0,1,0.8034235335991693,benign_sms_normal,0
0,1,0,50.95581675141787,0,0,0,0.0,1,0.8732619564844921,benign_sms_normal,0
5,0,0,19.25051519062805,0,0,0,3.549808812962844,1,0.4591850888143493,brute_force,1
0,1,0,46.504522451665714,0,0,0,0.0,0,0.5875977507948494,benign_single_use,0
0,1,0,5.347503559520258,1,0,0,0.0,1,0.7224430452594269,cross_session,1
0,1,0,58.34214803629971,0,0,0,0.0,1,0.4877299450379373,benign_sms_normal,0
0,1,0,69.80297226371201,0,0,0,0.0,1,0.7277654250633852,benign_sms_normal,0
2,0,0,19.028261872919316,0,0,0,9.128533600774649,0,0.36015728345685055,benign_retry_then_success,0
0,1,0,23.42951253452982,1,0,0,0.0,1,0.45728507451092054,cross_session,1
0,1,0,89.6404179720901,0,0,0,0.0,0,0.5943447790944101,benign_sms_normal,0
1,0,0,3.5016501283658417,0,0,0,0.0,0,0.3035229801684783,benign_retry_then_success,0
1,0,0,8.16110094526307,0,0,0,0.0,0,0.34391881056088386,benign_retry_then_success,0
0,1,0,15.018050641785063,0,0,0,0.0,0,0.5216126688083802,benign_single_use,0
8,0,0,28.291420448484068,0,0,0,3.2400456688104393,1,0.9841088532182387,brute_force,1
0,1,1,68.48256693816967,0,1,0,0.0,1,0.9219270305703324,stale_after_reissue,1
7,0,0,21.75470914837061,0,0,0,3.4512086148037824,1,0.6033071770167044,brute_force,1
0,1,0,20.59118051349789,0,0,0,0.0,0,0.8635748188010146,benign_sms_normal,0
0,2,0,47.39404574121087,0,0,0,0.0,0,0.9167506941312815,replay_attempt,1
0,1,0,48.78369871828613,1,0,0,0.0,1,0.8664337365533188,cross_session,1
2,0,0,9.017856857029559,0,0,0,3.868031171300098,1,0.5057560661769803,benign_retry_then_success,0
1,0,0,7.002289902012041,0,0,0,0.0,0,0.3994304210283523,benign_retry_then_success,0
0,1,0,48.04305570208214,0,0,0,0.0,0,0.882550144389445,benign_single_use,0
6,0,0,20.800031843000976,0,0,0,3.35045571217564,0,0.5047964951508419,brute_force,1
0,1,1,71.9302493438334,0,1,0,0.0,1,0.9610501981143971,stale_after_reissue,1
1,0,0,10.70103697432739,0,0,0,0.0,0,0.31649077914910895,benign_retry_then_success,0
1,1,0,23.485728488491755,0,0,0,0.0,1,0.9558926450786964,benign_retry_then_success,0
0,1,0,33.06946144204589,1,0,0,0.0,1,0.9325676445313087,cross_session,1
0,1,0,12.046194355290213,0,0,0,0.0,0,0.8039215084552893,benign_sms_normal,0
0,1,0,334.30991266029145,0,0,1,0.0,0,0.5287240533501667,late_verify,1
0,1,0,30.938012139092137,0,0,0,0.0,1,0.6410332285927596,benign_single_use,0
0,1,1,65.30982446670804,0,1,0,0.0,1,0.592859033282623,stale_after_reissue,1
1,0,0,14.342343130792493,0,0,0,0.0,1,0.3726216537494528,benign_retry_then_success,0
0,1,0,35.069379934972005,1,0,0,0.0,0,0.4596025228274562,cross_session,1
0,1,0,46.96143264258648,0,0,0,0.0,1,0.615044753124912,benign_sms_normal,0
4,0,0,14.729271826504744,0,0,0,3.5835121164617694,0,0.36694424981294765,brute_force,1
0,2,0,54.281744090079684,0,0,0,0.0,1,0.6434660391674661,replay_attempt,1
2,1,0,32.100403578365494,0,0,0,13.706317848079621,0,0.9465268843768331,benign_retry_then_success,0
0,1,0,43.01848798139542,0,0,0,0.0,0,0.5252178466917943,benign_single_use,0
2,0,0,11.69536224476677,0,0,0,8.352255935185728,0,0.6081629784548593,benign_retry_then_success,0
0,1,0,349.67150526557725,0,0,1,0.0,1,0.5426802763713716,late_verify,1
0,1,0,23.534256951199357,0,0,0,0.0,0,0.8925858301838894,benign_single_use,0
1,1,0,14.897818531646209,0,0,0,0.0,1,0.639320021663346,benign_retry_then_success,0
1,0,0,5.696095074223438,0,0,0,0.0,0,0.312235955541012,benign_retry_then_success,0
1,0,0,8.121977414826846,0,0,0,0.0,1,0.4479517219093543,benign_retry_then_success,0
0,1,0,42.5151290348047,0,0,0,0.0,1,0.9092074394487664,benign_single_use,0
1,1,0,15.383795156599211,0,0,0,0.0,1,0.7152145013225346,benign_retry_then_success,0
1,1,0,9.448271661755639,0,0,0,0.0,1,0.5233971374725399,benign_retry_then_success,0
2,0,0,8.800335923002898,0,0,0,3.6655743663297553,1,0.40975838871802217,benign_retry_then_success,0
0,1,0,88.37370284319476,0,0,0,0.0,1,0.8989666726836456,benign_sms_normal,0
0,1,0,55.651822089379884,0,0,0,0.0,0,0.7396415328600939,benign_single_use,0
0,1,0,89.73702212248865,0,0,0,0.0,0,0.42617310448545054,benign_sms_normal,0
0,1,0,84.50254682890804,0,0,0,0.0,0,0.559379599677603,benign_sms_normal,0
0,1,0,13.192701534715882,0,0,0,0.0,1,0.54865640822483,benign_single_use,0
1,1,0,15.924034132146778,0,0,0,0.0,0,0.8887812918614038,benign_retry_then_success,0
0,1,1,92.51108800668402,0,1,0,0.0,1,0.9322418755150998,stale_after_reissue,1
0,1,0,54.99662406171514,0,0,0,0.0,1,0.8034444198267534,benign_single_use,0
5,0,0,20.357575539128277,0,0,0,3.8395427482808886,0,0.6847774854817209,brute_force,1
0,1,1,68.57466669547392,0,1,0,0.0,1,0.6033330262818759,stale_after_reissue,1
0,0,1,49.262452621703254,0,0,0,0.0,1,0.43744347441346937,stale_after_reissue,1
0,1,0,309.20164083795237,0,0,1,0.0,1,0.6623024553070911,late_verify,1
0,1,0,42.725719302089786,0,0,0,0.0,1,0.5934387724935088,benign_single_use,0
0,1,1,31.260938872383676,0,1,0,0.0,0,0.6109916044095045,stale_after_reissue,1
0,1,0,86.05430867064476,0,0,0,0.0,0,0.37018458798867626,benign_sms_normal,0
10,0,0,40.19641631053243,0,0,0,3.9986330209535743,0,0.8987493092885139,brute_force,1
0,1,0,11.972547106445761,0,0,0,0.0,1,0.39776937176499527,benign_single_use,0
0,1,0,11.2323583246556,1,0,0,0.0,0,0.5801956268678763,cross_session,1
2,0,0,13.420573708673729,0,0,0,3.938089790575809,0,0.33786151101384954,benign_retry_then_success,0
0,2,0,52.693923977924484,0,0,0,0.0,0,0.5372963410252423,replay_attempt,1
1,1,0,17.24094619695146,0,0,0,0.0,0,0.800476875261283,benign_retry_then_success,0
0,1,0,382.66599376614863,0,0,1,0.0,1,0.8487551457734208,late_verify,1
2,0,0,16.86099064550011,0,0,0,4.3758347733432394,0,0.5903591503769292,benign_retry_then_success,0
0,2,0,94.05395330868046,0,0,0,0.0,1,0.7087475448219027,replay_attempt,1
0,1,0,29.653941635757874,0,0,0,0.0,1,0.8955385988318163,benign_sms_normal,0
0,1,0,50.23386749354208,0,0,0,0.0,0,0.33541777017691693,benign_single_use,0
0,2,0,39.04887164078708,0,0,0,0.0,0,0.5407093061949156,replay_attempt,1
1,1,0,16.74847334832605,0,0,0,0.0,1,0.5551913746074093,benign_retry_then_success,0
0,1,0,6.189388048386794,1,0,0,0.0,1,0.6037835436832892,cross_session,1
0,1,0,82.03204379001004,0,0,0,0.0,1,0.4361651371647252,benign_sms_normal,0
0,1,0,21.612056494901168,0,0,0,0.0,0,0.9518792576122481,benign_sms_normal,0
2,1,0,30.859148135672648,0,0,0,13.479011231677342,0,0.7198844532445787,benign_retry_then_success,0
0,1,0,42.502496437245945,1,0,0,0.0,0,0.38323695351711273,cross_session,1
0,2,0,59.204829401720446,0,0,0,0.0,1,0.5698555522380152,replay_attempt,1
7,0,0,27.07852168479214,0,0,0,3.868475077798109,0,0.9238636260867952,brute_force,1
2,0,0,14.551927941590876,0,0,0,11.12029442615722,0,0.5975989664494388,benign_retry_then_success,0
0,1,0,23.841033339589504,0,0,0,0.0,1,0.4062690682847598,benign_single_use,0
3,0,0,11.209385410055829,0,0,0,4.636219144496812,0,0.4171292090826319,brute_force,1
0,0,1,12.969480964848447,0,0,0,0.0,0,0.3763960651714642,stale_after_reissue,1
1,0,0,4.792146179893006,0,0,0,0.0,0,0.38540907426411697,benign_retry_then_success,0
0,1,0,54.22177771002155,0,0,0,0.0,0,0.3163487901479058,benign_sms_normal,0
0,1,0,49.948669921040846,0,0,0,0.0,0,0.6328088109568364,benign_single_use,0
0,1,0,32.8494939937932,0,0,0,0.0,1,0.3948454337928998,benign_single_use,0
