n_invalid_so_far,n_valid_so_far,n_reissues_so_far,max_time_offset_so_far,any_cross_session_so_far,any_valid_after_reissue_so_far,any_valid_near_or_after_ttl_so_far,mean_invalid_attempt_gap_s,channel_is_sms,fraction_observed,scenario_type,label
0,1,0,77.98082319246751,0,0,0,0.0,1,0.7881576203415547,benign_sms_normal,0
0,1,0,58.659229340021575,0,0,0,0.0,0,0.8327977913932469,benign_single_use,0
0,1,0,354.5959266095725,0,0,1,0.0,1,0.5595586169628068,late_verify,1
0,1,0,40.41258160443655,0,0,0,0.0,1,0.8759331292895809,benign_single_use,0
7,0,0,27.80504673422401,0,0,0,4.005353799857473,0,0.9251847849255384,brute_force,1
0,1,0,356.53979944351704,0,0,1,0.0,1,0.3306626360510601,late_verify,1
2,0,0,26.547262660104327,0,0,0,14.61011678921052,0,0.5593217942244082,benign_retry_then_success,0
0,1,1,24.95637205909307,0,1,0,0.0,0,0.6329934483581536,stale_after_reissue,1
0,1,0,29.04335553797819,0,0,0,0.0,1,0.8828747372404862,benign_single_use,0
0,1,0,338.1716303244629,0,0,1,0.0,1,0.8825818609766407,late_verify,1
0,1,0,29.507888834070748,0,0,0,0.0,1,0.7777468527824828,benign_sms_normal,0
2,1,0,26.509650046142113,0,0,0,12.44309253002566,0,0.7936157650384346,benign_retry_then_success,0
0,1,0,30.240367654608697,0,0,0,0.0,1,0.6981188371670256,benign_single_use,0
0,1,0,41.76216289847594,0,0,0,0.0,0,0.6297673443001928,benign_single_use,0
0,1,0,70.02490288036218,0,0,0,0.0,1,0.7443028240004135,benign_sms_normal,0
5,0,0,11.972993192035396,0,0,0,2.3633106754305837,0,0.5055156304366786,brute_force,1
2,1,0,31.255183330486457,0,0,0,10.97176248392865,0,0.8698142692662243,benign_retry_then_success,0
0,1,0,9.952632342660296,0,0,0,0.0,0,0.8056515454175153,benign_single_use,0
0,1,0,18.708101217856154,0,0,0,0.0,0,0.6507313425723544,benign_sms_normal,0
0,1,1,53.63782627016767,0,1,0,0.0,0,0.5110584624035135,stale_after_reissue,1
0,1,0,344.05570065585346,0,0,1,0.0,1,0.3613549435212707,late_verify,1
0,1,0,54.97193798891839,0,0,0,0.0,0,0.7897949936675246,benign_single_use,0
5,0,0,16.568175596336186,0,0,0,2.918605269126803,0,0.4237409480574622,brute_force,1
4,0,0,15.814814026706095,0,0,0,3.739166415650471,1,0.5910651815194268,brute_force,1
0,1,0,359.78490749009774,0,0,1,0.0,0,0.5309028486329497,late_verify,1
0,1,1,49.21484364491356,0,1,0,0.0,1,0.9475840828637581,stale_after_reissue,1
0,1,0,34.48393338546115,0,0,0,0.0,1,0.7136408440369917,benign_sms_normal,0
0,1,0,31.52668903185951,0,0,0,0.0,0,0.8479146590752002,benign_single_use,0
0,1,1,62.22721386866103,0,1,0,0.0,0,0.956478518482488,stale_after_reissue,1
1,1,0,13.18253592521335,0,0,0,0.0,1,0.6644706817300764,benign_retry_then_success,0
3,0,0,12.313508925163676,0,0,0,3.5910246520959435,0,0.4968636486873058,brute_force,1
2,0,0,16.516661254482642,0,0,0,4.292891351470757,1,0.46114979362641656,benign_retry_then_success,0
0,1,0,25.40072561243413,0,0,0,0.0,0,0.8808528201926891,benign_single_use,0
11,0,0,42.14079684901615,0,0,0,3.637629987366742,1,0.9235547436149674,brute_force,1
0,1,0,33.5372098212547,0,0,0,0.0,1,0.521150336281555,benign_single_use,0
0,1,0,36.76090695426535,0,0,0,0.0,0,0.3661266676430607,benign_sms_normal,0
0,1,0,332.2328013948209,0,0,1,0.0,1,0.9557692053736455,late_verify,1
0,1,0,50.711196966869835,1,0,0,0.0,0,0.4072990216371458,cross_session,1
0,1,0,55.9475372792717,0,0,0,0.0,0,0.912193428586225,benign_sms_normal,0
0,1,0,47.75726610326477,0,0,0,0.0,0,0.9802784982426771,benign_single_use,0
1,0,0,3.1672354524984185,0,0,0,0.0,1,0.3922755524505647,benign_retry_then_success,0
0,1,0,11.700787754569212,0,0,0,0.0,1,0.6544309521344431,benign_single_use,0
0,1,0,324.77330254754685,0,0,1,0.0,1,0.8628871683275838,late_verify,1
0,0,1,45.644120215354796,0,0,0,0.0,1,0.3866276625552412,stale_after_reissue,1
0,2,0,42.11837177130995,0,0,0,0.0,0,0.7640049489345077,replay_attempt,1
0,1,0,20.754542478513024,0,0,0,0.0,1,0.947365900518419,benign_single_use,0
0,1,0,39.868631142459684,0,0,0,0.0,1,0.3741281826255273,benign_single_use,0
0,1,0,350.87460399864017,0,0,1,0.0,0,0.9763623385002271,late_verify,1
1,0,0,12.652330987355649,0,0,0,0.0,0,0.3124857487838914,benign_retry_then_success,0
0,1,1,64.31810289193706,0,1,0,0.0,0,0.6715387134193374,stale_after_reissue,1
0,1,0,404.26093549934535,0,0,1,0.0,1,0.7221750101371079,late_verify,1
1,1,0,18.933757343441812,0,0,0,0.0,0,0.9072434422266273,benign_retry_then_success,0
1,1,0,17.79211971889233,0,0,0,0.0,1,0.8715981343967372,benign_retry_then_success,0
0,1,1,48.171899669781354,0,1,0,0.0,1,0.8772649333194389,stale_after_reissue,1
0,1,0,12.912956313412845,0,0,0,0.0,0,0.9446793307412151,benign_single_use,0
0,0,1,13.448736735563225,0,0,0,0.0,0,0.314803611435508,stale_after_reissue,1
0,1,0,19.844525029547476,0,0,0,0.0,0,0.33736735283902275,benign_sms_normal,0
2,1,0,23.59377348967569,0,0,0,6.815893163424592,1,0.9125034595642258,benign_retry_then_success,0
0,1,0,14.982412527808824,0,0,0,0.0,1,0.47457130308254825,replay_attempt,1
2,0,0,11.074419100645986,0,0,0,7.483369661514859,1,0.3711703320326012,benign_retry_then_success,0
0,1,0,7.857902655580734,0,0,0,0.0,1,0.9473893083126435,benign_single_use,0
0,1,1,113.46102239004131,0,1,0,0.0,1,0.8614181161915155,stale_after_reissue,1
4,0,0,13.81919734564664,0,0,0,2.974738524251998,1,0.3978378876677698,brute_force,1
4,0,0,10.469848824413974,0,0,0,2.768999707256535,0,0.5078135321998997,brute_force,1
0,1,0,82.88958166074512,0,0,0,0.0,1,0.6366372998100549,benign_sms_normal,0
0,1,0,51.67082688254935,1,0,0,0.0,0,0.7568111383920714,cross_session,1
0,1,0,34.299725183615706,1,0,0,0.0,1,0.7430423404873345,cross_session,1
0,1,0,16.13225262191451,0,0,0,0.0,0,0.7863586901729487,benign_single_use,0
11,0,0,43.621087293391966,0,0,0,3.954918859068237,1,0.9622189439721311,brute_force,1
0,1,0,37.454174244707005,0,0,0,0.0,0,0.3665344382950808,benign_single_use,0
0,1,0,368.2291227652206,0,0,1,0.0,0,0.7007013598236947,late_verify,1
2,1,0,33.663855865129,0,0,0,12.590936598144799,0,0.7197154090658286,benign_retry_then_success,0
0,0,1,11.585347367561756,0,0,0,0.0,1,0.3613963083375379,stale_after_reissue,1
1,1,0,23.34663395340523,0,0,0,0.0,1,0.5335464308297667,benign_retry_then_success,0
0,2,0,35.71871842539772,0,0,0,0.0,1,0.520107986142984,replay_attempt,1
0,1,0,13.12808548982054,1,0,0,0.0,0,0.9552892243630209,cross_session,1
8,0,0,35.79620536605732,0,0,0,4.449682403238633,1,0.9658362620026888,brute_force,1
0,1,0,40.03906361951642,0,0,0,0.0,0,0.3853451748345788,benign_single_use,0
4,0,0,11.936895921353802,0,0,0,3.625127497303596,1,0.5113491740097441,brute_force,1
10,0,0,38.097014258307475,0,0,0,4.060452467036324,1,0.9279233792276376,brute_force,1
0,2,0,25.680374448595217,0,0,0,0.0,0,0.843737558484553,replay_attempt,1
0,0,1,41.09479716301196,0,0,0,0.0,0,0.3038008838900903,stale_after_reissue,1
0,0,1,38.325884770625024,0,0,0,0.0,0,0.4669869744391719,stale_after_reissue,1
0,1,0,73.08192755954248,0,0,0,0.0,0,0.9494568011205962,benign_sms_normal,0
0,1,0,43.39664311882505,0,0,0,0.0,1,0.8865861530587682,benign_single_use,0
0,1,0,11.87080236181037,0,0,0,0.0,0,0.6531716931350906,benign_single_use,0
2,0,0,18.076129106436312,0,0,0,4.862555909293093,1,0.43512904360823285,benign_retry_then_success,0
0,1,1,102.89663587459526,0,1,0,0.0,0,0.7280805241839488,stale_after_reissue,1
0,1,1,60.60973159618459,0,1,0,0.0,0,0.7967047995704344,stale_after_reissue,1
5,0,0,20.213051706710928,0,0,0,4.573846390577334,0,0.5109398427603025,brute_force,1
2,0,0,25.07793077928993,0,0,0,14.287132916346222,1,0.6558469169128593,benign_retry_then_success,0
0,1,0,357.42607880843155,0,0,1,0.0,0,0.3834522683384212,late_verify,1
0,1,1,48.57713960036402,0,1,0,0.0,1,0.7276912829256398,stale_after_reissue,1
2,0,0,13.51693963350791,0,0,0,5.611542320363545,1,0.5219286379220665,benign_retry_then_success,0
0,1,0,40.56400375333313,0,0,0,0.0,0,0.6318928725631192,benign_sms_normal,0
0,1,0,36.117454523755654,0,0,0,0.0,0,0.79140152677726,benign_single_use,0
9,0,0,35.03363293896782,0,0,0,4.0565702724809505,1,0.9447400381066342,brute_force,1
0,2,0,66.01020691975708,0,0,0,0.0,1,0.5201154842209409,replay_attempt,1
0,2,0,16.11036742721162,0,0,0,0.0,0,0.8893952477276241,replay_attempt,1
0,1,0,28.851972071360752,0,0,0,0.0,0,0.533891028351082,benign_sms_normal,0
0,1,0,45.84809116987971,0,0,0,0.0,1,0.3102779904920495,benign_single_use,0
2,0,0,12.310493667026197,0,0,0,4.843354788727619,1,0.383770789105426,benign_retry_then_success,0
7,0,0,29.501663091294517,0,0,0,3.920723454729389,0,0.6675618120770828,brute_force,1
7,0,0,31.003198091467016,0,0,0,4.303612773119304,0,0.6036453191258151,brute_force,1
2,0,0,19.056363292645,0,0,0,13.88524346587458,0,0.46299659946059435,benign_retry_then_success,0
0,1,0,31.960864832087253,0,0,0,0.0,0,0.710511621110357,benign_single_use,0
3,0,0,11.624222696483569,0,0,0,4.702942713102501,0,0.3406759372050131,brute_force,1
0,1,0,23.615106581352933,1,0,0,0.0,1,0.8911352113010305,cross_session,1
0,1,0,47.27451742026585,1,0,0,0.0,0,0.8964108618168183,cross_session,1
2,0,0,23.248778872448426,0,0,0,13.20329158600466,0,0.6491718709720395,benign_retry_then_success,0
2,0,0,8.579450896266083,0,0,0,5.58668836275838,1,0.31737619225900077,brute_force,1
0,1,0,21.91442898314324,0,0,0,0.0,1,0.3051201194051109,replay_attempt,1
1,1,0,25.38690864734158,0,0,0,0.0,0,0.7342503967606309,benign_retry_then_success,0
0,2,0,83.20525010975445,0,0,0,0.0,0,0.804487162702846,replay_attempt,1
0,1,0,78.67812225226375,0,0,0,0.0,1,0.379872849828546,benign_sms_normal,0
9,0,0,36.019636635345925,0,0,0,4.031764702911193,1,0.844140189270425,brute_force,1
0,1,0,88.77091440706873,0,0,0,0.0,0,0.6254814193355571,benign_sms_normal,0
0,1,0,72.46298279759768,0,0,0,0.0,0,0.35937349061828244,benign_sms_normal,0
0,1,0,49.11328828421483,0,0,0,0.0,1,0.9472911670539219,benign_single_use,0
0,1,0,36.6796990110724,0,0,0,0.0,0,0.33408893061969586,benign_sms_normal,0
2,1,0,37.229225125427845,0,0,0,12.284648193019517,0,0.817602027933557,benign_retry_then_success,0
0,1,0,7.693004040280359,1,0,0,0.0,1,0.46417460530890897,cross_session,1
1,0,0,3.0540014992759095,0,0,0,0.0,0,0.3207251023900292,benign_retry_then_success,0
4,0,0,14.550418626289416,0,0,0,3.3974515273367074,1,0.35936811386503414,brute_force,1
0,1,0,49.40873832869549,1,0,0,0.0,0,0.9991203590467352,cross_session,1
0,1,0,349.5450921846226,0,0,1,0.0,0,0.3957748946207384,late_verify,1
2,1,0,29.261555321469892,0,0,0,10.142554084960462,0,0.9407091321998884,benign_retry_then_success,0
1,0,0,7.384541558389602,0,0,0,0.0,0,0.44138532638214706,benign_retry_then_success,0
0,1,1,61.810677390325495,0,1,0,0.0,0,0.5942672400536939,stale_after_reissue,1
0,1,0,68.91686533386782,0,0,0,0.0,1,0.6785996458614658,benign_sms_normal,0
0,1,0,17.93034142843627,1,0,0,0.0,0,0.5277399113616739,cross_session,1
0,2,0,64.33289511856209,0,0,0,0.0,1,0.7135213559146363,replay_attempt,1
0,1,0,329.7232753335729,0,0,1,0.0,0,0.5257446430180657,late_verify,1
0,1,0,53.08729009099441,0,0,0,0.0,0,0.49827285327507986,benign_single_use,0
2,1,0,29.381612118559588,0,0,0,8.260635103010316,0,0.9962912242545174,benign_retry_then_success,0
0,1,0,408.4039223370886,0,0,1,0.0,0,0.8513128853605374,late_verify,1
3,0,0,11.550828560331771,0,0,0,5.020678886879523,0,0.3721018788911111,brute_force,1
0,1,0,18.533663632771614,1,0,0,0.0,0,0.3458713037428677,cross_session,1
6,0,0,14.091766771395372,0,0,0,2.3057834052504904,0,0.5916267431484035,brute_force,1
0,1,0,52.452051005748295,0,0,0,0.0,0,0.30086314375833567,benign_single_use,0
0,1,0,31.922610357896446,0,0,0,0.0,1,0.5331659127074464,benign_single_use,0
2,0,0,19.218626995562477,0,0,0,6.124182520983,1,0.4697379971198329,benign_retry_then_success,0
4,0,0,11.689712624771978,0,0,0,3.1828160824849583,1,0.3064818472747864,brute_force,1
0,0,1,11.08462071592118,0,0,0,0.0,1,0.46914723611736003,stale_after_reissue,1
0,1,0,37.46074605213694,0,0,0,0.0,1,0.8946047331628453,benign_single_use,0
0,1,0,39.05154975348357,0,0,0,0.0,0,0.4139204402734703,benign_single_use,0
0,2,0,63.714047181140195,0,0,0,0.0,1,0.9431555766318767,replay_attempt,1
4,0,0,16.38872037952708,0,0,0,3.4884909038129535,1,0.3546758751562547,brute_force,1
0,1,1,17.645168069704713,0,1,0,0.0,1,0.8076283245956082,stale_after_reissue,1
0,1,0,67.77933284887752,0,0,0,0.0,1,0.5220072197909851,benign_sms_normal,0
0,1,0,15.712239048463255,0,0,0,0.0,0,0.4006030630188739,benign_sms_normal,0
0,1,0,321.58032843660726,0,0,1,0.0,1,0.6551048911074303,late_verify,1
0,1,0,6.409283161292338,0,0,0,0.0,0,0.9951592073513544,benign_sms_normal,0
1,1,0,27.33218999858143,0,0,0,0.0,1,0.6753402891779626,benign_retry_then_success,0
0,1,0,20.0252955325482,0,0,0,0.0,1,0.3353637874604036,benign_single_use,0
1,0,0,10.963452559924223,0,0,0,0.0,0,0.3127123807400548,benign_retry_then_success,0
1,1,0,19.530636053587557,0,0,0,0.0,0,0.7275390932647927,benign_retry_then_success,0
1,1,0,22.840684779782734,0,0,0,0.0,1,0.6968564567235707,benign_retry_then_success,0
0,1,0,40.63815297156844,0,0,0,0.0,1,0.6602081363198715,benign_sms_normal,0
0,2,0,70.55031314481857,0,0,0,0.0,0,0.5855730012523956,replay_attempt,1
0,0,1,26.725398202230604,0,0,0,0.0,1,0.40456190945770554,stale_after_reissue,1
0,1,0,14.8142969002007,1,0,0,0.0,1,0.43967939502964326,cross_session,1
0,2,0,36.52054116442504,0,0,0,0.0,1,0.8134464331939808,replay_attempt,1
0,1,0,346.1072707094393,0,0,1,0.0,1,0.6619136407946005,late_verify,1
0,1,0,71.55161105221721,0,0,0,0.0,1,0.6989536730490684,benign_sms_normal,0
6,0,0,19.673351395355592,0,0,0,2.86909773975009,0,0.5762409217050575,brute_force,1
0,1,0,373.4401943388914,0,0,1,0.0,0,0.7066925616236355,late_verify,1
2,0,0,22.836259514317092,0,0,0,8.611683079519155,0,0.5640441880181026,benign_retry_then_success,0
1,1,0,16.169202887378784,0,0,0,0.0,1,0.5376344279462318,benign_retry_then_success,0
0,1,0,13.408582933909896,0,0,0,0.0,1,0.8274531941001806,benign_sms_normal,0
1,1,0,10.65425083819878,0,0,0,0.0,1,0.6654086109565587,benign_retry_then_success,0
0,1,0,19.269191191999383,0,0,0,0.0,0,0.3316211818925985,benign_single_use,0
2,0,0,19.77630908857538,0,0,0,8.946078679543422,0,0.47670540338471107,benign_retry_then_success,0
0,1,0,53.21909384955406,0,0,0,0.0,0,0.9311492974965068,benign_single_use,0
0,0,1,59.030167570749285,0,0,0,0.0,1,0.35027549835201904,stale_after_reissue,1
0,1,0,35.40940397354538,0,0,0,0.0,1,0.3678845220938355,benign_single_use,0
0,1,0,57.42427522157127,0,0,0,0.0,1,0.6796550816115434,benign_sms_normal,0
0,1,1,65.22928452612251,0,1,0,0.0,0,0.7089595020428527,stale_after_reissue,1
2,1,0,27.43347087910615,0,0,0,7.8582595731184055,1,0.8406470913721975,benign_retry_then_success,0
0,1,0,56.78463712059545,0,0,0,0.0,0,0.38445873621058047,benign_single_use,0
0,1,0,27.485883947861442,0,0,0,0.0,1,0.8925349752475698,benign_sms_normal,0
2,1,0,25.864361691639868,0,0,0,5.943107676278515,0,0.8959342545815425,benign_retry_then_success,0
2,0,0,15.35108157784159,0,0,0,5.980876846387817,1,0.41287784399634686,benign_retry_then_success,0
0,1,0,53.8393855733069,0,0,0,0.0,1,0.8441510993293846,benign_single_use,0
1,1,0,18.795764157115048,0,0,0,0.0,0,0.6041941592883833,benign_retry_then_success,0
0,1,0,57.37373437151258,0,0,0,0.0,0,0.6374215317104454,benign_single_use,0
0,1,0,18.90403460535935,0,0,0,0.0,1,0.6880915864279535,benign_sms_normal,0
0,1,0,6.653001831864833,1,0,0,0.0,0,0.3832673175181479,cross_session,1
0,1,0,22.684314531528244,0,0,0,0.0,1,0.725690448340214,benign_single_use,0
1,1,0,14.629500431536915,0,0,0,0.0,1,0.9920227289637036,benign_retry_then_success,0
0,1,0,44.84454024618596,0,0,0,0.0,1,0.40701398548843515,benign_sms_normal,0
0,2,0,27.680342914478505,0,0,0,0.0,1,0.53968257376744,replay_attempt,1
0,1,0,68.82127970331307,0,0,0,0.0,1,0.8555447687036641,benign_sms_normal,0
0,2,0,74.45168729609907,0,0,0,0.0,0,0.7473095544849151,replay_attempt,1
0,1,1,26.048961407357535,0,1,0,0.0,1,0.6207834290755597,stale_after_reissue,1
0,1,0,319.12687850875153,0,0,1,0.0,0,0.7425979691211471,late_verify,1
2,1,0,27.077232637762542,0,0,0,11.714161540606812,0,0.7619659107904951,benign_retry_then_success,0
7,0,0,24.419991445895032,0,0,0,3.1116143287954743,0,0.8247330332460072,brute_force,1
0,1,0,61.09963609809786,0,0,0,0.0,0,0.5117361967965497,benign_sms_normal,0
0,1,0,25.148451870609495,1,0,0,0.0,1,0.8169574988806401,cross_session,1
2,0,0,20.744600241274807,0,0,0,9.107209821016252,1,0.5935106915494671,benign_retry_then_success,0
1,0,0,7.897880018772156,0,0,0,0.0,0,0.38806491281859967,benign_retry_then_success,0
0,0,1,41.05347560886788,0,0,0,0.0,0,0.31383651173988414,stale_after_reissue,1
0,2,0,47.449295655928296,0,0,0,0.0,0,0.902441280977291,replay_attempt,1
0,1,0,12.114954190205093,1,0,0,0.0,1,0.4926067679211993,cross_session,1
0,1,0,334.73897122530826,0,0,1,0.0,0,0.7723155831444946,late_verify,1
0,2,0,63.46720876953999,0,0,0,0.0,1,0.9670457279398958,replay_attempt,1
2,0,0,17.35163182310343,0,0,0,6.845893940136193,1,0.5797732946145457,benign_retry_then_success,0
2,0,0,21.302028713487204,0,0,0,13.50129135987014,1,0.6107600204771835,benign_retry_then_success,0
0,1,0,51.9691406880976,0,0,0,0.0,1,0.5255509716760567,benign_single_use,0
7,0,0,31.342962095600445,0,0,0,4.530324932504356,1,0.8352670599933998,brute_force,1
0,1,0,43.798436533713094,0,0,0,0.0,0,0.4681583933043022,benign_sms_normal,0
2,0,0,16.12523740558091,0,0,0,10.031536489152659,1,0.45319962615624254,benign_retry_then_success,0
1,1,0,8.102478629733369,0,0,0,0.0,1,0.5352909779705616,benign_retry_then_success,0
3,0,0,8.141845693042649,0,0,0,3.2251001712312015,1,0.4077745078043385,brute_force,1
0,1,1,95.19001430831106,0,1,0,0.0,0,0.986574801873124,stale_after_reissue,1
0,1,1,66.18725339598957,0,1,0,0.0,1,0.9193943416544523,stale_after_reissue,1
0,1,0,11.151464130937246,0,0,0,0.0,1,0.8827704994468049,benign_single_use,0
0,1,1,66.41460771741929,0,1,0,0.0,0,0.7803140409306053,stale_after_reissue,1
0,1,0,89.32357046988467,0,0,0,0.0,1,0.9995953364569314,benign_sms_normal,0
1,1,0,26.454088526223693,0,0,0,0.0,0,0.5228284713403142,benign_retry_then_success,0
1,1,0,14.68420302936449,0,0,0,0.0,0,0.5473363865479275,benign_retry_then_success,0
0,1,0,74.80461686081686,0,0,0,0.0,1,0.5916661986279161,benign_sms_normal,0
0,1,0,46.185142881688016,1,0,0,0.0,0,0.8609726036899061,cross_session,1
2,0,0,18.27572970885022,0,0,0,13.548825355907521,0,0.4074678654382297,benign_retry_then_success,0
1,1,0,6.6399101467897905,0,0,0,0.0,0,0.6054216617859842,benign_retry_then_success,0
0,1,0,378.6186551694368,0,0,1,0.0,0,0.8761891221913305,late_verify,1
1,1,0,26.20710700284757,0,0,0,0.0,0,0.6772592363849308,benign_retry_then_success,0
1,0,0,7.733778215265053,0,0,0,0.0,1,0.4802163715267743,benign_retry_then_success,0
0,1,0,32.72982324149476,0,0,0,0.0,1,0.825186191563763,benign_single_use,0
5,0,0,11.919760333149746,0,0,0,2.455953562689146,0,0.5789546364319487,brute_force,1
0,2,0,59.996411686797906,0,0,0,0.0,1,0.5750427236879517,replay_attempt,1
0,1,0,58.65776052056198,0,0,0,0.0,1,0.9110012711419251,benign_single_use,0
0,1,0,41.08406335022848,0,0,0,0.0,1,0.5023585071467341,benign_single_use,0
0,1,0,36.153135794530456,0,0,0,0.0,1,0.685636137943282,benign_single_use,0
0,1,0,7.259110024769795,0,0,0,0.0,0,0.33462139600221097,benign_sms_normal,0
0,2,0,43.62758106225883,0,0,0,0.0,1,0.5930592611203611,replay_attempt,1
0,1,0,52.70396077065375,0,0,0,0.0,0,0.5697586365999721,benign_sms_normal,0
0,1,0,363.10829802154115,0,0,1,0.0,0,0.5203247329950667,late_verify,1
2,1,0,12.353085777394622,0,0,0,3.0128095802729673,1,0.9261580484031466,benign_retry_then_success,0
0,1,0,406.94141145701064,0,0,1,0.0,1,0.628969158201138,late_verify,1
0,1,0,84.52106522662568,0,0,0,0.0,0,0.341640684528338,benign_sms_normal,0
0,1,0,15.751758027010224,0,0,0,0.0,0,0.7756689064462704,benign_single_use,0
0,1,1,24.458772642103497,0,1,0,0.0,0,0.5959138239904436,stale_after_reissue,1
0,1,1,72.89854155068561,0,1,0,0.0,0,0.5525310805627774,stale_after_reissue,1
0,1,0,24.65532929261298,0,0,0,0.0,0,0.48536502412510574,benign_single_use,0
0,1,0,406.71548891447804,0,0,1,0.0,0,0.9507666346436885,late_verify,1
0,1,0,14.129251284529063,0,0,0,0.0,0,0.38072850667769154,benign_sms_normal,0
1,1,0,25.279845994417904,0,0,0,0.0,0,0.8738662007666167,benign_retry_then_success,0
7,0,0,23.357076761906942,0,0,0,3.689366874531023,0,0.5665126528520015,brute_force,1
0,1,0,12.042893580128283,1,0,0,0.0,1,0.5247599384882984,cross_session,1
0,1,0,10.680591350887727,1,0,0,0.0,0,0.9063012244317139,cross_session,1
1,1,0,16.08226057264881,0,0,0,0.0,1,0.7432044275012966,benign_retry_then_success,0
0,1,0,38.27681826010639,0,0,0,0.0,1,0.5304837217184386,benign_sms_normal,0
0,1,0,36.23638267356709,1,0,0,0.0,0,0.6232725380148237,cross_session,1
2,0,0,13.997356229480504,0,0,0,7.148769669151591,0,0.36624783777457204,benign_retry_then_success,0
0,1,0,26.4003191337144,0,0,0,0.0,1,0.4501772807921005,benign_single_use,0
0,1,0,390.90920555433786,0,0,1,0.0,1,0.48019565364176,late_verify,1
0,1,0,37.85669909906124,0,0,0,0.0,1,0.3368031932261387,replay_attempt,1
0,1,0,347.7056833775283,0,0,1,0.0,1,0.946730280381801,late_verify,1
4,0,0,10.540806280156826,0,0,0,3.1160320945132156,1,0.6474922377075157,brute_force,1
1,1,0,19.408389350876455,0,0,0,0.0,0,0.9151345338477777,benign_retry_then_success,0
0,1,0,19.86879835096301,1,0,0,0.0,1,0.41241181880944305,cross_session,1
6,0,0,26.515039491125783,0,0,0,4.5665199744729055,1,0.9147031972588762,brute_force,1
1,1,0,21.51271744322512,0,0,0,0.0,0,0.695074876251425,benign_retry_then_success,0
2,0,0,15.539565042159591,0,0,0,7.439812414166374,1,0.38287935822506813,benign_retry_then_success,0
0,2,0,63.8815183140768,0,0,0,0.0,1,0.5126576328869609,replay_attempt,1
0,2,0,53.24483656509456,0,0,0,0.0,0,0.7830887387049218,replay_attempt,1
2,0,0,17.94538543253422,0,0,0,10.424577338035704,0,0.6232090380291566,benign_retry_then_success,0
0,1,0,16.787952157024264,0,0,0,0.0,1,0.431932012108611,replay_attempt,1
1,1,0,22.227766286705062,0,0,0,0.0,0,0.8662787217547243,benign_retry_then_success,0
0,1,0,60.39190477447449,0,0,0,0.0,0,0.9099863607188496,benign_sms_normal,0
0,1,0,41.46722031538008,0,0,0,0.0,1,0.6017534503465567,benign_sms_normal,0
0,1,0,59.644864823276606,0,0,0,0.0,0,0.9710952681803537,benign_single_use,0
0,1,0,384.9898434319091,0,0,1,0.0,0,0.5112354066878515,late_verify,1
0,1,0,56.47307561060943,0,0,0,0.0,0,0.38225306757682104,replay_attempt,1
0,1,0,50.90892153798147,0,0,0,0.0,0,0.4090303696822055,benign_single_use,0
9,0,0,29.9600256771371,0,0,0,3.2653481386738106,0,0.7954907260810133,brute_force,1
0,1,0,51.31850605342795,0,0,0,0.0,0,0.38885467975364385,replay_attempt,1
0,2,0,57.66499578749233,0,0,0,0.0,1,0.9292451034243594,replay_attempt,1
0,1,0,46.04976310510163,0,0,0,0.0,0,0.6194827005312917,benign_sms_normal,0
0,1,0,24.887946626496447,0,0,0,0.0,0,0.3628272646758367,replay_attempt,1
0,1,1,85.51370944620042,0,1,0,0.0,1,0.7285547060157667,stale_after_reissue,1
0,1,1,27.60133176721581,0,1,0,0.0,0,0.9830152170727624,stale_after_reissue,1
0,1,0,56.48973124021079,1,0,0,0.0,0,0.9840349109400501,cross_session,1
0,0,1,7.7014704062522075,0,0,0,0.0,0,0.34432993509179066,stale_after_reissue,1
0,1,0,55.1846837962603,0,0,0,0.0,0,0.676053218586038,benign_single_use,0
0,1,0,325.0222029415354,0,0,1,0.0,1,0.860408534471695,late_verify,1
0,1,0,413.9123297336883,0,0,1,0.0,1,0.5435305430296146,late_verify,1
0,1,1,44.82090349462159,0,1,0,0.0,0,0.9619855562771313,stale_after_reissue,1
0,1,0,34.72621806939152,1,0,0,0.0,0,0.4279661393016836,cross_session,1
0,1,0,378.7298343177154,0,0,1,0.0,0,0.7709973762794253,late_verify,1
1,1,0,16.689357853504696,0,0,0,0.0,1,0.9556687843055887,benign_retry_then_success,0
0,1,1,64.50450032045809,0,1,0,0.0,1,0.6557350403447713,stale_after_reissue,1
0,1,0,89.55926589051671,0,0,0,0.0,0,0.6403964288694073,benign_sms_normal,0
6,0,0,18.78789850752395,0,0,0,3.490753946803326,1,0.6328928212630542,brute_force,1
0,1,1,87.99201389098121,0,1,0,0.0,1,0.5997189044562112,stale_after_reissue,1
7,0,0,27.34851956125242,0,0,0,3.865532057815497,1,0.8684860728309414,brute_force,1
0,1,0,45.511520121365315,1,0,0,0.0,1,0.6217966251175144,cross_session,1
0,1,0,12.213534305159046,1,0,0,0.0,1,0.4390085644719156,cross_session,1
0,1,0,46.09983901056384,1,0,0,0.0,1,0.9262815208074704,cross_session,1
0,1,0,57.582566273744604,1,0,0,0.0,1,0.40809616161549966,cross_session,1
0,1,0,21.023119945715614,0,0,0,0.0,0,0.6705739478184012,benign_single_use,0
0,1,0,65.19339207662398,0,0,0,0.0,1,0.42262639749920256,benign_sms_normal,0
0,1,0,357.9301862043147,0,0,1,0.0,0,0.4031981674399101,late_verify,1
0,1,0,12.000190908097158,0,0,0,0.0,0,0.6851677843357803,benign_single_use,0
0,1,0,10.944188675533203,0,0,0,0.0,1,0.6367861712342048,benign_sms_normal,0
0,1,0,74.2812131785941,0,0,0,0.0,1,0.6137684432194248,benign_sms_normal,0
4,0,0,10.98355349839666,0,0,0,2.7265002304363612,1,0.49096303110208495,brute_force,1
1,0,0,6.635575546047624,0,0,0,0.0,0,0.4651980838343868,benign_retry_then_success,0
1,1,0,19.691163313556643,0,0,0,0.0,1,0.9070205936246942,benign_retry_then_success,0
0,1,0,374.00846168285,0,0,1,0.0,1,0.9228456265779081,late_verify,1
0,1,0,30.35122650902106,0,0,0,0.0,1,0.31106388880809366,replay_attempt,1
8,0,0,29.694910495212746,0,0,0,3.8082997936996974,0,0.9963769495346073,brute_force,1
0,1,0,80.64141560114814,0,0,0,0.0,1,0.5200435598409334,benign_sms_normal,0
1,1,0,24.541257028797048,0,0,0,0.0,1,0.5412486205581324,benign_retry_then_success,0
4,0,0,10.861121855693753,0,0,0,3.0040406622767386,1,0.43434481298775973,brute_force,1
0,0,1,19.559144084074553,0,0,0,0.0,0,0.3980387832826434,stale_after_reissue,1
0,1,0,49.79606318170136,1,0,0,0.0,1,0.4646794718909515,cross_session,1
0,1,0,19.552868294038706,1,0,0,0.0,0,0.6009699349300335,cross_session,1
0,2,0,50.39697253074203,0,0,0,0.0,0,0.8402945402604085,replay_attempt,1
0,1,0,16.71912139194513,1,0,0,0.0,1,0.30301404296737505,cross_session,1
4,0,0,11.877488812336502,0,0,0,3.5614224210673595,1,0.4321854943329473,brute_force,1
0,1,1,57.35887361906637,0,1,0,0.0,0,0.9032700924712098,stale_after_reissue,1
0,1,0,417.97547341277294,0,0,1,0.0,1,0.5882904082106816,late_verify,1
0,1,0,410.87828915937166,0,0,1,0.0,0,0.472112910903541,late_verify,1
0,1,0,312.6367716960077,0,0,1,0.0,0,0.6277619839855088,late_verify,1
0,1,1,44.09767041098353,0,1,0,0.0,0,0.5026007952556455,stale_after_reissue,1
0,1,0,73.23125144951108,0,0,0,0.0,0,0.4862216108351657,benign_sms_normal,0
0,1,0,331.3126736639786,0,0,1,0.0,0,0.39452666723936525,late_verify,1
0,1,0,24.098605336399267,0,0,0,0.0,1,0.8926697353557704,benign_sms_normal,0
1,1,0,15.614302927269614,0,0,0,0.0,0,0.8480336919202067,benign_retry_then_success,0
0,1,0,55.45675740963782,0,0,0,0.0,0,0.8956979840365151,benign_single_use,0
0,1,0,9.295559035254904,0,0,0,0.0,0,0.9071964776378085,benign_sms_normal,0
1,1,0,16.6591217065422,0,0,0,0.0,0,0.8465868481633334,benign_retry_then_success,0
0,1,1,72.65154252792487,0,1,0,0.0,1,0.913674697126192,stale_after_reissue,1
2,0,0,24.83830566669132,0,0,0,11.99223434038807,1,0.38249073063408173,benign_retry_then_success,0
0,1,0,32.79023072612027,1,0,0,0.0,0,0.7078510445201762,cross_session,1
0,1,0,48.27902597975152,0,0,0,0.0,0,0.4727075374356299,replay_attempt,1
0,1,0,363.24776941423846,0,0,1,0.0,0,0.43197116371191213,late_verify,1
0,1,0,57.8344457095858,1,0,0,0.0,1,0.8052854325635295,cross_session,1
0,2,0,50.6152820943589,0,0,0,0.0,0,0.6317529163466545,replay_attempt,1
0,1,1,36.077175349663904,0,1,0,0.0,1,0.9128773311690652,stale_after_reissue,1
0,1,0,26.053073952914065,0,0,0,0.0,1,0.9859849779231107,benign_single_use,0
4,0,0,15.859466329899755,0,0,0,3.66950025407016,1,0.3386469696955863,brute_force,1
2,0,0,11.127948868810131,0,0,0,7.757234824377745,0,0.33561651418151023,benign_retry_then_success,0
0,1,0,19.168693890012005,1,0,0,0.0,1,0.9066261825075708,cross_session,1
0,1,0,23.35360718665761,0,0,0,0.0,1,0.6719049283730234,benign_sms_normal,0
5,0,0,17.810104834025314,0,0,0,3.9140933269223073,1,0.4410744827746682,brute_force,1
0,1,0,49.64638041705958,0,0,0,0.0,1,0.5446945280164237,benign_single_use,0
3,0,0,16.98568221031541,0,0,0,5.5619754853237104,0,0.36300097373156287,brute_force,1
0,1,0,59.440268806268044,0,0,0,0.0,0,0.35184037835835147,benign_single_use,0
0,1,0,50.4990027574905,0,0,0,0.0,0,0.7061681517200602,benign_single_use,0
0,1,0,79.98488097796059,0,0,0,0.0,0,0.7469272694353184,benign_sms_normal,0
10,0,0,30.30126939437249,0,0,0,3.007145070601327,1,0.8994867414590175,brute_force,1
0,1,0,47.07634228479236,0,0,0,0.0,0,0.45163565492882984,replay_attempt,1
0,1,0,30.07663274055361,0,0,0,0.0,1,0.6981836637690233,benign_sms_normal,0
0,1,0,35.485707214953536,1,0,0,0.0,0,0.7353034214580383,cross_session,1
2,1,0,27.040447418213603,0,0,0,11.322485635040636,0,0.7778116855518182,benign_retry_then_success,0
0,0,1,27.496932262515134,0,0,0,0.0,1,0.4556575495277675,stale_after_reissue,1
0,1,0,45.859847042194524,0,0,0,0.0,0,0.4659434538892642,benign_single_use,0
0,2,0,66.78032005195453,0,0,0,0.0,0,0.6494359577955563,replay_attempt,1
0,1,1,86.5635131710691,0,1,0,0.0,1,0.6700602766758037,stale_after_reissue,1
0,1,0,309.5501899228619,0,0,1,0.0,1,0.6609812069653804,late_verify,1
0,1,0,410.6805131242709,0,0,1,0.0,0,0.6454546063054387,late_verify,1
11,0,0,29.17601243116788,0,0,0,2.592313011316347,1,0.9587533993352881,brute_force,1
0,1,1,62.15366682495555,0,1,0,0.0,0,0.5885810175248526,stale_after_reissue,1
0,1,0,17.68735189303218,1,0,0,0.0,1,0.9340542970399821,cross_session,1
8,0,0,30.243342825451684,0,0,0,3.570670266920793,0,0.7473190471852715,brute_force,1
0,2,0,38.296920202938125,0,0,0,0.0,0,0.8829859382630585,replay_attempt,1
0,1,0,29.189497336425667,1,0,0,0.0,0,0.9899347710584054,cross_session,1
0,1,0,72.8681093103849,0,0,0,0.0,1,0.488391350505964,benign_sms_normal,0
0,1,1,69.6256439908648,0,1,0,0.0,0,0.6538519735499468,stale_after_reissue,1
0,1,0,390.15172472054843,0,0,1,0.0,0,0.5334849485348487,late_verify,1
2,0,0,18.470797067403325,0,0,0,13.206250547056294,0,0.4595074505869836,benign_retry_then_success,0
0,1,0,35.46896191992727,0,0,0,0.0,1,0.3148092079963054,benign_single_use,0
0,1,0,41.07300735405623,1,0,0,0.0,0,0.492521728441177,cross_session,1
0,1,0,9.669474081801887,0,0,0,0.0,0,0.7072091085711004,benign_sms_normal,0
0,1,1,50.727689000485086,0,1,0,0.0,0,0.6112816196075219,stale_after_reissue,1
0,1,0,309.54385994084544,0,0,1,0.0,0,0.861926575148551,late_verify,1
0,2,0,51.17158883756967,0,0,0,0.0,0,0.6846455289600406,replay_attempt,1
0,1,0,22.237188471778502,0,0,0,0.0,0,0.7619903709659799,benign_sms_normal,0
0,1,0,86.01761229256469,0,0,0,0.0,0,0.6458445225632439,benign_sms_normal,0
9,0,0,26.028485518308038,0,0,0,2.903769256246873,0,0.7981940746435714,brute_force,1
0,1,0,31.126234420239836,0,0,0,0.0,0,0.7223841702413261,benign_single_use,0
0,1,0,17.297467648182582,1,0,0,0.0,0,0.6184260812128471,cross_session,1
0,1,0,14.71668397299389,0,0,0,0.0,0,0.8770908798784449,benign_single_use,0
0,2,0,58.805226804854065,0,0,0,0.0,0,0.9474737308948618,replay_attempt,1
2,1,0,40.66947705797244,0,0,0,14.642418870838123,1,0.9794971128373491,benign_retry_then_success,0
0,1,0,9.298587693696355,0,0,0,0.0,1,0.8948524384635252,benign_single_use,0
2,1,0,22.71210438559092,0,0,0,9.862103718253309,1,0.8178390185963051,benign_retry_then_success,0
0,1,1,81.09699654310728,0,1,0,0.0,1,0.6568812562399344,stale_after_reissue,1
6,0,0,20.514953463596875,0,0,0,3.1698662181598296,0,0.46918971858679165,brute_force,1
6,0,0,20.256644950396435,0,0,0,3.593434980931493,1,0.6327139325185229,brute_force,1
0,1,0,334.92956564940744,0,0,1,0.0,1,0.5345328142535943,late_verify,1
0,1,0,76.63221734855013,0,0,0,0.0,1,0.6124726445005966,benign_sms_normal,0
0,2,0,47.197859316606994,0,0,0,0.0,1,0.9195650917587606,replay_attempt,1
4,0,0,9.870951702972977,0,0,0,2.702500344588625,0,0.5900476403960528,brute_force,1
5,0,0,13.900748341700146,0,0,0,3.1851325987023147,0,0.6195831260958364,brute_force,1
1,0,0,7.534051730313887,0,0,0,0.0,1,0.3152819741520681,benign_retry_then_success,0
7,0,0,25.171389966824893,0,0,0,3.6774982214014362,1,0.8512889094042517,brute_force,1
0,1,0,417.73957255109895,0,0,1,0.0,0,0.32964227979909333,late_verify,1
0,1,0,35.084328316802,1,0,0,0.0,0,0.4027202632453567,cross_session,1
0,1,0,5.892675098835929,1,0,0,0.0,0,0.6167555520670689,cross_session,1
0,1,1,52.64288260935976,0,1,0,0.0,1,0.9846320220515858,stale_after_reissue,1
1,0,0,3.6206578999966927,0,0,0,0.0,0,0.486066589292546,benign_retry_then_success,0
6,0,0,23.95344831087666,0,0,0,4.167034541624727,0,0.9016715542665277,brute_force,1
1,1,0,20.944377987485886,0,0,0,0.0,0,0.6715063037421638,benign_retry_then_success,0
0,2,0,24.75767982226413,0,0,0,0.0,0,0.5742863969370369,replay_attempt,1
2,0,0,16.273610534060666,0,0,0,11.097753028870438,0,0.5486524838848398,benign_retry_then_success,0
3,0,0,11.40215440515238,0,0,0,4.034804044730333,0,0.32728556427612426,brute_force,1
5,0,0,19.300903211322307,0,0,0,4.277142748185899,0,0.539076783541136,brute_force,1
1,1,0,14.533947577534233,0,0,0,0.0,0,0.7291765932958976,benign_retry_then_success,0
0,1,0,56.02176213498218,1,0,0,0.0,0,0.4852019944748831,cross_session,1
0,1,0,18.213692155380294,0,0,0,0.0,1,0.4917343180242316,benign_single_use,0
0,1,0,28.745159036466976,0,0,0,0.0,0,0.43505921554543747,benign_sms_normal,0
0,1,0,23.645425733158348,1,0,0,0.0,0,0.5295467184714928,cross_session,1
0,1,0,6.3862720919389195,0,0,0,0.0,0,0.4414800101095266,benign_single_use,0
0,1,0,83.92472487987297,0,0,0,0.0,1,0.652953548876438,benign_sms_normal,0
0,1,0,338.4352067152653,0,0,1,0.0,1,0.8417576070463593,late_verify,1
0,1,0,81.11788906173517,0,0,0,0.0,1,0.604044473757707,benign_sms_normal,0
0,1,1,69.24258818864283,0,1,0,0.0,1,0.9504695708043049,stale_after_reissue,1
0,1,0,47.354989498737815,0,0,0,0.0,1,0.36528963372702905,benign_single_use,0
0,1,0,6.8798676010543085,1,0,0,0.0,1,0.8391308646109279,cross_session,1
0,1,0,402.96638663807187,0,0,1,0.0,1,0.36851829615040177,late_verify,1
0,1,0,350.2871250695278,0,0,1,0.0,0,0.3297205669796688,late_verify,1
5,0,0,19.306667384128282,0,0,0,4.08574808090488,0,0.6517584345346021,brute_force,1
1,1,0,13.853772694498778,0,0,0,0.0,0,0.5463509601160762,benign_retry_then_success,0
4,0,0,18.17563861134162,0,0,0,4.3520256020292125,1,0.41898496483705,brute_force,1
0,1,0,27.39319172033699,0,0,0,0.0,0,0.95071928040502,benign_sms_normal,0
0,1,0,36.01243219092227,0,0,0,0.0,0,0.34119397613270225,replay_attempt,1
2,1,0,19.059929564081045,0,0,0,9.146915653279525,0,0.7640471160758445,benign_retry_then_success,0
0,1,0,54.21007199431025,0,0,0,0.0,0,0.43018209391299644,benign_single_use,0
0,1,0,37.31992360591737,1,0,0,0.0,0,0.8026436356439752,cross_session,1
1,1,0,19.247001968606586,0,0,0,0.0,0,0.618746485010441,benign_retry_then_success,0
0,1,0,83.40039927641028,0,0,0,0.0,0,0.3614315679400854,benign_sms_normal,0
0,1,0,84.01873595655907,0,0,0,0.0,0,0.9632451315313495,benign_sms_normal,0
0,1,0,29.88476291591169,0,0,0,0.0,0,0.5913131760471035,benign_single_use,0
0,1,0,54.4106461166656,0,0,0,0.0,0,0.4773153204939506,benign_single_use,0
0,1,0,8.293863179916505,0,0,0,0.0,1,0.7576113308038444,benign_sms_normal,0
0,1,0,41.05026659960007,0,0,0,0.0,0,0.3658148415181812,benign_single_use,0
0,2,0,60.38057887011038,0,0,0,0.0,1,0.5241126782250085,replay_attempt,1
0,1,0,34.54449565797502,0,0,0,0.0,0,0.34244151953258356,replay_attempt,1
1,0,0,7.631055497558578,0,0,0,0.0,1,0.4833274621953148,benign_retry_then_success,0
1,1,0,16.55146831070238,0,0,0,0.0,0,0.840302378590748,benign_retry_then_success,0
2,1,0,37.775763792045254,0,0,0,9.26376136941661,0,0.8555708369794988,benign_retry_then_success,0
0,1,0,43.40751243277235,0,0,0,0.0,1,0.9906983387137398,benign_single_use,0
0,1,0,12.886763600772852,0,0,0,0.0,0,0.6934064222990075,benign_sms_normal,0
0,1,0,32.92223486039778,0,0,0,0.0,1,0.8064019578641004,benign_single_use,0
0,2,0,64.86483545557364,0,0,0,0.0,1,0.828199206807742,replay_attempt,1
0,1,0,7.003660762558582,0,0,0,0.0,1,0.45138851685828596,replay_attempt,1
0,0,1,40.661872686184864,0,0,0,0.0,1,0.4316729596849459,stale_after_reissue,1
0,1,0,16.239774986640136,1,0,0,0.0,1,0.3655080617368609,cross_session,1
4,0,0,14.861805689890637,0,0,0,4.2876103455333245,1,0.3034001364440953,brute_force,1
0,2,0,87.9351724568397,0,0,0,0.0,1,0.6301481334370651,replay_attempt,1
1,1,0,16.156294575554085,0,0,0,0.0,1,0.6018056699987805,benign_retry_then_success,0
2,0,0,18.88503248648073,0,0,0,3.944919478595004,1,0.42649433703676665,benign_retry_then_success,0
0,1,0,14.599542239473356,1,0,0,0.0,0,0.8348532373949034,cross_session,1
0,1,0,83.13587448846418,0,0,0,0.0,0,0.32281471027291014,benign_sms_normal,0
0,1,1,26.653569214282385,0,1,0,0.0,0,0.9902208201536364,stale_after_reissue,1
0,1,0,15.896475777664989,0,0,0,0.0,0,0.7015484681569963,benign_single_use,0
2,0,0,20.441971657241925,0,0,0,12.921148318739366,1,0.5998748520890259,benign_retry_then_success,0
0,1,0,36.4135865403244,0,0,0,0.0,0,0.6974219193656269,benign_sms_normal,0
0,1,0,321.26797148530767,0,0,1,0.0,0,0.3483967137262801,late_verify,1
0,1,0,387.1256895328287,0,0,1,0.0,1,0.3464787953302922,late_verify,1
0,1,0,76.02006683944279,0,0,0,0.0,1,0.36225012013519786,benign_sms_normal,0
0,1,0,51.949659523070366,0,0,0,0.0,1,0.464292442336327,benign_single_use,0
2,1,0,30.42101602032651,0,0,0,8.866779617648048,1,0.9923643576499317,benign_retry_then_success,0
2,1,0,25.988800069318547,0,0,0,8.731785234875648,0,0.7656497759228849,benign_retry_then_success,0
0,2,0,37.38829259584196,0,0,0,0.0,1,0.5566067444493353,replay_attempt,1
1,0,0,6.922780222523873,0,0,0,0.0,0,0.4755970241585855,benign_retry_then_success,0
0,1,0,52.96573661019656,1,0,0,0.0,0,0.7214835742833992,cross_session,1
1,0,0,13.171997615975679,0,0,0,0.0,0,0.4054204160360847,benign_retry_then_success,0
5,0,0,18.071255638711676,0,0,0,3.31499972429853,0,0.8292526976997665,brute_force,1
0,1,0,5.929451294406418,0,0,0,0.0,0,0.7166325464877981,benign_sms_normal,0
0,1,0,21.106758560913345,0,0,0,0.0,1,0.38674812492746047,benign_sms_normal,0
2,1,0,38.25462726703199,0,0,0,12.036879283446115,1,0.8640408888396109,benign_retry_then_success,0
0,1,0,35.573257268166856,1,0,0,0.0,0,0.508188371365506,cross_session,1
0,1,0,42.504274778689044,1,0,0,0.0,1,0.982213289275774,cross_session,1
4,0,0,10.793704162856171,0,0,0,2.4527090210913545,0,0.43858652249183494,brute_force,1
0,1,0,312.5352104729283,0,0,1,0.0,1,0.9301946697307866,late_verify,1
0,1,0,383.3298002929927,0,0,1,0.0,0,0.7421399795199224,late_verify,1
0,1,0,50.55088188691347,0,0,0,0.0,1,0.8028453942212086,benign_single_use,0
3,0,0,14.208835134947913,0,0,0,4.861233412899134,0,0.4122725268474152,brute_force,1
0,1,0,31.475646849391204,0,0,0,0.0,1,0.7000988491547031,benign_single_use,0
0,1,1,63.047944297977224,0,1,0,0.0,0,0.7096339459134738,stale_after_reissue,1
2,1,0,33.6786119209786,0,0,0,12.482917864673222,1,0.6762553637760431,benign_retry_then_success,0
1,1,0,15.606675856603815,0,0,0,0.0,1,0.9110910507811949,benign_retry_then_success,0
0,1,0,371.4807191028841,0,0,1,0.0,0,0.45521659134596926,late_verify,1
0,1,0,50.5092468879811,0,0,0,0.0,1,0.7154193908129813,benign_single_use,0
5,0,0,19.608323759440125,0,0,0,4.094268413408395,0,0.5613684802810723,brute_force,1
0,2,0,23.934714202795245,0,0,0,0.0,0,0.5368138672220748,replay_attempt,1
0,1,1,72.88919038687791,0,1,0,0.0,1,0.8618934832888152,stale_after_reissue,1
0,0,1,57.75028348541109,0,0,0,0.0,1,0.33566086230211556,stale_after_reissue,1
0,2,0,75.44302048042863,0,0,0,0.0,1,0.6865771842408067,replay_attempt,1
0,1,0,32.42300211156695,1,0,0,0.0,1,0.32371445659978954,cross_session,1
0,1,0,414.109056106522,0,0,1,0.0,1,0.8804053432420251,late_verify,1
0,1,0,56.71932768959993,1,0,0,0.0,1,0.9559439074157909,cross_session,1
0,1,0,40.32745764193443,0,0,0,0.0,1,0.6238200424975657,benign_single_use,0
3,0,0,8.830628957219139,0,0,0,3.6734322327068294,1,0.45059185265479207,brute_force,1
0,1,0,25.24512990481385,0,0,0,0.0,0,0.7383115000883285,benign_single_use,0
0,1,0,13.304622228928721,1,0,0,0.0,1,0.9394035618691448,cross_session,1
0,1,0,58.65930297101724,0,0,0,0.0,1,0.7341026602258831,benign_sms_normal,0
0,1,0,383.16897059491976,0,0,1,0.0,1,0.3115375404173099,late_verify,1
0,1,0,71.42459634920584,0,0,0,0.0,1,0.5640972873429542,benign_sms_normal,0
0,1,0,33.03540629320442,1,0,0,0.0,0,0.6550330835211502,cross_session,1
1,1,0,15.328451547682857,0,0,0,0.0,1,0.5626946977854459,benign_retry_then_success,0
0,1,0,32.171573248302394,0,0,0,0.0,0,0.5057723296471996,benign_sms_normal,0
1,0,0,10.724885585091277,0,0,0,0.0,1,0.4996547598457072,benign_retry_then_success,0
2,1,0,18.08523587053622,0,0,0,8.564636735959112,1,0.7323686223875472,benign_retry_then_success,0
1,1,0,19.446230037859667,0,0,0,0.0,1,0.577245675894941,benign_retry_then_success,0
4,0,0,15.119689798884595,0,0,0,3.614903392625758,0,0.38560267604197307,brute_force,1
0,1,0,6.430957195336351,0,0,0,0.0,1,0.8853398256704428,benign_single_use,0
0,1,0,5.2141780509622935,0,0,0,0.0,1,0.6116796938752285,benign_single_use,0
0,1,0,19.109397476397323,0,0,0,0.0,0,0.6157631125627343,benign_sms_normal,0
2,0,0,24.54837069404537,0,0,0,10.830807021204983,1,0.5067735562968954,benign_retry_then_success,0
0,2,0,65.19224669736775,0,0,0,0.0,0,0.96546538902864,replay_attempt,1
2,0,0,20.522473653484088,0,0,0,12.0415264732361,0,0.4009100042449509,benign_retry_then_success,0
9,0,0,33.75896386246063,0,0,0,3.6785877957643613,1,0.8761473315978903,brute_force,1
0,1,0,79.58554340406205,0,0,0,0.0,1,0.9717173834416464,benign_sms_normal,0
0,1,0,36.416725524359876,0,0,0,0.0,1,0.5957465587427064,benign_single_use,0
0,1,0,341.76968044138306,0,0,1,0.0,1,0.5019871048726665,late_verify,1
0,1,0,32.31106934309531,1,0,0,0.0,1,0.9214331729997212,cross_session,1
2,1,0,22.22726270568071,0,0,0,8.572819515806302,1,0.876055114035168,benign_retry_then_success,0
0,1,0,44.41425162000222,1,0,0,0.0,0,0.8319895080473068,cross_session,1
11,0,0,49.181889568768796,0,0,0,4.672663780651554,0,0.9488642998127583,brute_force,1
2,0,0,9.980610612686734,0,0,0,5.709302328795195,0,0.5775869059801931,benign_retry_then_success,0
0,1,0,32.03856838635999,1,0,0,0.0,1,0.8640718729454357,cross_session,1
2,0,0,18.5051291895894,0,0,0,8.607280414708015,1,0.6130929808357883,benign_retry_then_success,0
0,1,0,30.953439183621914,0,0,0,0.0,0,0.7073993901294899,benign_single_use,0
1,1,0,24.76179961435126,0,0,0,0.0,0,0.538964945926835,benign_retry_then_success,0
0,1,0,13.442071295580478,0,0,0,0.0,1,0.49971839551944963,replay_attempt,1
0,1,0,329.41545419368333,0,0,1,0.0,1,0.7699824669211223,late_verify,1
0,1,0,57.17555573539057,0,0,0,0.0,0,0.566915276919504,benign_single_use,0
0,0,1,59.2819519662142,0,0,0,0.0,1,0.41610622080633997,stale_after_reissue,1
0,2,0,61.719471789540755,0,0,0,0.0,1,0.7821265489319438,replay_attempt,1
0,1,0,37.968442132022744,0,0,0,0.0,1,0.8686078625292002,benign_sms_normal,0
0,1,0,407.2056361279495,0,0,1,0.0,0,0.4609636124730426,late_verify,1
2,0,0,20.63101099210249,0,0,0,5.967078879681246,0,0.3976491935735329,benign_retry_then_success,0
0,1,1,48.63621927266687,0,1,0,0.0,1,0.9936107346015433,stale_after_reissue,1
0,1,0,33.17589734877202,0,0,0,0.0,0,0.8652131634871083,benign_single_use,0
0,1,0,27.568774739447285,1,0,0,0.0,0,0.41755658641920457,cross_session,1
0,1,0,16.616382266200574,0,0,0,0.0,1,0.5754199517918253,benign_sms_normal,0
5,0,0,14.599889447080075,0,0,0,3.0265235234917287,1,0.4224844862412417,brute_force,1
0,1,0,24.831081092671774,0,0,0,0.0,1,0.8479329436392715,benign_single_use,0
0,1,0,32.33642154196153,0,0,0,0.0,1,0.3230552102888523,benign_single_use,0
0,1,0,66.5410414356696,0,0,0,0.0,0,0.8861684348137977,benign_sms_normal,0
0,1,0,48.86344622292485,0,0,0,0.0,1,0.9087790069948758,benign_single_use,0
8,0,0,27.87901106602441,0,0,0,3.4647921284714416,1,0.8887840451530249,brute_force,1
0,2,0,46.27951419586731,0,0,0,0.0,1,0.9211960286957155,replay_attempt,1
0,1,0,24.509892665810266,0,0,0,0.0,0,0.7540177540293024,benign_single_use,0
5,0,0,11.723461721679008,0,0,0,2.5118387279147694,1,0.7843195648941321,brute_force,1
0,1,0,34.65425607963488,0,0,0,0.0,1,0.9544704718060957,benign_single_use,0
2,1,0,30.641014989631568,0,0,0,11.877973128462052,1,0.8926187514014718,benign_retry_then_success,0
2,1,0,30.638041810516533,0,0,0,11.153822619097248,1,0.9987599367824977,benign_retry_then_success,0
1,0,0,10.150295408771823,0,0,0,0.0,1,0.471335530489277,benign_retry_then_success,0
0,1,0,15.109446813317529,1,0,0,0.0,1,0.41602706278964674,cross_session,1
0,0,1,53.02819649946345,0,0,0,0.0,0,0.32796252593233854,stale_after_reissue,1
0,1,0,20.539392070769107,0,0,0,0.0,0,0.7177084453023501,benign_single_use,0
0,1,0,55.782190927064,1,0,0,0.0,0,0.5014663104729575,cross_session,1
0,1,0,414.7474035684821,0,0,1,0.0,1,0.9865302275358465,late_verify,1
0,1,0,44.543060082903715,0,0,0,0.0,1,0.4539954075290829,benign_sms_normal,0
0,2,0,36.35365335382829,0,0,0,0.0,1,0.6239592564717495,replay_attempt,1
0,1,0,42.61145763837421,1,0,0,0.0,1,0.7502172804780385,cross_session,1
0,1,0,345.23363991971456,0,0,1,0.0,0,0.3319635998056943,late_verify,1
0,1,0,28.81490183433976,0,0,0,0.0,1,0.6067668499613015,benign_single_use,0
0,1,0,37.33020612629661,1,0,0,0.0,1,0.46278711064257305,cross_session,1
1,1,0,15.080460219668044,0,0,0,0.0,0,0.6019227970610539,benign_retry_then_success,0
0,1,0,22.64602927668994,1,0,0,0.0,1,0.8306253478804853,cross_session,1
0,1,0,41.692891900047094,0,0,0,0.0,0,0.8234528062026651,benign_sms_normal,0
0,1,1,60.25992339816337,0,1,0,0.0,0,0.5224056343665057,stale_after_reissue,1
0,1,1,37.61773392832751,0,1,0,0.0,0,0.6898536048494152,stale_after_reissue,1
0,1,0,6.9922282074916975,0,0,0,0.0,1,0.7350208845513608,benign_single_use,0
2,0,0,3.8401671414676097,0,0,0,1.592426261774008,0,0.30069299574847025,brute_force,1
0,1,0,35.23203695945091,0,0,0,0.0,0,0.5303524092808889,benign_single_use,0
1,0,0,3.2907522490510184,0,0,0,0.0,1,0.37581568483229577,benign_retry_then_success,0
0,1,0,17.456480253361942,0,0,0,0.0,0,0.9868935667952909,benign_sms_normal,0
0,1,0,418.417085980705,0,0,1,0.0,1,0.3619071384922583,late_verify,1
0,1,0,16.22072306047225,1,0,0,0.0,1,0.7361500524934248,cross_session,1
6,0,0,26.366733822297128,0,0,0,4.142103435979964,0,0.6974679697480403,brute_force,1
0,1,0,364.4731042688928,0,0,1,0.0,1,0.7714596003076706,late_verify,1
0,1,0,13.52418479583312,0,0,0,0.0,0,0.4708833525599036,benign_single_use,0
0,1,0,65.25327666746905,0,0,0,0.0,1,0.9995730255601687,benign_sms_normal,0
2,1,0,24.887101432012102,0,0,0,3.7198900150241787,0,0.7788000724927393,benign_retry_then_success,0
1,0,0,11.367387551839666,0,0,0,0.0,1,0.4453460204657438,benign_retry_then_success,0
0,1,0,79.96211345680884,0,0,0,0.0,1,0.766783299983315,benign_sms_normal,0
4,0,0,10.641630064042214,0,0,0,3.0707330056181164,1,0.4985208047239017,brute_force,1
5,0,0,22.808026238615895,0,0,0,4.454068043704147,0,0.6625150029680049,brute_force,1
1,1,0,9.117072958078673,0,0,0,0.0,1,0.9398140442969183,benign_retry_then_success,0
0,1,0,13.56472929531671,0,0,0,0.0,1,0.7145251204539687,benign_sms_normal,0
0,0,1,34.86179381748241,0,0,0,0.0,0,0.49842588517035025,stale_after_reissue,1
1,0,0,8.629601243665402,0,0,0,0.0,1,0.3897274512279628,benign_retry_then_success,0
0,1,0,74.65987761016909,0,0,0,0.0,1,0.7577338014347443,benign_sms_normal,0
0,1,0,386.21958197814774,0,0,1,0.0,1,0.9125699279430308,late_verify,1
1,0,0,4.194115714385486,0,0,0,0.0,1,0.3464469626394067,benign_retry_then_success,0
0,1,0,35.18881739536119,1,0,0,0.0,0,0.41223668746000763,cross_session,1
0,1,0,48.497582197479716,0,0,0,0.0,1,0.8753165045403035,benign_single_use,0
0,1,0,35.96559180474974,0,0,0,0.0,1,0.6310210275079166,benign_single_use,0
0,1,0,16.554791810294347,0,0,0,0.0,1,0.3686558789636527,replay_attempt,1
0,1,0,18.467011095654374,0,0,0,0.0,1,0.3591366269739503,replay_attempt,1
0,1,0,37.44918722336575,1,0,0,0.0,1,0.3775252228774811,cross_session,1
0,1,0,21.111474857711045,0,0,0,0.0,1,0.9225112955370494,benign_single_use,0
6,0,0,18.94046499002816,0,0,0,3.309486945372181,1,0.6319698069977706,brute_force,1
0,0,1,22.27851884430883,0,0,0,0.0,1,0.48685355425640997,stale_after_reissue,1
0,1,0,25.789377025847855,0,0,0,0.0,0,0.34512020271843613,replay_attempt,1
0,1,0,17.655673473153662,1,0,0,0.0,0,0.9897551935177553,cross_session,1
0,1,0,5.423722050030197,0,0,0,0.0,1,0.4290170014629001,benign_sms_normal,0
9,0,0,39.660769833384514,0,0,0,4.254920989373651,1,0.7539137194113525,brute_force,1
0,1,0,38.80334205888344,0,0,0,0.0,1,0.6468743629067801,benign_single_use,0
1,1,0,11.825640651438725,0,0,0,0.0,0,0.7184455384410267,benign_retry_then_success,0
3,0,0,11.513814458338475,0,0,0,3.049883898807787,0,0.3113799769249029,brute_force,1
0,2,0,79.8212555547533,0,0,0,0.0,0,0.9347650775238852,replay_attempt,1
0,1,0,373.70408273158716,0,0,1,0.0,0,0.7261654664439159,late_verify,1
0,1,0,11.264899015046215,1,0,0,0.0,0,0.7615199371415169,cross_session,1
0,1,0,46.85241387343521,0,0,0,0.0,1,0.521392764029482,benign_single_use,0
0,1,0,35.074740313228084,1,0,0,0.0,0,0.9433609895779889,cross_session,1
1,1,0,27.778123074867487,0,0,0,0.0,1,0.6258499980183402,benign_retry_then_success,0
0,1,0,9.595911768166303,0,0,0,0.0,0,0.4803809638910981,replay_attempt,1
0,1,0,15.748077362584235,0,0,0,0.0,1,0.9715654906206617,benign_single_use,0
0,1,0,377.27253498290156,0,0,1,0.0,1,0.7732132720625648,late_verify,1
0,1,0,15.268066505469593,1,0,0,0.0,1,0.9563938027751855,cross_session,1
0,1,0,19.03525817614482,1,0,0,0.0,0,0.7978139587359102,cross_session,1
0,1,0,376.2611019282036,0,0,1,0.0,0,0.4116451502325993,late_verify,1
0,1,0,28.00190909159148,0,0,0,0.0,1,0.49098518367352006,benign_sms_normal,0
0,0,1,23.218808317123045,0,0,0,0.0,1,0.43329365326644464,stale_after_reissue,1
0,1,0,51.04777859137441,0,0,0,0.0,0,0.3902141832693326,benign_sms_normal,0
0,1,0,351.788678978061,0,0,1,0.0,1,0.9307737192054737,late_verify,1
9,0,0,34.04044733371252,0,0,0,3.679200368267915,0,0.8789056102255997,brute_force,1
1,0,0,11.540605439061558,0,0,0,0.0,1,0.4286544488992758,benign_retry_then_success,0
0,1,0,37.919066897379636,1,0,0,0.0,0,0.5477010475263338,cross_session,1
0,0,1,23.24621218525726,0,0,0,0.0,0,0.33983924148991557,stale_after_reissue,1
0,1,0,31.528733695064176,0,0,0,0.0,1,0.9875614882315094,benign_sms_normal,0
0,1,0,65.76856574617622,0,0,0,0.0,1,0.7205634223889483,benign_sms_normal,0
0,1,0,10.290505000796113,0,0,0,0.0,1,0.4319920550441906,benign_single_use,0
0,1,1,100.23761235586062,0,1,0,0.0,1,0.7975330745153507,stale_after_reissue,1
4,0,0,10.381145426892896,0,0,0,3.0600791879168483,1,0.42164382144767354,brute_force,1
0,1,1,53.59660461497984,0,1,0,0.0,0,0.9048521295195042,stale_after_reissue,1
0,1,0,15.726620720465503,0,0,0,0.0,1,0.31879904384849955,benign_single_use,0
0,1,0,43.495719357570614,0,0,0,0.0,1,0.7535142366195493,benign_single_use,0
0,1,0,10.175461864992357,1,0,0,0.0,0,0.4080126031058791,cross_session,1
5,0,0,24.168773743134516,0,0,0,4.6387695660021695,1,0.5461916735951844,brute_force,1
0,0,1,48.485684363027225,0,0,0,0.0,1,0.40250532218988566,stale_after_reissue,1
0,1,0,302.54620849194373,0,0,1,0.0,0,0.4964120343729245,late_verify,1
0,1,0,20.08350443699566,0,0,0,0.0,0,0.8683091072313098,benign_single_use,0
0,1,0,16.815431673542548,0,0,0,0.0,0,0.8654837367943973,benign_sms_normal,0
0,2,0,42.343642107174176,0,0,0,0.0,1,0.6384581487025767,replay_attempt,1
1,0,0,9.219651310141984,0,0,0,0.0,0,0.4149773710779866,benign_retry_then_success,0
0,1,0,20.667557974413953,0,0,0,0.0,0,0.5486430265172054,benign_single_use,0
0,1,0,407.89180297619913,0,0,1,0.0,0,0.6940761379344219,late_verify,1
0,2,0,34.45220829727583,0,0,0,0.0,1,0.5418758942530122,replay_attempt,1
0,1,0,53.36828749014122,0,0,0,0.0,1,0.6308014576349502,benign_single_use,0
0,1,0,28.02823343783656,0,0,0,0.0,1,0.6422828607409921,benign_sms_normal,0
0,1,0,396.67613807130505,0,0,1,0.0,0,0.37100453559809465,late_verify,1
0,1,0,7.3636319105794374,1,0,0,0.0,0,0.35552182942701377,cross_session,1
0,1,1,38.61854636069012,0,1,0,0.0,1,0.5370869433945252,stale_after_reissue,1
0,1,0,46.98762115529187,0,0,0,0.0,0,0.9660795352051976,benign_single_use,0
0,1,0,57.78246705457698,0,0,0,0.0,0,0.7163337524325726,benign_single_use,0
2,1,0,33.0887837986556,0,0,0,12.83773329822826,1,0.6733510112602907,benign_retry_then_success,0
0,1,0,41.555210500942046,0,0,0,0.0,1,0.32352697843037564,benign_single_use,0
0,1,0,10.182642544535515,0,0,0,0.0,0,0.4335090101259026,benign_single_use,0
0,1,0,351.10553464648973,0,0,1,0.0,0,0.3631203835426438,late_verify,1
0,1,1,68.18759881785122,0,1,0,0.0,0,0.7053186257393362,stale_after_reissue,1
8,0,0,29.214473502929092,0,0,0,3.3404270095181423,0,0.99958624777137,brute_force,1
0,1,0,10.260265547173997,0,0,0,0.0,0,0.3178510947721385,benign_sms_normal,0
1,1,0,28.443538762411304,0,0,0,0.0,1,0.6822378467236558,benign_retry_then_success,0
0,1,0,29.811024129646235,0,0,0,0.0,1,0.3447807796857913,benign_sms_normal,0
0,1,0,12.272399486563417,0,0,0,0.0,1,0.5178561764429567,benign_sms_normal,0
0,1,0,28.871958866597378,0,0,0,0.0,0,0.7953766370560537,benign_single_use,0
0,1,0,76.98430726468257,0,0,0,0.0,1,0.5845515426369772,benign_sms_normal,0
0,1,1,47.79212750131199,0,1,0,0.0,1,0.9609019526623261,stale_after_reissue,1
0,1,0,18.347072362526482,0,0,0,0.0,1,0.5566812928801994,benign_single_use,0
0,1,0,33.85671301939644,0,0,0,0.0,0,0.9181888174251465,benign_single_use,0
0,1,0,23.707642452866363,1,0,0,0.0,1,0.8752411415612402,cross_session,1
0,1,0,10.693064757053218,1,0,0,0.0,0,0.6520966772663213,cross_session,1
0,1,0,55.118112496951895,0,0,0,0.0,1,0.8416948329233005,benign_sms_normal,0
0,1,0,6.807721864655793,1,0,0,0.0,0,0.38126951553108956,cross_session,1
0,1,1,54.918437821880005,0,1,0,0.0,0,0.6924196325464744,stale_after_reissue,1
0,1,0,62.62513815843492,0,0,0,0.0,0,0.7668735144943843,benign_sms_normal,0
0,1,0,37.18313019027168,1,0,0,0.0,0,0.7175027275235892,cross_session,1
0,1,0,23.167483717648388,0,0,0,0.0,0,0.785831509230303,benign_single_use,0
1,0,0,8.292502556104722,0,0,0,0.0,0,0.32541397327313265,benign_retry_then_success,0
0,1,0,32.89867478539438,0,0,0,0.0,0,0.30709053613902115,replay_attempt,1
2,1,0,34.287455413869665,0,0,0,6.440926811750614,1,0.9456727017969413,benign_retry_then_success,0
2,0,0,20.810705983622164,0,0,0,9.587736798353523,1,0.6074904432673442,benign_retry_then_success,0
0,1,0,12.605785082175892,0,0,0,0.0,0,0.7890434980806755,benign_single_use,0
0,1,0,67.93785515614078,0,0,0,0.0,1,0.9488512537917666,benign_sms_normal,0
0,1,0,14.364453834021319,0,0,0,0.0,0,0.784369968914796,benign_sms_normal,0
1,1,0,22.29415919995259,0,0,0,0.0,1,0.9350381613356287,benign_retry_then_success,0
0,1,0,48.85140618077581,0,0,0,0.0,1,0.47619744922460255,benign_sms_normal,0
0,1,0,10.544625779097903,0,0,0,0.0,1,0.3937840534603053,replay_attempt,1
6,0,0,20.22998922687262,0,0,0,3.546485355099878,1,0.9025373864682231,brute_force,1
2,0,0,12.681646966716972,0,0,0,4.850290586275578,0,0.3604517721511176,benign_retry_then_success,0
0,2,0,73.56479112435439,0,0,0,0.0,1,0.6903190137878185,replay_attempt,1
0,2,0,23.520630845112944,0,0,0,0.0,1,0.6933586465208244,replay_attempt,1
0,1,0,5.389694479347142,1,0,0,0.0,0,0.717367586683553,cross_session,1
0,1,0,15.332220150597454,0,0,0,0.0,0,0.3283023519751026,benign_single_use,0
0,1,0,23.51689441785548,1,0,0,0.0,0,0.7753519470837156,cross_session,1
0,1,0,340.04399629363377,0,0,1,0.0,1,0.8751485145084288,late_verify,1
0,1,0,5.084359444303458,0,0,0,0.0,1,0.32456353614596567,benign_sms_normal,0
0,1,1,104.40440080152669,0,1,0,0.0,1,0.9316122434426193,stale_after_reissue,1
0,1,0,29.813015920613502,0,0,0,0.0,0,0.8526907428004589,benign_single_use,0
0,1,0,20.85096156603103,1,0,0,0.0,0,0.8259266430539114,cross_session,1
0,1,0,30.606776102932418,0,0,0,0.0,0,0.517253813901504,benign_sms_normal,0
0,1,0,353.26624932887034,0,0,1,0.0,1,0.6129878851706859,late_verify,1
8,0,0,34.822840043332626,0,0,0,4.437068888620794,0,0.8868265139071345,brute_force,1
9,0,0,33.68005032733173,0,0,0,3.616425446715686,1,0.8714499508030789,brute_force,1
0,1,0,38.323609258257775,0,0,0,0.0,1,0.8979417546864945,benign_sms_normal,0
0,2,0,38.40241095260272,0,0,0,0.0,0,0.7514111802745036,replay_attempt,1
0,1,0,360.0904992281903,0,0,1,0.0,0,0.8669555315981958,late_verify,1
0,1,0,334.0908107266827,0,0,1,0.0,1,0.97135133665599,late_verify,1
0,1,0,416.58009663599535,0,0,1,0.0,0,0.9432368059670628,late_verify,1
0,2,0,47.06110048728432,0,0,0,0.0,1,0.6803459921966304,replay_attempt,1
0,1,0,404.3204562802733,0,0,1,0.0,1,0.37675912943418877,late_verify,1
9,0,0,22.59754751720689,0,0,0,2.429490129732669,0,0.8567264237694259,brute_force,1
0,1,0,371.4690564409319,0,0,1,0.0,0,0.4081112504397702,late_verify,1
0,1,0,34.925395031527096,0,0,0,0.0,0,0.9201220866009401,benign_single_use,0
5,0,0,19.575452677038907,0,0,0,4.0551729961887055,0,0.6872390420764511,brute_force,1
0,1,0,33.55743573585629,0,0,0,0.0,0,0.5047273933645946,benign_single_use,0
0,1,0,83.6965852045833,0,0,0,0.0,1,0.7358839410492306,benign_sms_normal,0
2,1,0,28.11462330883827,0,0,0,13.854076205033364,1,0.9813440786221339,benign_retry_then_success,0
0,1,0,52.340334902567825,1,0,0,0.0,1,0.6380354826597499,cross_session,1
0,2,0,54.244255839812496,0,0,0,0.0,0,0.5149363411737561,replay_attempt,1
0,1,0,32.39717604219086,0,0,0,0.0,0,0.5709119809369285,benign_sms_normal,0
0,1,0,68.34889963313864,0,0,0,0.0,0,0.3515984483781563,benign_sms_normal,0
0,1,0,48.56127835563751,0,0,0,0.0,1,0.5811891428517374,benign_single_use,0
0,1,0,396.28484385298873,0,0,1,0.0,0,0.5733125572778719,late_verify,1
0,1,1,66.83515117446846,0,1,0,0.0,0,0.8627179182162115,stale_after_reissue,1
0,1,0,9.774024384289785,0,0,0,0.0,0,0.3310781078374131,benign_single_use,0
4,0,0,16.796396575837306,0,0,0,3.7940530195020954,1,0.4002377164201851,brute_force,1
0,1,0,15.942619137625728,1,0,0,0.0,0,0.4580449056057972,cross_session,1
1,1,0,24.063387786595975,0,0,0,0.0,0,0.7217897358679914,benign_retry_then_success,0
0,1,0,320.0088776471024,0,0,1,0.0,0,0.5244088437149342,late_verify,1
0,1,0,39.19962614492254,0,0,0,0.0,1,0.4942577836038106,benign_single_use,0
4,0,0,17.933494301427864,0,0,0,4.530425482632999,0,0.3432683727502007,brute_force,1
0,1,0,49.25003034748709,0,0,0,0.0,0,0.4936004095598319,replay_attempt,1
0,1,0,74.34583520276149,0,0,0,0.0,0,0.4235220990285147,benign_sms_normal,0
0,1,0,24.252377230513833,0,0,0,0.0,1,0.572533803914155,benign_single_use,0
0,1,0,52.25481632832934,1,0,0,0.0,0,0.5081306682745724,cross_session,1
0,1,0,16.173226634206834,1,0,0,0.0,1,0.5223586545636452,cross_session,1
0,1,0,18.47505247515396,0,0,0,0.0,0,0.5919370183773035,benign_sms_normal,0
0,2,0,53.214244542382346,0,0,0,0.0,1,0.9230102719119451,replay_attempt,1
0,1,0,18.226045475238088,0,0,0,0.0,1,0.59386739273905,benign_single_use,0
0,1,0,25.89991169826403,0,0,0,0.0,0,0.7030751235492452,benign_single_use,0
0,1,0,56.920086789607424,0,0,0,0.0,0,0.5073783147655138,benign_sms_normal,0
2,0,0,20.40418574909892,0,0,0,6.864408978372625,1,0.49471359872458764,benign_retry_then_success,0
0,1,1,41.096517955309466,0,1,0,0.0,0,0.6409318453654098,stale_after_reissue,1
0,1,1,32.385299137408886,0,1,0,0.0,0,0.9666001352852229,stale_after_reissue,1
0,1,0,305.6303876721316,0,0,1,0.0,0,0.7201912969737572,late_verify,1
1,0,0,12.023406099260916,0,0,0,0.0,0,0.333168963672319,benign_retry_then_success,0
4,0,0,15.928846874788706,0,0,0,3.5040401737579554,0,0.5318937553936969,brute_force,1
0,1,0,29.14693117254533,0,0,0,0.0,1,0.8139365477527716,benign_single_use,0
0,2,0,90.23931701403139,0,0,0,0.0,0,0.8965254365052153,replay_attempt,1
0,2,0,77.6330859583264,0,0,0,0.0,1,0.954278259507187,replay_attempt,1
9,0,0,39.46881732998816,0,0,0,4.486764840265537,0,0.9553949449632659,brute_force,1
0,1,0,54.22802079843828,0,0,0,0.0,0,0.41710385988296056,benign_sms_normal,0
0,1,0,331.3470780617078,0,0,1,0.0,1,0.8073153529159045,late_verify,1
0,1,0,326.1320526834579,0,0,1,0.0,1,0.4322722689537807,late_verify,1
0,1,0,33.091606771168316,0,0,0,0.0,1,0.36309588742678667,benign_single_use,0
0,1,0,79.49355381382473,0,0,0,0.0,0,0.5167002502209826,benign_sms_normal,0
2,0,0,17.547224693471215,0,0,0,8.408851053819445,0,0.6252218110351254,benign_retry_then_success,0
1,0,0,6.337760945639653,0,0,0,0.0,0,0.4155550214614686,benign_retry_then_success,0
0,1,0,22.980570035572363,0,0,0,0.0,1,0.3618731647922482,benign_single_use,0
0,1,0,48.45163730401537,0,0,0,0.0,1,0.6587870387787738,benign_single_use,0
0,1,0,41.41272825473594,0,0,0,0.0,0,0.7414525681652241,benign_single_use,0
0,2,0,75.51461289687569,0,0,0,0.0,0,0.8546975702346249,replay_attempt,1
0,1,0,43.74520584183793,1,0,0,0.0,0,0.3547813053784991,cross_session,1
0,1,0,311.1119956219629,0,0,1,0.0,0,0.8852810492142982,late_verify,1
0,1,0,17.440388939113415,1,0,0,0.0,1,0.6673678313264426,cross_session,1
0,2,0,27.295691710484522,0,0,0,0.0,0,0.7887012488055996,replay_attempt,1
0,0,1,22.862384574896446,0,0,0,0.0,0,0.40746517665183923,stale_after_reissue,1
2,0,0,23.127267622488645,0,0,0,12.340325649338602,0,0.4914435013688088,benign_retry_then_success,0
0,1,0,22.18132967111205,0,0,0,0.0,0,0.4247447995363258,benign_single_use,0
0,1,0,13.659618476585537,0,0,0,0.0,0,0.7662696874973005,benign_single_use,0
0,1,0,395.9820266762798,0,0,1,0.0,1,0.6974292817888338,late_verify,1
0,2,0,40.3645623556225,0,0,0,0.0,0,0.6016194281875968,replay_attempt,1
1,1,0,17.587876392223333,0,0,0,0.0,1,0.8886611271091456,benign_retry_then_success,0
0,1,0,365.0630311206286,0,0,1,0.0,0,0.3217589260056212,late_verify,1
5,0,0,18.17232277880913,0,0,0,3.9546543813724235,1,0.5032164796953693,brute_force,1
0,1,1,47.02420443910029,0,1,0,0.0,0,0.8565191851073084,stale_after_reissue,1
0,1,0,40.3498923074033,0,0,0,0.0,0,0.7568396343989137,benign_single_use,0
0,1,1,89.23456253015709,0,1,0,0.0,1,0.8126233808607459,stale_after_reissue,1
0,1,0,334.7133948632322,0,0,1,0.0,1,0.5968119687098774,late_verify,1
2,1,0,23.576582611220537,0,0,0,10.24637473126013,0,0.8630043061136812,benign_retry_then_success,0
0,1,0,43.84342614257858,0,0,0,0.0,0,0.3570097368685725,benign_single_use,0
1,1,0,18.235440825751613,0,0,0,0.0,1,0.96447696987408,benign_retry_then_success,0
0,1,0,19.156316663203807,1,0,0,0.0,0,0.7340788402631382,cross_session,1
0,1,0,345.10476311917034,0,0,1,0.0,0,0.4425825443561259,late_verify,1
0,1,0,59.947200962805425,0,0,0,0.0,1,0.5886175088000642,benign_single_use,0
0,1,0,57.41108348443079,0,0,0,0.0,0,0.31398594696086884,benign_single_use,0
8,0,0,37.35043242047027,0,0,0,4.53963374265878,0,0.76432069556089,brute_force,1
2,0,0,24.536401021637758,0,0,0,10.440970879839146,1,0.5800465894925132,benign_retry_then_success,0
0,1,1,61.88115165178317,0,1,0,0.0,1,0.7934114275804831,stale_after_reissue,1
0,1,0,25.59023084951639,0,0,0,0.0,1,0.7679460032270453,benign_single_use,0
0,1,0,51.496379397538355,0,0,0,0.0,0,0.8739195852737907,benign_sms_normal,0
0,1,1,83.2942025314158,0,1,0,0.0,1,0.5704617553852648,stale_after_reissue,1
0,1,0,33.52859505620392,1,0,0,0.0,0,0.6813950235826225,cross_session,1
2,1,0,26.16816265842587,0,0,0,13.402104748966508,1,0.9460603938881222,benign_retry_then_success,0
0,1,0,35.803161192992675,0,0,0,0.0,0,0.6756305654706165,benign_single_use,0
0,2,0,77.24081505299904,0,0,0,0.0,0,0.7102765687400565,replay_attempt,1
0,1,0,6.981369875994655,0,0,0,0.0,1,0.6479634632646186,benign_single_use,0
0,1,0,40.7005879552927,0,0,0,0.0,0,0.6483879906318741,benign_single_use,0
0,1,0,11.208508354749508,0,0,0,0.0,0,0.4299603869321592,benign_sms_normal,0
0,0,1,14.779795522504854,0,0,0,0.0,0,0.4468324624293892,stale_after_reissue,1
0,1,0,405.21377594679797,0,0,1,0.0,0,0.506729303253713,late_verify,1
2,1,0,29.738700721862955,0,0,0,11.579002671179014,0,0.7153380877879782,benign_retry_then_success,0
0,1,0,14.010211864195144,0,0,0,0.0,0,0.5771771121632581,benign_sms_normal,0
0,1,0,12.135045879769805,1,0,0,0.0,0,0.7863588178741325,cross_session,1
0,1,0,9.969738218577987,1,0,0,0.0,1,0.6485772911450659,cross_session,1
1,0,0,4.7201066652396175,0,0,0,0.0,0,0.4014877732379998,benign_retry_then_success,0
0,1,0,21.743285152113938,0,0,0,0.0,1,0.3534532624308264,benign_sms_normal,0
0,1,0,12.666856071654385,1,0,0,0.0,1,0.6454389104342518,cross_session,1
0,1,0,12.423884281101593,0,0,0,0.0,1,0.6087130367329879,benign_sms_normal,0
1,0,0,7.464940938192305,0,0,0,0.0,0,0.45409175616316644,benign_retry_then_success,0
2,0,0,29.71064092876106,0,0,0,14.755460173491457,0,0.3564762648902655,benign_retry_then_success,0
0,1,0,5.776961620042002,1,0,0,0.0,0,0.3666635272018628,cross_session,1
0,1,0,33.87130942336525,0,0,0,0.0,0,0.4262476051441381,benign_sms_normal,0
0,1,0,402.3722748338388,0,0,1,0.0,0,0.4686840121841821,late_verify,1
0,1,0,15.127656943205036,0,0,0,0.0,1,0.6467104314700893,benign_single_use,0
0,0,1,38.672285737310865,0,0,0,0.0,0,0.4206570585949731,stale_after_reissue,1
0,1,0,7.365178790702808,0,0,0,0.0,1,0.6956036788871209,benign_single_use,0
1,1,0,12.48611433834544,0,0,0,0.0,1,0.8048891021467199,benign_retry_then_success,0
0,1,0,22.318316305262666,1,0,0,0.0,1,0.9316589441841994,cross_session,1
0,1,0,85.4858447463694,0,0,0,0.0,1,0.7563736422231597,benign_sms_normal,0
0,1,0,408.7171724806701,0,0,1,0.0,1,0.6576140044892302,late_verify,1
0,1,0,40.220625545471584,0,0,0,0.0,0,0.6822976453806744,benign_single_use,0
0,1,1,73.34925656084204,0,1,0,0.0,0,0.5651897898811761,stale_after_reissue,1
0,1,0,29.331427664552006,0,0,0,0.0,1,0.8274503944119269,benign_single_use,0
0,0,1,31.430793993940505,0,0,0,0.0,1,0.46904272445536477,stale_after_reissue,1
0,1,0,25.16982951048822,1,0,0,0.0,0,0.8022636728729318,cross_session,1
0,1,0,51.50913303024856,0,0,0,0.0,0,0.6140184656119942,benign_sms_normal,0
0,1,0,402.10920709108234,0,0,1,0.0,1,0.505126372102973,late_verify,1
0,1,0,73.00663588127986,0,0,0,0.0,0,0.9767739146575634,benign_sms_normal,0
0,1,0,18.73181174835147,0,0,0,0.0,1,0.7102958686217515,benign_sms_normal,0
0,1,0,20.472334563063562,0,0,0,0.0,0,0.7866503761420129,benign_single_use,0
0,2,0,31.884139653703816,0,0,0,0.0,1,0.7529831516514963,replay_attempt,1
4,0,0,12.294314963025844,0,0,0,3.7163189640606196,1,0.4919416816053799,brute_force,1
0,1,0,50.91206594830748,0,0,0,0.0,0,0.9462564746887314,benign_sms_normal,0
0,1,0,38.93626005883084,0,0,0,0.0,1,0.35127219031728596,benign_single_use,0
0,0,1,47.06471215957121,0,0,0,0.0,0,0.43051870523620434,stale_after_reissue,1
0,1,0,22.776400922103058,0,0,0,0.0,0,0.7137543318676848,benign_single_use,0
2,1,0,31.30790263100132,0,0,0,6.540481685958458,0,0.6918059920443844,benign_retry_then_success,0
0,1,0,10.251587657756962,0,0,0,0.0,0,0.798400718782436,benign_single_use,0
0,1,1,87.4206333793264,0,1,0,0.0,1,0.5251356367534721,stale_after_reissue,1
0,1,0,32.51735879307087,0,0,0,0.0,1,0.48751292145408254,replay_attempt,1
0,2,0,66.66850118876063,0,0,0,0.0,1,0.6384849877015202,replay_attempt,1
0,2,0,70.42653443201736,0,0,0,0.0,1,0.9975536817441912,replay_attempt,1
0,1,0,362.73369940274074,0,0,1,0.0,0,0.6354913676073746,late_verify,1
0,1,0,388.0055858520591,0,0,1,0.0,1,0.7387713652912119,late_verify,1
0,0,1,33.06792543916538,0,0,0,0.0,0,0.31425793157906434,stale_after_reissue,1
2,1,0,31.74561147642929,0,0,0,12.54850346550006,0,0.6702812658390707,benign_retry_then_success,0
0,0,1,31.09288246909542,0,0,0,0.0,0,0.32186868529345486,stale_after_reissue,1
0,1,0,28.929826296686375,0,0,0,0.0,1,0.5909747351785639,benign_single_use,0
0,1,0,29.09147296989023,1,0,0,0.0,0,0.6317891311203636,cross_session,1
0,1,0,301.7526330215285,0,0,1,0.0,1,0.9353871324768956,late_verify,1
0,1,0,16.405508138165978,0,0,0,0.0,1,0.6666476585589127,benign_single_use,0
1,0,0,7.7563180075490425,0,0,0,0.0,0,0.3135843053458122,benign_retry_then_success,0
0,2,0,53.96954867365247,0,0,0,0.0,0,0.9734100546732019,replay_attempt,1
0,1,0,30.080107676687618,0,0,0,0.0,0,0.8523372957250026,benign_sms_normal,0
0,1,1,97.82630512032247,0,1,0,0.0,1,0.7577910398257819,stale_after_reissue,1
0,2,0,40.58433768710913,0,0,0,0.0,0,0.6390209120798374,replay_attempt,1
11,0,0,30.55008080666315,0,0,0,2.9029407368627025,1,0.9192270018551962,brute_force,1
0,1,0,313.1811079106982,0,0,1,0.0,0,0.4435354189662283,late_verify,1
0,1,0,57.2263370612441,0,0,0,0.0,1,0.8223269104305879,benign_sms_normal,0
0,1,0,21.155175361691146,0,0,0,0.0,1,0.3431367988643284,benign_sms_normal,0
3,0,0,10.526587748512455,0,0,0,3.015116851721382,1,0.3498181757835256,brute_force,1
0,1,0,20.447013264013727,0,0,0,0.0,0,0.309866251823299,benign_sms_normal,0
0,1,0,319.1847784222127,0,0,1,0.0,0,0.45288793318368215,late_verify,1
0,1,0,14.705170916589472,0,0,0,0.0,1,0.47904645739749524,replay_attempt,1
0,1,0,304.8981104013797,0,0,1,0.0,1,0.8126228955174706,late_verify,1
0,1,0,19.608895959664885,0,0,0,0.0,1,0.5690146613727702,benign_sms_normal,0
0,1,0,50.64499476557245,0,0,0,0.0,1,0.7587147950051033,benign_sms_normal,0
0,1,0,357.677860626958,0,0,1,0.0,1,0.6561551971414369,late_verify,1
8,0,0,23.394251541600227,0,0,0,2.588828979967515,1,0.8923270705414914,brute_force,1
0,1,0,7.590877275595199,0,0,0,0.0,0,0.6256176950857901,benign_sms_normal,0
0,1,0,57.75437964868765,0,0,0,0.0,1,0.49819455347125774,replay_attempt,1
2,1,0,30.002895454477063,0,0,0,8.074993716514498,1,0.8551556028865148,benign_retry_then_success,0
0,1,1,89.65780005144154,0,1,0,0.0,1,0.864846084473941,stale_after_reissue,1
0,2,0,24.69409359608438,0,0,0,0.0,0,0.8997156791057432,replay_attempt,1
0,1,0,64.50086309573105,0,0,0,0.0,0,0.30514369734498387,benign_sms_normal,0
0,1,0,12.136645453978527,1,0,0,0.0,0,0.9276248385032038,cross_session,1
0,2,0,65.26143870517274,0,0,0,0.0,0,0.9959950717410886,replay_attempt,1
0,1,0,308.76799090296055,0,0,1,0.0,0,0.3524451873816281,late_verify,1
0,1,0,73.81423219782775,0,0,0,0.0,1,0.582073919239354,benign_sms_normal,0
2,1,0,29.314656696607827,0,0,0,11.256740797215242,0,0.7997024795448473,benign_retry_then_success,0
0,1,0,6.0383143478048185,0,0,0,0.0,0,0.3879375318861583,benign_sms_normal,0
1,1,0,24.809144205748506,0,0,0,0.0,1,0.6642486301758275,benign_retry_then_success,0
0,1,0,26.980139039173086,0,0,0,0.0,1,0.8738169781976517,benign_sms_normal,0
0,1,0,56.41164330751784,0,0,0,0.0,0,0.8515019664237089,benign_single_use,0
0,1,1,76.63836710823985,0,1,0,0.0,1,0.6855821655211866,stale_after_reissue,1
1,0,0,5.418620366092705,0,0,0,0.0,1,0.34116074047644834,benign_retry_then_success,0
0,1,0,83.23080071005842,0,0,0,0.0,0,0.37123792142586415,benign_sms_normal,0
0,1,0,309.0467809078861,0,0,1,0.0,1,0.6318393511494707,late_verify,1
0,1,0,6.549641204063609,0,0,0,0.0,1,0.3174634030946555,benign_sms_normal,0
0,1,0,73.98572329071635,0,0,0,0.0,1,0.38919866975081974,benign_sms_normal,0
0,1,0,17.886258044655804,0,0,0,0.0,1,0.8111496146014117,benign_single_use,0
0,1,0,47.13183736302272,1,0,0,0.0,1,0.9140227564652414,cross_session,1
5,0,0,14.258190537023662,0,0,0,3.0859186542725627,0,0.46994528982257433,brute_force,1
6,0,0,21.26185088102867,0,0,0,3.0735615217586933,1,0.6584293534244181,brute_force,1
0,1,0,14.3333312733026,0,0,0,0.0,1,0.8065164465219747,benign_single_use,0
0,1,0,407.6579269923618,0,0,1,0.0,0,0.3183465495841662,late_verify,1
5,0,0,18.78612332469247,0,0,0,4.165185173954878,1,0.7073991078191918,brute_force,1
0,1,0,33.54117393831776,1,0,0,0.0,0,0.7573766396551853,cross_session,1
0,1,1,41.610207577377324,0,1,0,0.0,0,0.8295611073517386,stale_after_reissue,1
0,1,0,48.890432018652234,0,0,0,0.0,1,0.8226206748385851,benign_single_use,0
4,0,0,15.79355096503181,0,0,0,4.1506207503575805,0,0.4054569302030391,brute_force,1
2,0,0,12.58427324209407,0,0,0,3.167672633021551,0,0.6574624422179279,benign_retry_then_success,0
0,1,0,14.917129529734742,1,0,0,0.0,0,0.7295157564012776,cross_session,1
0,1,0,25.859627282245008,0,0,0,0.0,0,0.4307223523688528,benign_single_use,0
5,0,0,17.216398214168674,0,0,0,4.016809418525937,0,0.697152391309841,brute_force,1
0,1,0,25.084658628942076,0,0,0,0.0,1,0.5074712421551086,benign_sms_normal,0
0,1,0,22.30783248090557,0,0,0,0.0,0,0.9145396436116049,benign_single_use,0
0,1,0,14.319004390326782,0,0,0,0.0,1,0.620640979132902,benign_sms_normal,0
0,1,0,35.50957382322724,1,0,0,0.0,0,0.31418113201242226,cross_session,1
0,1,0,58.55152402453361,0,0,0,0.0,1,0.7573833684025495,benign_single_use,0
0,1,0,340.7785359940114,0,0,1,0.0,0,0.40428447692566477,late_verify,1
0,1,0,306.34802701759565,0,0,1,0.0,1,0.8771517973843117,late_verify,1
8,0,0,26.370894974737848,0,0,0,3.3907200974797598,1,0.9339321779472414,brute_force,1
0,1,0,7.227442356335224,1,0,0,0.0,0,0.6469577822033323,cross_session,1
0,1,1,50.29204007038846,0,1,0,0.0,1,0.8799478637875409,stale_after_reissue,1
0,1,0,59.05313754108656,0,0,0,0.0,0,0.8532892878419007,benign_sms_normal,0
0,1,0,78.47828246394675,0,0,0,0.0,0,0.49614063371699824,benign_sms_normal,0
0,1,0,29.512869790204427,0,0,0,0.0,0,0.6735339537579074,benign_sms_normal,0
0,1,0,77.28665068134113,0,0,0,0.0,1,0.9972890803470249,benign_sms_normal,0
0,1,1,54.445169215249464,0,1,0,0.0,0,0.6457368202080793,stale_after_reissue,1
0,1,0,47.380761653180485,0,0,0,0.0,1,0.31319610532656733,benign_single_use,0
9,0,0,27.851559052648412,0,0,0,3.0686976396479118,1,0.914198955451472,brute_force,1
0,1,1,48.5280499530643,0,1,0,0.0,1,0.5089795741264976,stale_after_reissue,1
2,1,0,24.263446089538515,0,0,0,7.965597718609771,1,0.8953933605107189,benign_retry_then_success,0
1,0,0,11.69030042099012,0,0,0,0.0,1,0.46405664274654257,benign_retry_then_success,0
0,2,0,61.434098446369006,0,0,0,0.0,1,0.757781202701852,replay_attempt,1
5,0,0,15.647480943421858,0,0,0,3.549301438627765,1,0.5488633130446724,brute_force,1
0,1,0,18.8737932036926,1,0,0,0.0,1,0.8079958770164202,cross_session,1
3,0,0,9.803279868541878,0,0,0,2.693448397976086,0,0.31713840902732726,brute_force,1
2,0,0,12.202367289011537,0,0,0,6.290862866704062,1,0.4122777635392564,benign_retry_then_success,0
8,0,0,26.611003486814116,0,0,0,3.632171453959619,1,0.642460347032993,brute_force,1
7,0,0,34.40647551844227,0,0,0,4.908911345527378,0,0.647716446502645,brute_force,1
0,2,0,26.18060864490275,0,0,0,0.0,1,0.9846299182839462,replay_attempt,1
4,0,0,15.374699733827025,0,0,0,4.239126774639832,0,0.5252804187876123,brute_force,1
0,2,0,49.83466333581395,0,0,0,0.0,1,0.9048970737743725,replay_attempt,1
1,1,0,15.481758762704045,0,0,0,0.0,0,0.5007419475322064,benign_retry_then_success,0
8,0,0,29.915324671364566,0,0,0,3.811763031539575,0,0.8946232730509127,brute_force,1
0,1,0,15.732874302479251,0,0,0,0.0,0,0.49105360872485926,replay_attempt,1
1,0,0,6.255288872495896,0,0,0,0.0,1,0.3371226601703191,benign_retry_then_success,0
0,1,0,14.671736210455327,1,0,0,0.0,0,0.45464950354903866,cross_session,1
4,0,0,12.902348888072838,0,0,0,3.1778367096383247,0,0.5170017023397528,brute_force,1
0,1,0,76.7751514660357,0,0,0,0.0,0,0.8618521589751638,benign_sms_normal,0
0,1,0,27.920273964172456,0,0,0,0.0,1,0.9090667727296404,benign_single_use,0
1,1,0,14.759669821087975,0,0,0,0.0,1,0.7802905170019478,benign_retry_then_success,0
0,1,0,43.65538986042546,0,0,0,0.0,1,0.35815794228443604,benign_sms_normal,0
1,1,0,19.814918595124176,0,0,0,0.0,0,0.9124280403308125,benign_retry_then_success,0
0,1,0,21.856420752521895,1,0,0,0.0,1,0.32444105427592257,cross_session,1
0,1,0,61.10999887997261,0,0,0,0.0,0,0.39959808498961463,benign_sms_normal,0
0,1,0,9.26534208438065,0,0,0,0.0,0,0.9122447882900577,benign_single_use,0
0,1,0,8.957697896946833,0,0,0,0.0,1,0.832050247080478,benign_sms_normal,0
0,1,0,34.5690062462908,0,0,0,0.0,1,0.49985629418329136,benign_sms_normal,0
0,1,0,52.11163474320548,1,0,0,0.0,0,0.8100155497765291,cross_session,1
1,1,0,24.978511311726805,0,0,0,0.0,1,0.5799658617472436,benign_retry_then_success,0
0,1,0,45.67194224202621,0,0,0,0.0,0,0.6674372659684396,benign_sms_normal,0
0,1,0,88.08800865095914,0,0,0,0.0,1,0.6110563138467626,benign_sms_normal,0
0,1,0,12.36389881563499,1,0,0,0.0,1,0.507857116472406,cross_session,1
0,1,0,41.37101237023601,0,0,0,0.0,0,0.4171500885177342,benign_sms_normal,0
2,1,0,30.108044294157814,0,0,0,10.34273545610483,0,0.6968504309206828,benign_retry_then_success,0
0,1,0,37.470306395123636,0,0,0,0.0,1,0.6546277978318974,benign_single_use,0
1,1,0,15.72479291241385,0,0,0,0.0,0,0.7287118607378963,benign_retry_then_success,0
0,1,0,33.61159785306893,0,0,0,0.0,0,0.862993782944302,benign_sms_normal,0
0,1,0,27.551634254067157,0,0,0,0.0,0,0.5215220996906728,benign_single_use,0
5,0,0,18.116281144140885,0,0,0,3.9832254091764483,1,0.7468379746667639,brute_force,1
1,0,0,12.349662184123329,0,0,0,0.0,0,0.35011111150634117,benign_retry_then_success,0
0,1,0,29.37478929849083,0,0,0,0.0,0,0.7319900043792522,benign_single_use,0
0,1,0,21.717190234505185,0,0,0,0.0,1,0.6708604276352297,benign_sms_normal,0
0,1,0,31.539559818502205,0,0,0,0.0,0,0.9468872542889508,benign_single_use,0
1,1,0,18.655866919191375,0,0,0,0.0,0,0.9524794138598203,benign_retry_then_success,0
2,0,0,23.151459765555344,0,0,0,9.087887755116833,1,0.49074201448203925,benign_retry_then_success,0
0,1,0,326.5071069967862,0,0,1,0.0,0,0.7965890405429272,late_verify,1
0,1,1,29.108617101765677,0,1,0,0.0,1,0.6126068051233313,stale_after_reissue,1
0,0,1,28.683544636445873,0,0,0,0.0,1,0.49296580365101633,stale_after_reissue,1
0,1,0,31.232304121800617,0,0,0,0.0,1,0.9983540158850572,benign_sms_normal,0
0,2,0,93.16674981335701,0,0,0,0.0,0,0.5232289631883409,replay_attempt,1
0,1,0,317.28298229646975,0,0,1,0.0,1,0.7791859970651187,late_verify,1
1,1,0,20.75534447753543,0,0,0,0.0,1,0.5210820395619364,benign_retry_then_success,0
0,1,0,31.356729555307197,0,0,0,0.0,1,0.8898544684693743,benign_single_use,0
2,1,0,17.609065236262595,0,0,0,3.552778801226294,1,0.870342743962734,benign_retry_then_success,0
0,1,0,39.73106524831628,0,0,0,0.0,1,0.7162918703423202,benign_sms_normal,0
2,1,0,29.474168256621986,0,0,0,11.171599201501909,0,0.9584276987172908,benign_retry_then_success,0
5,0,0,17.72244566493219,0,0,0,3.885144496971817,0,0.765432575329034,brute_force,1
0,1,0,39.18437342743737,0,0,0,0.0,1,0.42524734995951485,benign_sms_normal,0
0,1,0,71.87938479509606,0,0,0,0.0,0,0.9362811038849186,benign_sms_normal,0
1,1,0,23.069231128268825,0,0,0,0.0,0,0.5325489451464636,benign_retry_then_success,0
0,1,0,5.5914544680014036,0,0,0,0.0,1,0.4092058434792568,replay_attempt,1
0,1,0,28.373993622170445,0,0,0,0.0,1,0.4924521843792672,benign_single_use,0
4,0,0,10.159405575767591,0,0,0,2.550699078609169,0,0.3877282068421155,brute_force,1
0,0,1,30.467574371391937,0,0,0,0.0,0,0.31628230808523744,stale_after_reissue,1
5,0,0,18.551663734384732,0,0,0,3.280143041859428,0,0.47117560302626416,brute_force,1
6,0,0,19.63516783758369,0,0,0,3.2077196601010463,1,0.7177861341853125,brute_force,1
0,1,0,341.4957765963169,0,0,1,0.0,1,0.9018950398058738,late_verify,1
0,1,0,64.07826296384306,0,0,0,0.0,1,0.5756843293295155,benign_sms_normal,0
1,0,0,6.366290464973873,0,0,0,0.0,1,0.48810060407646416,benign_retry_then_success,0
0,1,0,45.87718953542585,0,0,0,0.0,1,0.4546151843946781,benign_sms_normal,0
5,0,0,18.18993258154122,0,0,0,3.3069885868227393,1,0.38440420871119085,brute_force,1
1,1,0,21.18183787292402,0,0,0,0.0,0,0.8704315813364016,benign_retry_then_success,0
0,1,0,83.23404020160507,0,0,0,0.0,0,0.5855472160669395,benign_sms_normal,0
0,2,0,26.331067165795645,0,0,0,0.0,0,0.9158435192426095,replay_attempt,1
6,0,0,21.45966998392482,0,0,0,3.8758219417027933,0,0.7417197013131317,brute_force,1
0,0,1,44.83980521635407,0,0,0,0.0,1,0.43150250773626536,stale_after_reissue,1
1,1,0,24.94843426497907,0,0,0,0.0,1,0.6720533122899239,benign_retry_then_success,0
1,1,0,23.26418940333936,0,0,0,0.0,1,0.7837924101762701,benign_retry_then_success,0
6,0,0,19.923401694062314,0,0,0,3.5467704521481322,0,0.8002481128253189,brute_force,1
0,1,0,13.748946515512623,1,0,0,0.0,0,0.6404508962866332,cross_session,1
0,1,0,5.508140678018197,1,0,0,0.0,0,0.5593147138385636,cross_session,1
0,1,0,6.713569595466872,0,0,0,0.0,0,0.7348632247495644,benign_single_use,0
0,1,0,338.72794598622494,0,0,1,0.0,1,0.9109638723967783,late_verify,1
0,1,0,40.01785154101897,0,0,0,0.0,1,0.6255713499248672,benign_sms_normal,0
0,1,0,55.270258799803216,1,0,0,0.0,1,0.9374648295750305,cross_session,1
0,1,0,337.97809186539837,0,0,1,0.0,0,0.41243594236667575,late_verify,1
0,1,0,39.82081553855495,0,0,0,0.0,0,0.4327524670836872,benign_single_use,0
0,1,0,10.670470854692049,0,0,0,0.0,1,0.3048146077240331,benign_single_use,0
0,1,0,35.205588980259876,0,0,0,0.0,0,0.7168497941370826,benign_sms_normal,0
0,1,0,14.261430675495678,1,0,0,0.0,0,0.6298043945971059,cross_session,1
0,1,0,16.998205150856734,1,0,0,0.0,1,0.764049390392433,cross_session,1
0,1,0,14.164987866566092,1,0,0,0.0,1,0.3307007983925412,cross_session,1
7,0,0,24.26409837627022,0,0,0,3.335033199733251,1,0.6406969539004465,brute_force,1
1,1,0,27.112888832487357,0,0,0,0.0,1,0.9153794158656468,benign_retry_then_success,0
2,1,0,25.394266070456013,0,0,0,8.218609853057476,0,0.7144020212142093,benign_retry_then_success,0
0,1,1,56.53289504342326,0,1,0,0.0,0,0.6673566052333926,stale_after_reissue,1
0,1,0,15.899417629233959,0,0,0,0.0,1,0.9270115867856037,benign_single_use,0
0,0,1,46.96446481331694,0,0,0,0.0,1,0.4055209163932655,stale_after_reissue,1
0,1,1,43.142792381802664,0,1,0,0.0,0,0.9992240841280962,stale_after_reissue,1
0,1,0,13.751476089976002,1,0,0,0.0,1,0.9861712376931633,cross_session,1
0,1,0,28.192870513097574,0,0,0,0.0,0,0.3842000006092653,replay_attempt,1
0,2,0,58.09592939443489,0,0,0,0.0,1,0.7218484566280494,replay_attempt,1
2,1,0,16.29789191037067,0,0,0,6.624615112990222,0,0.9453449245420027,benign_retry_then_success,0
0,1,0,39.296633123647645,0,0,0,0.0,1,0.5502417227786845,benign_single_use,0
0,1,0,21.18776361591585,0,0,0,0.0,0,0.540552148010835,benign_single_use,0
0,1,0,32.81535279513955,1,0,0,0.0,0,0.989019808247287,cross_session,1
0,1,0,13.223145671913642,1,0,0,0.0,0,0.5449994628955808,cross_session,1
0,1,0,19.82928221964884,0,0,0,0.0,1,0.7069459152850301,benign_sms_normal,0
1,1,0,22.160140581255973,0,0,0,0.0,0,0.8487485750258164,benign_retry_then_success,0
8,0,0,30.0470388188332,0,0,0,3.9420981638126733,1,0.6942792927292167,brute_force,1
0,1,0,38.79217880853761,1,0,0,0.0,1,0.8778281832859336,cross_session,1
0,1,0,14.058837726997536,0,0,0,0.0,0,0.5016574510549486,benign_single_use,0
6,0,0,23.582072409533605,0,0,0,4.344661335838301,1,0.5147836879109882,brute_force,1
2,0,0,13.132913582157816,0,0,0,3.5023383048820573,0,0.4496727083545616,benign_retry_then_success,0
0,1,0,21.4805792993638,0,0,0,0.0,1,0.45365290566384014,replay_attempt,1
0,1,0,53.09780795122481,1,0,0,0.0,0,0.6500253504563477,cross_session,1
0,1,1,68.38723611060354,0,1,0,0.0,0,0.7350363902746008,stale_after_reissue,1
0,1,0,22.543327592045316,0,0,0,0.0,1,0.9505977835323312,benign_single_use,0
0,1,0,54.27469348867363,0,0,0,0.0,0,0.6383345092512956,benign_single_use,0
10,0,0,25.877171670574263,0,0,0,2.3983338377397647,1,0.9938400215433758,brute_force,1
2,0,0,18.767452327945268,0,0,0,10.78616320792333,1,0.5564605084366432,benign_retry_then_success,0
0,1,0,11.828250710087307,0,0,0,0.0,1,0.5322688376803932,benign_single_use,0
0,1,0,400.62801556853697,0,0,1,0.0,1,0.3327999158670085,late_verify,1
0,1,0,306.770855290364,0,0,1,0.0,0,0.4344799569744479,late_verify,1
0,1,1,74.21501507780175,0,1,0,0.0,0,0.5694387130407303,stale_after_reissue,1
6,0,0,20.704990438522636,0,0,0,3.886706999956614,0,0.7771275938361839,brute_force,1
0,1,0,381.3163249964566,0,0,1,0.0,0,0.9162484174089707,late_verify,1
0,1,0,34.282912392591484,0,0,0,0.0,1,0.8273167309174219,benign_sms_normal,0
0,1,0,19.151755995026676,0,0,0,0.0,1,0.42051051947879203,benign_single_use,0
0,0,1,14.356842308860756,0,0,0,0.0,0,0.336462142478783,stale_after_reissue,1
1,0,0,3.8781682869715146,0,0,0,0.0,1,0.4715701976345228,benign_retry_then_success,0
0,1,0,55.10422117237923,0,0,0,0.0,1,0.583320274069887,benign_single_use,0
5,0,0,10.583091642306659,0,0,0,2.3484402647727545,0,0.6095976555858471,brute_force,1
0,1,1,31.295345039789773,0,1,0,0.0,0,0.8601739105262072,stale_after_reissue,1
0,1,0,27.326941861838336,0,0,0,0.0,1,0.5835187085506844,benign_single_use,0
0,1,0,322.9126822165157,0,0,1,0.0,1,0.3753823856071029,late_verify,1
0,1,0,368.2145752163688,0,0,1,0.0,0,0.39709532221116645,late_verify,1
0,1,0,19.37140105632902,1,0,0,0.0,0,0.6225328864042536,cross_session,1
0,1,0,48.29814010735935,0,0,0,0.0,1,0.4410195935731409,benign_sms_normal,0
0,0,1,31.361757549478213,0,0,0,0.0,1,0.48068504975469056,stale_after_reissue,1
0,1,1,99.14231257059316,0,1,0,0.0,1,0.7214614782011844,stale_after_reissue,1
1,1,0,16.13758807212991,0,0,0,0.0,1,0.7095481292649978,benign_retry_then_success,0
0,1,0,25.265751182082838,0,0,0,0.0,1,0.33481713586474793,benign_single_use,0
0,1,0,404.51294905067755,0,0,1,0.0,0,0.9418696101032491,late_verify,1
2,0,0,26.40567031573442,0,0,0,12.902768605190706,0,0.5673127885181763,benign_retry_then_success,0
0,1,0,386.6423962070965,0,0,1,0.0,1,0.4244502753065422,late_verify,1
7,0,0,23.594988508142226,0,0,0,3.5136119827058465,1,0.613850430129921,brute_force,1
7,0,0,24.43786553939332,0,0,0,3.270976056811623,1,0.8081731010291737,brute_force,1
3,0,0,12.627371916993477,0,0,0,4.233112115775938,0,0.47563905026679526,brute_force,1
0,1,0,59.24757277924582,0,0,0,0.0,0,0.5415195907898303,benign_sms_normal,0
1,1,0,21.89794153845268,0,0,0,0.0,1,0.529700461224356,benign_retry_then_success,0
0,1,0,52.51037226450652,0,0,0,0.0,1,0.3288072400366802,benign_single_use,0
0,1,0,13.051440588741404,1,0,0,0.0,0,0.7215923987434549,cross_session,1
0,1,0,34.2235480964773,0,0,0,0.0,1,0.8360884799176838,benign_sms_normal,0
0,1,0,18.57158766024653,0,0,0,0.0,1,0.4125784536155202,benign_single_use,0
2,0,0,22.331005155254203,0,0,0,10.990244476274464,0,0.4939912186389756,benign_retry_then_success,0
0,1,0,52.781017669194334,1,0,0,0.0,1,0.7077008144455246,cross_session,1
0,1,0,10.900405173196072,0,0,0,0.0,0,0.8063866522137217,benign_sms_normal,0
0,1,0,325.2499355426608,0,0,1,0.0,0,0.9392512409560234,late_verify,1
4,0,0,19.396230873103963,0,0,0,5.047170418665009,1,0.399530209110519,brute_force,1
0,1,0,406.2552796244356,0,0,1,0.0,1,0.9662827140882282,late_verify,1
2,1,0,24.471115732555884,0,0,0,6.788362870058318,0,0.997918453147421,benign_retry_then_success,0
0,0,1,40.76167507999399,0,0,0,0.0,1,0.47893942077836277,stale_after_reissue,1
0,1,0,326.7515480304706,0,0,1,0.0,1,0.8803267790261777,late_verify,1
0,1,0,48.08774172086867,0,0,0,0.0,1,0.4322620253235321,benign_single_use,0
0,1,0,47.85070563039018,1,0,0,0.0,0,0.360199280144467,cross_session,1
0,1,0,56.16000608096238,0,0,0,0.0,0,0.6933144844251073,benign_single_use,0
2,0,0,16.769355358905248,0,0,0,8.204819684249784,0,0.5185260508247573,benign_retry_then_success,0
0,1,0,42.831038296122394,1,0,0,0.0,0,0.3285849181393168,cross_session,1
0,1,0,346.72075238133465,0,0,1,0.0,0,0.4025772807922324,late_verify,1
0,1,0,45.11427447236768,0,0,0,0.0,1,0.5482589032394553,benign_single_use,0
0,1,0,49.99621051890649,0,0,0,0.0,1,0.4873541145418967,benign_single_use,0
0,1,0,23.21596737434161,0,0,0,0.0,1,0.43211278804007375,benign_single_use,0
0,1,0,304.721992901702,0,0,1,0.0,0,0.971959693541079,late_verify,1
1,1,0,16.490694411049446,0,0,0,0.0,0,0.8498108156339195,benign_retry_then_success,0
0,1,0,56.285962823484105,0,0,0,0.0,0,0.7521926221421078,benign_single_use,0
0,2,0,80.86912293013269,0,0,0,0.0,0,0.5501162880140223,replay_attempt,1
0,1,1,67.95382493757371,0,1,0,0.0,0,0.8121709484274524,stale_after_reissue,1
0,1,0,16.23037518031023,0,0,0,0.0,1,0.9607633266673057,benign_single_use,0
0,1,0,316.37053933618535,0,0,1,0.0,0,0.868313277411175,late_verify,1
0,1,0,86.64508943189989,0,0,0,0.0,0,0.4893777400797912,benign_sms_normal,0
0,1,0,24.362229152388146,1,0,0,0.0,1,0.6761790378985384,cross_session,1
5,0,0,19.792879330949617,0,0,0,3.980142090813457,0,0.7521632996418197,brute_force,1
0,1,0,42.69233833305832,0,0,0,0.0,0,0.3774864183138461,benign_single_use,0
0,1,0,45.696895974999734,0,0,0,0.0,0,0.3386415632456498,benign_single_use,0
0,1,0,17.01844138661011,0,0,0,0.0,0,0.6628664530938781,benign_sms_normal,0
0,1,0,376.2759751545325,0,0,1,0.0,0,0.3440510090793826,late_verify,1
0,1,0,42.55920607717548,0,0,0,0.0,1,0.44671751382874353,replay_attempt,1
0,1,0,36.520287773783394,0,0,0,0.0,0,0.999204268274178,benign_single_use,0
0,1,1,47.507259541862496,0,1,0,0.0,0,0.9186860652690421,stale_after_reissue,1
0,1,0,53.42887369976253,0,0,0,0.0,1,0.4002251253402334,benign_single_use,0
5,0,0,16.98420433397588,0,0,0,3.6052872487636685,1,0.41984345957039804,brute_force,1
5,0,0,17.159922723477287,0,0,0,3.2574195843125597,1,0.7140413718557168,brute_force,1
0,1,0,30.744695980057624,0,0,0,0.0,1,0.528978579214813,benign_single_use,0
0,1,0,58.96115645911512,1,0,0,0.0,0,0.42323032392527893,cross_session,1
0,1,0,36.360617128441596,0,0,0,0.0,0,0.6105687021378903,benign_single_use,0
0,1,0,28.618286066184048,0,0,0,0.0,0,0.7714652957432024,benign_single_use,0
0,1,0,21.84904304477382,0,0,0,0.0,1,0.43872532157599725,benign_single_use,0
0,1,1,71.48281579742087,0,1,0,0.0,1,0.8890022958007131,stale_after_reissue,1
6,0,0,20.3338610519246,0,0,0,3.027160620845706,1,0.7189028211660482,brute_force,1
2,1,0,31.599508586363218,0,0,0,14.658913498896677,0,0.769644952387773,benign_retry_then_success,0
1,0,0,3.772187786099152,0,0,0,0.0,1,0.42326820048787445,benign_retry_then_success,0
2,0,0,13.627649803916388,0,0,0,6.99459150496856,0,0.4044900039688654,benign_retry_then_success,0
0,1,0,13.601952903775846,0,0,0,0.0,0,0.422278803444449,benign_sms_normal,0
0,1,0,26.005139511366696,0,0,0,0.0,1,0.7635881626819004,benign_sms_normal,0
0,0,1,53.35810203949877,0,0,0,0.0,1,0.3131254107153954,stale_after_reissue,1
0,1,0,78.33177912734945,0,0,0,0.0,1,0.5281937317909373,benign_sms_normal,0
0,1,0,42.220624621917736,0,0,0,0.0,0,0.8954834423637095,benign_single_use,0
0,1,0,384.09083060471363,0,0,1,0.0,1,0.5691948469916441,late_verify,1
0,1,0,44.41921544974766,1,0,0,0.0,1,0.9654118688343654,cross_session,1
0,1,0,21.204160818322045,1,0,0,0.0,1,0.6426701595313342,cross_session,1
0,1,0,395.1448416797862,0,0,1,0.0,0,0.7092292485510864,late_verify,1
2,1,0,32.55104053380144,0,0,0,13.98313501852885,0,0.7021273614899508,benign_retry_then_success,0
6,0,0,21.18585619770628,0,0,0,3.969867168872259,0,0.5008256766826197,brute_force,1
0,2,0,50.111905058191596,0,0,0,0.0,1,0.6083166416513868,replay_attempt,1
0,1,0,10.842755668164974,0,0,0,0.0,1,0.6100361819245808,benign_sms_normal,0
0,1,0,40.2905123401398,1,0,0,0.0,0,0.7301947589066826,cross_session,1
0,0,1,45.41673096917152,0,0,0,0.0,1,0.34128303927297277,stale_after_reissue,1
0,1,0,351.13155370563135,0,0,1,0.0,0,0.42584019545643825,late_verify,1
4,0,0,12.779451772450994,0,0,0,3.737788452471912,0,0.5740140645107882,brute_force,1
0,1,0,36.922569608888196,0,0,0,0.0,1,0.7358998098614,benign_sms_normal,0
0,2,0,42.010434359928965,0,0,0,0.0,0,0.604222998883027,replay_attempt,1
0,1,0,29.46954498817575,0,0,0,0.0,1,0.7135416240462744,benign_single_use,0
0,1,1,34.6501043557581,0,1,0,0.0,0,0.9383101078669136,stale_after_reissue,1
0,1,0,389.860260278724,0,0,1,0.0,0,0.5929715439256572,late_verify,1
1,1,0,10.07976903814153,0,0,0,0.0,0,0.787228672996865,benign_retry_then_success,0
0,2,0,81.02630192141837,0,0,0,0.0,0,0.8825984394375663,replay_attempt,1
0,1,0,344.0404763276359,0,0,1,0.0,1,0.6843984038199058,late_verify,1
0,1,0,54.708488944288376,1,0,0,0.0,1,0.41544078602602946,cross_session,1
10,0,0,29.191035072329402,0,0,0,2.9267540299623445,0,0.9244276612236237,brute_force,1
1,1,0,22.680292954065493,0,0,0,0.0,0,0.8246343403858127,benign_retry_then_success,0
0,1,0,54.53749348692337,0,0,0,0.0,0,0.8978621226425476,benign_single_use,0
1,1,0,7.925955254243719,0,0,0,0.0,0,0.8310206280023815,benign_retry_then_success,0
0,1,0,350.3312148667479,0,0,1,0.0,1,0.9327035371832153,late_verify,1
0,1,0,57.367415564999654,0,0,0,0.0,1,0.8405871822452207,benign_sms_normal,0
0,1,0,88.55546742147601,0,0,0,0.0,1,0.7802332532532837,benign_sms_normal,0
0,0,1,50.44350916597041,0,0,0,0.0,0,0.36883748681067274,stale_after_reissue,1
0,1,0,69.88789960217909,0,0,0,0.0,0,0.3450479972015777,benign_sms_normal,0
0,1,0,49.0247396775148,0,0,0,0.0,1,0.9170942399050674,benign_single_use,0
0,1,0,339.38183421072415,0,0,1,0.0,1,0.9344192332329537,late_verify,1
0,1,0,53.75202305560242,0,0,0,0.0,0,0.7765758147452455,benign_single_use,0
0,1,0,18.251609586587655,0,0,0,0.0,1,0.9666077584359418,benign_sms_normal,0
0,1,0,409.7732090588477,0,0,1,0.0,1,0.56652708228624,late_verify,1
0,1,0,40.21873416184662,1,0,0,0.0,1,0.8514269032061721,cross_session,1
0,1,0,10.74936213276047,0,0,0,0.0,0,0.42819824209484614,benign_sms_normal,0
0,1,0,58.27577603574744,0,0,0,0.0,1,0.32575958028008256,replay_attempt,1
0,1,0,46.408719201180695,1,0,0,0.0,0,0.3601362334649709,cross_session,1
0,1,0,12.85782901974716,1,0,0,0.0,1,0.6452465330074553,cross_session,1
0,1,0,9.401068403963526,0,0,0,0.0,0,0.9376250648109357,benign_single_use,0
1,1,0,16.599389175436286,0,0,0,0.0,1,0.5508851047514669,benign_retry_then_success,0
0,2,0,54.69414917473958,0,0,0,0.0,1,0.8609221283511035,replay_attempt,1
0,1,0,49.796874189851906,0,0,0,0.0,1,0.45641123171088716,benign_sms_normal,0
2,1,0,25.326377578736945,0,0,0,11.687127354637004,0,0.9968683253433592,benign_retry_then_success,0
0,1,0,30.5749904026932,0,0,0,0.0,1,0.47049798906388973,replay_attempt,1
0,1,0,74.24663261686618,0,0,0,0.0,1,0.8682418547688102,benign_sms_normal,0
0,1,0,50.099447127832505,0,0,0,0.0,0,0.39271597870094305,replay_attempt,1
0,1,0,39.40052488251081,0,0,0,0.0,1,0.6635632820339642,benign_single_use,0
0,1,0,379.491252467675,0,0,1,0.0,1,0.5773027215618101,late_verify,1
4,0,0,16.80145088254417,0,0,0,4.000024819704143,1,0.3522851840232063,brute_force,1
0,1,0,363.31163317581746,0,0,1,0.0,1,0.8556592843548338,late_verify,1
0,1,0,16.104897019228986,1,0,0,0.0,0,0.5455137662202949,cross_session,1
2,0,0,24.79725753548285,0,0,0,11.651018280944118,1,0.5563519593601802,benign_retry_then_success,0
0,1,0,18.649453301929178,0,0,0,0.0,0,0.6677708529962927,benign_single_use,0
4,0,0,13.17036388612225,0,0,0,3.559497977598862,1,0.4389075356425836,brute_force,1
0,1,0,23.305367427330452,1,0,0,0.0,0,0.48951497798059873,cross_session,1
4,0,0,14.750602601785648,0,0,0,3.101538058404104,0,0.47588448549452617,brute_force,1
0,1,0,36.977383696077396,0,0,0,0.0,1,0.6596029788169376,benign_single_use,0
6,0,0,21.089473418883053,0,0,0,3.416256314637748,1,0.5025912934892183,brute_force,1
1,1,0,13.720897048305394,0,0,0,0.0,0,0.7251698174006481,benign_retry_then_success,0
1,0,0,6.3721512900183415,0,0,0,0.0,0,0.45644903475187526,benign_retry_then_success,0
4,0,0,8.765750488272035,0,0,0,1.7677504149605239,1,0.3192833349040193,brute_force,1
0,1,0,314.8758814226535,0,0,1,0.0,1,0.8885446692583023,late_verify,1
1,0,0,12.998940465615892,0,0,0,0.0,1,0.39685948502552243,benign_retry_then_success,0
0,1,0,405.88525581822523,0,0,1,0.0,1,0.7448004909537584,late_verify,1
0,1,0,21.072930837260817,0,0,0,0.0,1,0.39357636648621347,benign_single_use,0
0,1,0,34.09558300404622,0,0,0,0.0,1,0.4848984645070183,replay_attempt,1
2,0,0,25.751774064297987,0,0,0,13.425620270322643,1,0.6260259672005517,benign_retry_then_success,0
0,1,0,389.8760571532275,0,0,1,0.0,0,0.5116401784995981,late_verify,1
1,1,0,25.640060716951275,0,0,0,0.0,0,0.9142170403270689,benign_retry_then_success,0
0,1,0,18.6278677941832,0,0,0,0.0,0,0.5166035802331446,benign_single_use,0
5,0,0,18.389379989143865,0,0,0,3.656518302156408,0,0.7160259913511262,brute_force,1
0,1,0,74.36982613100902,0,0,0,0.0,0,0.3260924215951271,benign_sms_normal,0
0,1,0,41.70859365714544,0,0,0,0.0,0,0.55785975781546,benign_single_use,0
0,1,0,34.49763154080517,0,0,0,0.0,1,0.6190185115596458,benign_sms_normal,0
2,0,0,7.356454447306032,0,0,0,4.2053218155760135,1,0.31010436194531543,brute_force,1
0,1,0,22.072091246653777,0,0,0,0.0,1,0.7860681096274855,benign_single_use,0
0,1,0,47.50378926613428,0,0,0,0.0,0,0.5005340269757859,benign_single_use,0
2,1,0,20.613679098217204,0,0,0,3.561659301785646,1,0.9967863430811501,benign_retry_then_success,0
0,1,0,69.23420330106146,0,0,0,0.0,1,0.5414662822740461,benign_sms_normal,0
0,1,0,61.60274955121193,0,0,0,0.0,0,0.6506081106687382,benign_sms_normal,0
1,0,0,7.038524110649076,0,0,0,0.0,0,0.3299067276063004,benign_retry_then_success,0
2,1,0,24.351836979618135,0,0,0,4.298765242042418,1,0.9743655448029649,benign_retry_then_success,0
0,1,0,36.983863269625154,0,0,0,0.0,1,0.7064743679564682,benign_sms_normal,0
0,2,0,85.48412143882774,0,0,0,0.0,1,0.6188334649092164,replay_attempt,1
0,1,0,13.603585541835088,0,0,0,0.0,1,0.34267083372849916,benign_single_use,0
0,1,1,92.58608352413533,0,1,0,0.0,0,0.8479848877680125,stale_after_reissue,1
0,1,0,64.77534873702184,0,0,0,0.0,0,0.30709629839848973,benign_sms_normal,0
0,0,1,11.626499227651472,0,0,0,0.0,1,0.40948850647395874,stale_after_reissue,1
0,1,0,85.64565444244305,0,0,0,0.0,1,0.9852833810552872,benign_sms_normal,0
4,0,0,17.69895676344907,0,0,0,4.102347686274722,1,0.3144440016227832,brute_force,1
0,1,0,79.51586581097169,0,0,0,0.0,1,0.9386365505454461,benign_sms_normal,0
0,1,0,28.422660699648464,0,0,0,0.0,1,0.6173235582846048,benign_single_use,0
0,1,0,71.2365145675858,0,0,0,0.0,0,0.997666926699412,benign_sms_normal,0
3,0,0,6.774954218786578,0,0,0,1.905597376340281,0,0.31936492663441834,brute_force,1
0,1,0,36.37656416424214,0,0,0,0.0,1,0.8657293670265473,benign_single_use,0
0,1,0,39.93122610862342,0,0,0,0.0,1,0.5822002767156254,benign_single_use,0
0,1,0,23.282832364928094,0,0,0,0.0,1,0.9090181165999964,benign_single_use,0
0,1,0,17.440774497499085,0,0,0,0.0,0,0.5021607467710458,benign_single_use,0
0,0,1,7.76902154300577,0,0,0,0.0,0,0.4280922534688081,stale_after_reissue,1
0,1,1,72.08958393257467,0,1,0,0.0,1,0.5504121727910143,stale_after_reissue,1
0,1,1,19.471618598514063,0,1,0,0.0,0,0.7008928951532356,stale_after_reissue,1
0,1,0,312.3956603713203,0,0,1,0.0,0,0.8602639220377675,late_verify,1
4,0,0,10.303510814462511,0,0,0,2.5201262325549725,0,0.5621846368788147,brute_force,1
0,1,0,40.10907464689847,0,0,0,0.0,0,0.39772195005037436,benign_single_use,0
5,0,0,25.280188573129426,0,0,0,5.014134570931021,1,0.4828204588116135,brute_force,1
0,1,0,27.637220255730877,0,0,0,0.0,1,0.8338696009832587,benign_single_use,0
1,0,0,13.35781836193017,0,0,0,0.0,1,0.339158611782115,benign_retry_then_success,0
0,1,0,23.793736240992665,1,0,0,0.0,0,0.34641897233468244,cross_session,1
0,1,0,18.473947244458927,1,0,0,0.0,0,0.30379385987273855,cross_session,1
6,0,0,18.466801719453898,0,0,0,3.2058640550941133,0,0.9698220202213343,brute_force,1
0,0,1,29.47694127073426,0,0,0,0.0,1,0.40969591939992567,stale_after_reissue,1
0,1,0,59.4145560892012,0,0,0,0.0,0,0.7284575784313272,benign_sms_normal,0
0,1,0,339.8366035223165,0,0,1,0.0,0,0.942896613528345,late_verify,1
0,2,0,78.6555345973803,0,0,0,0.0,1,0.5509189518027933,replay_attempt,1
0,1,0,10.336669829334715,1,0,0,0.0,1,0.615896351096163,cross_session,1
1,1,0,25.45002960075103,0,0,0,0.0,0,0.6932928629461782,benign_retry_then_success,0
0,1,0,53.4957312482313,0,0,0,0.0,0,0.9241030434368322,benign_sms_normal,0
0,1,0,355.7643358536297,0,0,1,0.0,1,0.5419879214556006,late_verify,1
0,1,1,85.58989798006401,0,1,0,0.0,1,0.5745436428099405,stale_after_reissue,1
7,0,0,24.11707684130453,0,0,0,3.027325495743676,1,0.7623974552452574,brute_force,1
0,1,1,61.797497855903494,0,1,0,0.0,0,0.7360122597998545,stale_after_reissue,1
0,1,0,400.9347272388856,0,0,1,0.0,1,0.39525061828340885,late_verify,1
0,1,1,33.53244664997587,0,1,0,0.0,1,0.8517533293998063,stale_after_reissue,1
2,1,0,32.92815685115279,0,0,0,9.07104016109837,0,0.6911555086069177,benign_retry_then_success,0
1,1,0,18.877457268250545,0,0,0,0.0,0,0.502934639750833,benign_retry_then_success,0
0,1,0,76.91429226017101,0,0,0,0.0,0,0.32263020609138293,benign_sms_normal,0
0,1,0,55.88846389289526,0,0,0,0.0,0,0.47337460048311364,benign_sms_normal,0
0,1,0,34.33634004592211,0,0,0,0.0,0,0.7869323864679005,benign_single_use,0
0,1,0,29.456023366026763,0,0,0,0.0,1,0.45118540435562393,benign_single_use,0
0,1,0,13.026462772993536,0,0,0,0.0,1,0.656824421323006,benign_single_use,0
0,1,1,50.368232958884654,0,1,0,0.0,1,0.6036245516102219,stale_after_reissue,1
2,0,0,18.529815561463074,0,0,0,5.707828714940582,1,0.35256256644323364,benign_retry_then_success,0
2,0,0,22.848983350902618,0,0,0,9.790978941589863,0,0.4240869543318637,benign_retry_then_success,0
4,0,0,14.796457139699053,0,0,0,4.320422034164207,0,0.4433039715347887,brute_force,1
3,0,0,15.41681666213811,0,0,0,4.926658354214851,0,0.3968819593113413,brute_force,1
1,0,0,8.439432899617834,0,0,0,0.0,0,0.3522407418185182,benign_retry_then_success,0
0,1,1,10.681472097438213,0,1,0,0.0,1,0.6229210262117207,stale_after_reissue,1
0,1,0,6.419934681630874,0,0,0,0.0,1,0.32477267965408496,benign_single_use,0
0,1,0,16.55908393707714,1,0,0,0.0,1,0.7594919865625134,cross_session,1
0,1,0,70.42908612946033,0,0,0,0.0,0,0.4878948525729002,benign_sms_normal,0
0,1,0,12.364331345101919,0,0,0,0.0,0,0.8870409883553969,benign_sms_normal,0
2,1,0,35.32607828784147,0,0,0,7.014069119288047,1,0.8037815167452229,benign_retry_then_success,0
0,2,0,66.51035585384582,0,0,0,0.0,1,0.8572114744641164,replay_attempt,1
0,1,0,40.44054404981677,1,0,0,0.0,1,0.4952026707667414,cross_session,1
0,1,0,47.463907160467315,0,0,0,0.0,1,0.6650409789734304,benign_sms_normal,0
1,1,0,15.38357931632341,0,0,0,0.0,0,0.8940308474034457,benign_retry_then_success,0
0,1,1,55.111036945531296,0,1,0,0.0,0,0.892164301017015,stale_after_reissue,1
0,1,0,63.80805528764824,0,0,0,0.0,1,0.654081767589568,benign_sms_normal,0
0,1,0,43.85693452303785,0,0,0,0.0,1,0.6421183495355061,benign_single_use,0
0,1,0,346.042284982147,0,0,1,0.0,1,0.9056682450500513,late_verify,1
0,1,0,37.866639351350194,0,0,0,0.0,0,0.42900094356442314,benign_single_use,0
0,2,0,38.661020645634,0,0,0,0.0,1,0.6057912894327441,replay_attempt,1
0,1,1,62.23690377449102,0,1,0,0.0,1,0.8223916694502162,stale_after_reissue,1
0,1,0,23.532125236439047,1,0,0,0.0,0,0.405643828730574,cross_session,1
2,0,0,27.436747047366545,0,0,0,13.569635256453358,1,0.49884633454223737,benign_retry_then_success,0
0,2,0,87.13669478523873,0,0,0,0.0,1,0.6463939931131095,replay_attempt,1
0,1,0,410.39304209804044,0,0,1,0.0,1,0.8342510277805077,late_verify,1
0,1,0,20.048358515601628,1,0,0,0.0,0,0.6499171653107139,cross_session,1
0,1,0,32.93812138974792,0,0,0,0.0,0,0.6304394351748057,benign_single_use,0
5,0,0,16.549496372258258,0,0,0,3.2373099947883794,0,0.6873787453325224,brute_force,1
0,1,1,58.45733720281791,0,1,0,0.0,1,0.9813323367895648,stale_after_reissue,1
0,1,0,22.380354176187115,0,0,0,0.0,1,0.5072615430582186,benign_sms_normal,0
0,1,0,29.768164721655783,0,0,0,0.0,1,0.623974794190065,benign_sms_normal,0
0,1,0,379.3699683191864,0,0,1,0.0,0,0.8271764375740958,late_verify,1
0,1,0,405.4115314952455,0,0,1,0.0,0,0.4930034285326774,late_verify,1
0,1,0,16.090195899978852,0,0,0,0.0,1,0.3956563790545835,benign_single_use,0
5,0,0,17.210832624190168,0,0,0,3.8860216495719255,1,0.4362771878033656,brute_force,1
0,1,0,57.92176205896832,0,0,0,0.0,1,0.4461288422993491,benign_single_use,0
1,1,0,15.318732638331465,0,0,0,0.0,0,0.6038032736556249,benign_retry_then_success,0
0,1,0,18.386043862933136,0,0,0,0.0,1,0.6148421092580945,benign_sms_normal,0
0,1,0,53.2916099977616,1,0,0,0.0,0,0.7836322266212673,cross_session,1
1,0,0,11.033762258556342,0,0,0,0.0,1,0.31576318939667275,benign_retry_then_success,0
0,1,0,30.66886355451506,0,0,0,0.0,0,0.39552314114969384,benign_single_use,0
0,1,0,42.53793684075559,0,0,0,0.0,0,0.37636297457424067,benign_sms_normal,0
0,2,0,47.63192714703937,0,0,0,0.0,1,0.5199382405281647,replay_attempt,1
0,2,0,57.43186823322236,0,0,0,0.0,1,0.9376197821669183,replay_attempt,1
0,2,0,25.227184468548984,0,0,0,0.0,1,0.7830675637989233,replay_attempt,1
5,0,0,15.524860261816784,0,0,0,2.6804310253153005,0,0.8227113121165017,brute_force,1
0,1,0,387.13217210623856,0,0,1,0.0,0,0.6573062983495432,late_verify,1
0,1,0,67.80165890430857,0,0,0,0.0,1,0.8005868164199124,benign_sms_normal,0
0,1,0,52.25753423841488,0,0,0,0.0,0,0.898718167512081,benign_sms_normal,0
0,1,0,57.46816944307879,0,0,0,0.0,1,0.9063693438302953,benign_single_use,0
0,1,0,373.25772022558846,0,0,1,0.0,0,0.9942390939768926,late_verify,1
4,0,0,11.53093240276915,0,0,0,3.434592876291782,1,0.6256731349436804,brute_force,1
0,1,0,58.57077827449838,0,0,0,0.0,1,0.4781830482502064,replay_attempt,1
0,0,1,6.129866899047913,0,0,0,0.0,1,0.48270427616181755,stale_after_reissue,1
0,1,0,320.0952948646286,0,0,1,0.0,0,0.8935155399673353,late_verify,1
0,1,1,58.686924701503436,0,1,0,0.0,0,0.5618634992811151,stale_after_reissue,1
2,1,0,30.40453832652043,0,0,0,9.951118645997088,1,0.8410967765709647,benign_retry_then_success,0
0,1,0,7.5655797342237,0,0,0,0.0,1,0.7121309320620307,benign_single_use,0
0,1,0,48.251462688627385,0,0,0,0.0,1,0.42555927444389263,replay_attempt,1
0,1,0,44.90283580057936,0,0,0,0.0,0,0.8121536631476522,benign_sms_normal,0
0,1,0,22.90135581961309,0,0,0,0.0,1,0.5127721810802599,benign_sms_normal,0
0,1,0,8.778885497092347,0,0,0,0.0,0,0.4537094296264328,benign_sms_normal,0
0,1,0,59.97191723620222,0,0,0,0.0,0,0.511884083233843,benign_single_use,0
0,1,0,9.59829617356874,0,0,0,0.0,0,0.4918473190870053,benign_single_use,0
7,0,0,20.147617021050813,0,0,0,3.1490473124394103,1,0.9246143597623018,brute_force,1
0,0,1,55.76455926604684,0,0,0,0.0,0,0.481184442729582,stale_after_reissue,1
0,1,0,52.55829708520165,0,0,0,0.0,1,0.8051350745209767,benign_sms_normal,0
0,1,0,78.39681299287352,0,0,0,0.0,0,0.4681991943505894,benign_sms_normal,0
0,1,0,18.59384530881666,0,0,0,0.0,1,0.5666892087313357,benign_sms_normal,0
2,0,0,19.262037196884425,0,0,0,5.756778319353526,1,0.5469140829822364,benign_retry_then_success,0
0,1,0,56.93703567355271,0,0,0,0.0,0,0.6067248035265493,benign_single_use,0
0,1,0,360.7041941054127,0,0,1,0.0,1,0.7316043364897942,late_verify,1
0,1,0,384.218172707599,0,0,1,0.0,1,0.6727360556186548,late_verify,1
0,1,0,352.5414236908713,0,0,1,0.0,0,0.7373348070913153,late_verify,1
0,1,1,104.86571482724773,0,1,0,0.0,0,0.9719057502480604,stale_after_reissue,1
0,1,0,68.69321898601294,0,0,0,0.0,1,0.42463380668028805,benign_sms_normal,0
0,1,0,19.15176207452504,1,0,0,0.0,0,0.30244648677654296,cross_session,1
0,1,0,48.66438256994378,0,0,0,0.0,1,0.47790660168330473,benign_sms_normal,0
0,1,0,352.7413290614414,0,0,1,0.0,1,0.8623446733958895,late_verify,1
0,1,0,18.442167391292628,0,0,0,0.0,1,0.36534237197647035,replay_attempt,1
0,1,0,5.958377899430012,0,0,0,0.0,0,0.3800768901808929,benign_single_use,0
0,1,0,45.268750472539885,1,0,0,0.0,0,0.3739233536075302,cross_session,1
1,1,0,7.424367136833915,0,0,0,0.0,1,0.8006435030255024,benign_retry_then_success,0
1,0,0,4.339392560065869,0,0,0,0.0,0,0.3877693173489687,benign_retry_then_success,0
0,1,0,51.840722628395625,1,0,0,0.0,0,0.47142086393628474,cross_session,1
0,1,0,20.0336811455607,0,0,0,0.0,1,0.3020099177663691,benign_single_use,0
0,1,1,60.4573889944194,0,1,0,0.0,0,0.7492692569254547,stale_after_reissue,1
3,0,0,10.188322015161734,0,0,0,2.8442955440092765,0,0.3854334598274179,brute_force,1
0,1,0,346.93799050069566,0,0,1,0.0,0,0.31658459272141787,late_verify,1
0,1,0,325.5251748533224,0,0,1,0.0,1,0.5373223593282417,late_verify,1
0,1,0,309.5674961704771,0,0,1,0.0,0,0.31799264010269196,late_verify,1
0,1,0,31.46753326283573,0,0,0,0.0,1,0.7624611705819923,benign_sms_normal,0
0,2,0,55.67517124574496,0,0,0,0.0,1,0.5638420039188862,replay_attempt,1
0,1,1,105.44008037951572,0,1,0,0.0,1,0.5969586319232663,stale_after_reissue,1
0,1,0,12.46822040946266,0,0,0,0.0,1,0.8947096798750112,benign_single_use,0
0,2,0,76.99599003711901,0,0,0,0.0,0,0.6338975620844307,replay_attempt,1
0,1,0,25.21295897793231,0,0,0,0.0,1,0.5244761823377635,benign_single_use,0
0,1,0,352.7752626913662,0,0,1,0.0,1,0.7781365519271068,late_verify,1
0,1,0,54.04359961738622,0,0,0,0.0,0,0.3252438966078078,benign_single_use,0
0,1,0,41.32925815118656,0,0,0,0.0,0,0.9213977609293897,benign_single_use,0
2,1,0,27.211592749382262,0,0,0,7.233713234734314,0,0.9201825791648803,benign_retry_then_success,0
1,1,0,12.118284636257695,0,0,0,0.0,0,0.9246639727695967,benign_retry_then_success,0
0,1,0,20.369198499571038,0,0,0,0.0,0,0.3862124101110226,replay_attempt,1
2,0,0,16.285307938831018,0,0,0,10.476066864932278,1,0.3856765948333254,benign_retry_then_success,0
0,1,0,32.17873515071697,1,0,0,0.0,0,0.4167580496766617,cross_session,1
2,0,0,9.74482125392846,0,0,0,4.856686788106517,1,0.5179712056690313,benign_retry_then_success,0
2,1,0,38.035703283029235,0,0,0,11.878735574778283,0,0.7376503527554659,benign_retry_then_success,0
1,0,0,7.5483571999372305,0,0,0,0.0,1,0.3905164765076392,benign_retry_then_success,0
1,1,0,9.716429023734857,0,0,0,0.0,0,0.8263348823181518,benign_retry_then_success,0
2,0,0,22.761261718272387,0,0,0,13.249005185703208,1,0.368799199099573,benign_retry_then_success,0
0,2,0,69.941529440166,0,0,0,0.0,0,0.5323258978956323,replay_attempt,1
0,1,0,24.916739196609655,0,0,0,0.0,1,0.3424304825052513,benign_single_use,0
0,1,1,47.84413476544007,0,1,0,0.0,1,0.6681056616737593,stale_after_reissue,1
0,1,0,63.813325426205495,0,0,0,0.0,0,0.31177829590871387,benign_sms_normal,0
0,1,0,55.04874085844152,0,0,0,0.0,0,0.6068356173663071,benign_single_use,0
0,2,0,84.56655712193071,0,0,0,0.0,0,0.5895621894856036,replay_attempt,1
0,1,0,37.50955520421708,1,0,0,0.0,1,0.9369086433937495,cross_session,1
0,1,0,31.96613082105242,0,0,0,0.0,1,0.7500218270029768,benign_sms_normal,0
0,1,0,74.67862164981628,0,0,0,0.0,0,0.5743367736664479,benign_sms_normal,0
0,1,0,37.06437442332047,0,0,0,0.0,0,0.6252804923861368,benign_single_use,0
0,2,0,43.19193622926556,0,0,0,0.0,0,0.6835579654291817,replay_attempt,1
0,1,0,44.75986310807148,1,0,0,0.0,0,0.5664640493911486,cross_session,1
2,0,0,14.594421489733874,0,0,0,10.864259017381753,1,0.6171182800006492,benign_retry_then_success,0
0,1,0,401.70504274608265,0,0,1,0.0,1,0.5623621845722131,late_verify,1
0,1,0,386.0067100778478,0,0,1,0.0,0,0.7072634013983121,late_verify,1
2,0,0,17.55280694035209,0,0,0,5.280490661905837,0,0.41067125226054085,benign_retry_then_success,0
2,1,0,30.091597756823493,0,0,0,7.555098440066175,0,0.8409780001482348,benign_retry_then_success,0
11,0,0,29.759613617690544,0,0,0,2.6637787170515574,0,0.9783607093192472,brute_force,1
2,1,0,22.171937105856603,0,0,0,3.400829556760492,1,0.6908302207849959,benign_retry_then_success,0
0,1,1,84.29047525771983,0,1,0,0.0,1,0.6457447743102602,stale_after_reissue,1
6,0,0,22.061357996451978,0,0,0,3.238513831521748,1,0.9270561477923971,brute_force,1
0,1,0,89.20082396439317,0,0,0,0.0,1,0.8059797834294744,benign_sms_normal,0
2,0,0,9.61738959249723,0,0,0,5.66018988267049,0,0.44127294549413165,benign_retry_then_success,0
0,1,0,36.52955321034156,0,0,0,0.0,0,0.796460290254039,benign_sms_normal,0
3,0,0,7.491883834125958,0,0,0,2.4036247978077077,0,0.3596551730435701,brute_force,1
0,1,0,34.06474419764494,0,0,0,0.0,0,0.5481588593248498,benign_single_use,0
1,1,0,20.544581219045256,0,0,0,0.0,1,0.776676386098284,benign_retry_then_success,0
1,1,0,12.918920788726304,0,0,0,0.0,0,0.6500474087646289,benign_retry_then_success,0
0,0,1,42.282976146049116,0,0,0,0.0,1,0.34402386962367,stale_after_reissue,1
0,1,0,38.810851297099774,0,0,0,0.0,1,0.8612775255845666,benign_sms_normal,0
0,2,0,40.45204148663109,0,0,0,0.0,1,0.7260296171197346,replay_attempt,1
6,0,0,15.0006914191945,0,0,0,2.478359670120019,1,0.7213004174654252,brute_force,1
5,0,0,19.174031426729307,0,0,0,3.884635245216749,1,0.5592292324553253,brute_force,1
1,1,0,22.87774406464957,0,0,0,0.0,1,0.8248119218624204,benign_retry_then_success,0
0,1,0,24.212692137983048,0,0,0,0.0,1,0.49620330211779906,replay_attempt,1
9,0,0,32.39557648054605,0,0,0,3.430071381217231,1,0.8061497612367312,brute_force,1
6,0,0,21.79198646027803,0,0,0,3.514439345446425,0,0.567840491089199,brute_force,1
0,1,0,386.00163005098057,0,0,1,0.0,1,0.8007171218244613,late_verify,1
0,1,0,37.74660286938009,0,0,0,0.0,1,0.38343487907344653,replay_attempt,1
0,1,0,357.78922890356876,0,0,1,0.0,0,0.5017458705198555,late_verify,1
0,2,0,61.607837116565676,0,0,0,0.0,1,0.5497546887732784,replay_attempt,1
0,1,0,26.779592525920314,0,0,0,0.0,1,0.3671287013605887,benign_single_use,0
0,2,0,43.16304190617499,0,0,0,0.0,1,0.71834671827189,replay_attempt,1
10,0,0,38.136945181198335,0,0,0,3.925455059109462,1,0.9759055111161683,brute_force,1
0,1,0,22.427029717895817,1,0,0,0.0,0,0.7404385571807159,cross_session,1
0,0,1,7.999893359164057,0,0,0,0.0,1,0.3404348102163666,stale_after_reissue,1
0,1,1,86.96323244844874,0,1,0,0.0,0,0.857824217188552,stale_after_reissue,1
0,1,0,45.42187042247976,0,0,0,0.0,1,0.5739695870944004,benign_single_use,0
0,2,0,82.13315381956951,0,0,0,0.0,1,0.7190644307203786,replay_attempt,1
0,1,1,82.31772090136256,0,1,0,0.0,1,0.8680994872201899,stale_after_reissue,1
0,1,0,34.05608692823962,0,0,0,0.0,0,0.35152832567146614,benign_single_use,0
0,1,0,5.467599793382895,0,0,0,0.0,1,0.8027047455490524,benign_sms_normal,0
0,1,0,25.984790784534287,1,0,0,0.0,1,0.3190983983847056,cross_session,1
5,0,0,19.434589706764896,0,0,0,3.375257452902123,0,0.7197911193337911,brute_force,1
0,0,1,38.66629397533456,0,0,0,0.0,0,0.30066873339643635,stale_after_reissue,1
0,1,0,11.813741166860487,1,0,0,0.0,0,0.4162708489159713,cross_session,1
1,1,0,25.50665039494926,0,0,0,0.0,1,0.9486114069248583,benign_retry_then_success,0
0,1,0,15.85680258484888,0,0,0,0.0,1,0.3597076028779355,benign_single_use,0
0,1,0,57.928986096289165,0,0,0,0.0,0,0.5673432187428393,benign_single_use,0
0,1,0,33.0505820242486,1,0,0,0.0,0,0.5041816640271805,cross_session,1
0,1,0,25.30284752005227,0,0,0,0.0,0,0.38754481615681347,replay_attempt,1
0,1,0,52.12018960560854,0,0,0,0.0,0,0.39825270101973087,benign_single_use,0
5,0,0,9.47406813025649,0,0,0,1.9053461249173043,0,0.5989107921359484,brute_force,1
0,1,0,23.448935768452063,0,0,0,0.0,0,0.5125077536628609,benign_sms_normal,0
0,1,0,48.8161525453257,1,0,0,0.0,1,0.6232689141240528,cross_session,1
0,1,0,11.356834349451766,1,0,0,0.0,0,0.9691222352439295,cross_session,1
0,1,0,400.82832879763436,0,0,1,0.0,1,0.8564423081640495,late_verify,1
0,1,0,46.621239684801246,1,0,0,0.0,1,0.821980054471156,cross_session,1
0,1,0,14.961566327002478,1,0,0,0.0,0,0.5296860887401844,cross_session,1
2,0,0,25.271815080285318,0,0,0,12.228410732455393,1,0.48444250505993236,benign_retry_then_success,0
6,0,0,13.374779377349272,0,0,0,2.2400276959193204,0,0.7489925331594052,brute_force,1
7,0,0,30.01511148814369,0,0,0,4.713073080994328,0,0.7830177185614273,brute_force,1
0,1,0,26.953559648710396,1,0,0,0.0,0,0.30474711958091344,cross_session,1
0,1,0,52.76428500462954,1,0,0,0.0,1,0.5035855852422199,cross_session,1
0,2,0,64.58427324987696,0,0,0,0.0,1,0.5132174459296286,replay_attempt,1
0,1,0,61.574909205476715,0,0,0,0.0,0,0.39132728834069974,benign_sms_normal,0
6,0,0,17.675475053713072,0,0,0,2.6583207048777964,0,0.8358278691010037,brute_force,1
0,1,0,44.81847656214815,0,0,0,0.0,1,0.5375062120853196,benign_single_use,0
0,1,0,45.05643759373625,1,0,0,0.0,1,0.7206238585558699,cross_session,1
2,1,0,37.63836027340305,0,0,0,9.942626991790624,0,0.820991602120908,benign_retry_then_success,0
0,1,0,21.41207263416929,0,0,0,0.0,1,0.4158217454765814,benign_sms_normal,0
0,2,0,53.39869078968617,0,0,0,0.0,1,0.8586299141398559,replay_attempt,1
0,1,0,66.02427487120808,0,0,0,0.0,0,0.43775943148898655,benign_sms_normal,0
1,1,0,18.58904431510316,0,0,0,0.0,1,0.8148117350448318,benign_retry_then_success,0
0,1,0,24.711820386819085,0,0,0,0.0,1,0.3040116304991849,benign_single_use,0
0,1,0,55.72832370734182,0,0,0,0.0,1,0.5275652141568017,benign_single_use,0
8,0,0,22.62086481685597,0,0,0,2.5958806669708006,0,0.6448954930170666,brute_force,1
1,1,0,18.175007854639667,0,0,0,0.0,1,0.7933578567994315,benign_retry_then_success,0
0,1,0,345.54180675995417,0,0,1,0.0,1,0.5407357368254446,late_verify,1
0,1,1,63.69288096810536,0,1,0,0.0,1,0.680638175324525,stale_after_reissue,1
0,1,1,52.70567818891914,0,1,0,0.0,0,0.659983210778534,stale_after_reissue,1
0,1,0,372.5708454415471,0,0,1,0.0,1,0.8706859930137194,late_verify,1
0,1,0,42.99877380372069,0,0,0,0.0,0,0.49261448477600767,replay_attempt,1
0,1,0,15.897747488759682,0,0,0,0.0,0,0.6666475336325162,benign_single_use,0
0,1,0,61.03929822064479,0,0,0,0.0,0,0.37355478126413866,benign_sms_normal,0
0,1,1,74.89468401910203,0,1,0,0.0,0,0.5120974104320521,stale_after_reissue,1
0,1,0,15.8223402924568,0,0,0,0.0,0,0.5616970333624431,benign_single_use,0
0,1,0,344.38457348142515,0,0,1,0.0,1,0.7381796860299525,late_verify,1
0,2,0,75.18083157595746,0,0,0,0.0,0,0.5029241703153701,replay_attempt,1
0,1,0,44.56245582493703,0,0,0,0.0,1,0.9910380672176231,benign_sms_normal,0
0,1,1,63.4643474166638,0,1,0,0.0,1,0.7206658710448363,stale_after_reissue,1
8,0,0,28.84942481351249,0,0,0,3.3689098713714776,1,0.8786670549639377,brute_force,1
6,0,0,20.1850798382105,0,0,0,3.274586349608299,0,0.9020166480184173,brute_force,1
0,2,0,47.143298447034184,0,0,0,0.0,0,0.8297901301556838,replay_attempt,1
0,1,0,41.12150370250702,0,0,0,0.0,0,0.7285110321534245,benign_single_use,0
0,1,0,12.299017829180714,0,0,0,0.0,0,0.4107751266580426,benign_sms_normal,0
0,1,0,411.9651283112955,0,0,1,0.0,0,0.9394798538470925,late_verify,1
0,1,0,53.8130749431648,0,0,0,0.0,1,0.431061438262896,benign_sms_normal,0
0,1,0,19.690020215057714,0,0,0,0.0,0,0.880251687041226,benign_single_use,0
0,0,1,59.114206507689175,0,0,0,0.0,1,0.35546344230487176,stale_after_reissue,1
0,1,0,377.52648164506195,0,0,1,0.0,1,0.6194176857236424,late_verify,1
0,1,0,357.77814012191465,0,0,1,0.0,0,0.6719250379685604,late_verify,1
0,1,0,8.992528447801586,0,0,0,0.0,0,0.3884882205492872,replay_attempt,1
1,1,0,14.190575015773875,0,0,0,0.0,0,0.7326063772677,benign_retry_then_success,0
0,1,0,52.815213077899664,0,0,0,0.0,1,0.9795828548999947,benign_single_use,0
0,1,0,22.986084178952222,0,0,0,0.0,0,0.3332374544447605,benign_single_use,0
0,1,1,100.54440652384386,0,1,0,0.0,0,0.5444885932095425,stale_after_reissue,1
0,1,0,28.58168467906519,0,0,0,0.0,1,0.49375492078225197,benign_single_use,0
3,0,0,12.523905225564036,0,0,0,3.5478556872800286,1,0.3925000784269369,brute_force,1
0,1,0,20.677913512877964,0,0,0,0.0,0,0.3381082991760854,replay_attempt,1
0,1,0,34.52556206611811,1,0,0,0.0,0,0.5378700352303051,cross_session,1
6,0,0,17.709467835506963,0,0,0,3.2118104761684956,1,0.7958941021883696,brute_force,1
0,1,0,41.074616581506405,0,0,0,0.0,0,0.6353450552096596,benign_single_use,0
0,1,0,81.25433673631552,0,0,0,0.0,1,0.8763608139594592,benign_sms_normal,0
0,1,0,14.319233029977667,0,0,0,0.0,0,0.8484714841201613,benign_single_use,0
2,1,0,29.09751242887321,0,0,0,13.0840965361627,1,0.875954293843745,benign_retry_then_success,0
0,1,0,13.0241270878515,1,0,0,0.0,1,0.3554536857511682,cross_session,1
0,2,0,39.818152690548274,0,0,0,0.0,0,0.5652540880328304,replay_attempt,1
1,1,0,16.90455363436978,0,0,0,0.0,1,0.6845866439380971,benign_retry_then_success,0
0,1,0,7.929111626158591,0,0,0,0.0,0,0.4569640437954592,benign_sms_normal,0
0,1,0,16.884979608545635,1,0,0,0.0,0,0.8168232558666797,cross_session,1
0,1,0,81.35004553042602,0,0,0,0.0,1,0.5729398228504803,benign_sms_normal,0
0,1,0,47.31372480068738,1,0,0,0.0,1,0.676146456635288,cross_session,1
0,1,0,22.671799908680757,1,0,0,0.0,0,0.660755044180571,cross_session,1
1,1,0,24.420075991476455,0,0,0,0.0,1,0.7124107710863933,benign_retry_then_success,0
0,1,0,45.54954860505135,1,0,0,0.0,1,0.3666105813833348,cross_session,1
0,0,1,41.20065599314339,0,0,0,0.0,1,0.44426382524239744,stale_after_reissue,1
0,1,0,13.204507640979807,0,0,0,0.0,1,0.37393485505761315,benign_sms_normal,0
1,0,0,8.956869653517597,0,0,0,0.0,0,0.4307081314136026,benign_retry_then_success,0
0,1,0,18.72936420047657,0,0,0,0.0,1,0.7195645774055032,benign_sms_normal,0
0,1,0,40.6339060914738,0,0,0,0.0,1,0.393943938693755,replay_attempt,1
0,2,0,34.27990234067602,0,0,0,0.0,0,0.550426793338977,replay_attempt,1
0,1,0,53.40307994544317,0,0,0,0.0,0,0.8732599939717058,benign_single_use,0
0,2,0,17.311918296289246,0,0,0,0.0,1,0.7577215004982847,replay_attempt,1
0,1,0,357.24971330583605,0,0,1,0.0,0,0.6424045717665925,late_verify,1
2,1,0,32.72865348710981,0,0,0,10.238148358939078,0,0.676939226663328,benign_retry_then_success,0
2,1,0,23.98492210940303,0,0,0,10.837496010647293,1,0.7007016595735245,benign_retry_then_success,0
0,1,0,408.83967264913883,0,0,1,0.0,0,0.966948904702815,late_verify,1
0,1,0,14.910679553992248,0,0,0,0.0,1,0.8469131620958958,benign_single_use,0
0,1,0,14.753351481320244,0,0,0,0.0,1,0.8697796687232022,benign_single_use,0
1,1,0,16.9042417411425,0,0,0,0.0,1,0.6360997281801077,benign_retry_then_success,0
0,1,0,54.958543241986504,0,0,0,0.0,0,0.6520258955354715,benign_single_use,0
0,1,0,35.25698762998805,0,0,0,0.0,1,0.8381721052849112,benign_single_use,0
0,1,0,19.53768871417421,0,0,0,0.0,0,0.3136849801500811,benign_single_use,0
4,0,0,18.086990448401156,0,0,0,4.117225746314671,0,0.5325711607814615,brute_force,1
0,1,0,61.24954400726735,0,0,0,0.0,1,0.31683533297128985,benign_sms_normal,0
2,1,0,22.97455289472719,0,0,0,8.325486881751996,1,0.8148957603714626,benign_retry_then_success,0
0,1,0,57.82906571954577,0,0,0,0.0,1,0.7085484723843665,benign_sms_normal,0
0,1,1,40.42787240130512,0,1,0,0.0,1,0.7888074762117434,stale_after_reissue,1
0,1,0,78.98294645921615,0,0,0,0.0,1,0.7707057619296749,benign_sms_normal,0
0,2,0,10.331332014836727,0,0,0,0.0,0,0.5462587831492504,replay_attempt,1
1,1,0,11.034475982423622,0,0,0,0.0,1,0.8463593377033909,benign_retry_then_success,0
0,1,0,321.5113614085431,0,0,1,0.0,1,0.37763586954442846,late_verify,1
0,1,0,38.25873632644663,0,0,0,0.0,0,0.33187970332478356,benign_sms_normal,0
2,0,0,21.961791269342733,0,0,0,12.871735882022268,1,0.48765514768679336,benign_retry_then_success,0
0,1,0,60.1145209181074,0,0,0,0.0,1,0.9832887454138126,benign_sms_normal,0
1,0,0,9.383381471424748,0,0,0,0.0,1,0.30501977353658893,benign_retry_then_success,0
0,1,0,41.92042358947776,0,0,0,0.0,1,0.5088308355929236,benign_single_use,0
0,1,0,55.574263563190534,1,0,0,0.0,1,0.5093973637364775,cross_session,1
9,0,0,31.555118368539752,0,0,0,3.261029911140124,0,0.9343269560236798,brute_force,1
2,0,0,7.127912098237236,0,0,0,1.3782973131253362,1,0.31963678937374096,brute_force,1
0,1,0,344.66936979865756,0,0,1,0.0,0,0.48097657675363126,late_verify,1
0,2,0,71.55518904819236,0,0,0,0.0,1,0.5641742399834915,replay_attempt,1
0,1,0,59.873021827781905,0,0,0,0.0,0,0.7325902846450756,benign_single_use,0
1,1,0,26.723040465859395,0,0,0,0.0,0,0.8678300518577566,benign_retry_then_success,0
2,1,0,25.889186996127027,0,0,0,11.444473621959471,1,0.7199991659917844,benign_retry_then_success,0
0,1,0,48.5726163997331,0,0,0,0.0,0,0.7017044165153772,benign_sms_normal,0
5,0,0,19.156734203496814,0,0,0,3.565923797591604,1,0.7675462613276987,brute_force,1
0,1,0,27.178272618958594,1,0,0,0.0,0,0.8662527413135608,cross_session,1
0,1,0,44.941468788317614,0,0,0,0.0,1,0.8911891925530702,benign_single_use,0
7,0,0,20.07820635279891,0,0,0,3.090959477484246,0,0.886818205324595,brute_force,1
9,0,0,29.027240291526233,0,0,0,2.9490730556294125,1,0.9404855920947401,brute_force,1
0,0,1,43.76275707233029,0,0,0,0.0,0,0.4777182129581235,stale_after_reissue,1
0,1,0,22.442205761045994,0,0,0,0.0,0,0.790179479210628,benign_single_use,0
0,1,0,23.907860478292346,0,0,0,0.0,1,0.6697617488435096,benign_sms_normal,0
0,1,1,94.91399088108076,0,1,0,0.0,0,0.8434831244162622,stale_after_reissue,1
0,1,0,35.30691001076295,0,0,0,0.0,0,0.595895890110368,benign_single_use,0
0,1,0,84.49217776863698,0,0,0,0.0,1,0.4017452135059063,benign_sms_normal,0
0,1,0,392.82130441259835,0,0,1,0.0,0,0.5575004096212819,late_verify,1
2,0,0,19.989623391401807,0,0,0,5.0864704807858985,1,0.5810996676623077,benign_retry_then_success,0
2,1,0,34.68613436734995,0,0,0,14.563889311329516,0,0.9810335701479538,benign_retry_then_success,0
0,1,0,43.393267143488295,0,0,0,0.0,1,0.8955137310474133,benign_sms_normal,0
0,1,0,400.2940813209069,0,0,1,0.0,0,0.6481002169477046,late_verify,1
0,1,0,36.33296807867935,0,0,0,0.0,1,0.3222020069676214,benign_sms_normal,0
0,1,0,27.459480748063154,0,0,0,0.0,0,0.45735377130764987,benign_single_use,0
0,1,0,22.477429339672668,0,0,0,0.0,0,0.8811763363121028,benign_single_use,0
0,1,0,36.7704720616274,1,0,0,0.0,0,0.4120313089973716,cross_session,1
2,0,0,18.836671605583476,0,0,0,8.129099367274726,1,0.4266668312569053,benign_retry_then_success,0
8,0,0,25.004752526649487,0,0,0,2.9534424290539194,1,0.8816166187302252,brute_force,1
0,1,0,324.3383222621969,0,0,1,0.0,0,0.904439110308217,late_verify,1
0,1,0,26.95724988613717,0,0,0,0.0,0,0.8996305996687657,benign_single_use,0
0,1,0,19.627222519018787,1,0,0,0.0,1,0.7200206092200638,cross_session,1
2,1,0,21.161722950515177,0,0,0,7.012674009846263,0,0.8763309900996965,benign_retry_then_success,0
7,0,0,25.32675694355934,0,0,0,3.6874968300620696,0,0.6790149723884235,brute_force,1
0,2,0,53.680846457815626,0,0,0,0.0,1,0.8997937243225627,replay_attempt,1
0,1,0,51.68029981954171,1,0,0,0.0,0,0.5971407372377571,cross_session,1
0,1,1,15.247365093749167,0,1,0,0.0,1,0.543506777915838,stale_after_reissue,1
1,0,0,14.304812804056315,0,0,0,0.0,1,0.49684937551487524,benign_retry_then_success,0
1,1,0,19.26031842537308,0,0,0,0.0,0,0.9844235073503071,benign_retry_then_success,0
0,1,0,312.0227092402949,0,0,1,0.0,0,0.361717674846911,late_verify,1
0,1,0,63.144381003494956,0,0,0,0.0,1,0.5993242051022549,benign_sms_normal,0
0,1,0,16.085576021923725,0,0,0,0.0,0,0.7946754515330722,benign_single_use,0
0,0,1,21.206084887047457,0,0,0,0.0,1,0.4560924976228757,stale_after_reissue,1
2,0,0,24.477026890139342,0,0,0,13.15937047428618,1,0.46732781950594926,benign_retry_then_success,0
0,1,0,20.032153789099986,0,0,0,0.0,0,0.5887009227327471,benign_sms_normal,0
0,2,0,56.68564236135647,0,0,0,0.0,1,0.9131981375445317,replay_attempt,1
1,1,0,17.99149667828038,0,0,0,0.0,0,0.5479152024762437,benign_retry_then_success,0
6,0,0,20.575914129401866,0,0,0,3.2290917547114417,0,0.7909848034338658,brute_force,1
0,1,0,22.5112435873547,1,0,0,0.0,1,0.6878624719351132,cross_session,1
0,1,0,58.504442946298155,1,0,0,0.0,1,0.6189878020148285,cross_session,1
0,1,0,338.7890323726212,0,0,1,0.0,1,0.4771448921884042,late_verify,1
5,0,0,19.470495072309816,0,0,0,3.6297796842346584,1,0.536282372685771,brute_force,1
0,1,0,44.53184299614837,0,0,0,0.0,0,0.818952961064906,benign_single_use,0
0,1,0,19.78549703886702,0,0,0,0.0,1,0.3489050981823677,benign_single_use,0
9,0,0,31.199196165398757,0,0,0,3.6019844805082912,1,0.854446112563908,brute_force,1
0,1,0,18.322562603523814,0,0,0,0.0,0,0.889112017727149,benign_single_use,0
0,1,0,8.30824511685874,0,0,0,0.0,1,0.38908033279930854,benign_sms_normal,0
0,1,0,46.048640791559,0,0,0,0.0,0,0.31210511709034816,replay_attempt,1
0,0,1,43.181938282839525,0,0,0,0.0,1,0.33033222742235024,stale_after_reissue,1
0,1,0,9.592593246261071,0,0,0,0.0,0,0.3865913873696763,replay_attempt,1
1,0,0,14.64619996502528,0,0,0,0.0,0,0.32058672183622094,benign_retry_then_success,0
0,1,0,8.289066509989661,0,0,0,0.0,1,0.55179886037,benign_single_use,0
0,1,0,327.10213066245825,0,0,1,0.0,0,0.7942915283112206,late_verify,1
2,0,0,18.16696190894244,0,0,0,4.237666232763269,0,0.5684147754535891,benign_retry_then_success,0
0,1,0,309.8110798086839,0,0,1,0.0,0,0.9708973626225272,late_verify,1
0,2,0,50.441426121720255,0,0,0,0.0,0,0.9616158622218143,replay_attempt,1
2,0,0,15.676812573520968,0,0,0,10.42571914767522,1,0.656317127778393,benign_retry_then_success,0
2,1,0,26.10348744583173,0,0,0,7.93115433034388,1,0.9303365225541447,benign_retry_then_success,0
0,2,0,45.133763382152246,0,0,0,0.0,1,0.5997170339847497,replay_attempt,1
4,0,0,16.144517335055433,0,0,0,3.692058983995896,1,0.3490024923225928,brute_force,1
0,1,0,57.94302945186429,0,0,0,0.0,0,0.5139638389777301,benign_sms_normal,0
0,1,0,16.81506505990225,0,0,0,0.0,1,0.7359956646013837,benign_single_use,0
0,1,0,35.83004053029068,0,0,0,0.0,0,0.7815208059154165,benign_sms_normal,0
2,0,0,20.203462231547448,0,0,0,14.192578477982465,1,0.5008747556286341,benign_retry_then_success,0
0,1,0,57.18539836676829,0,0,0,0.0,1,0.9207142565163176,benign_sms_normal,0
0,1,1,92.38850629011276,0,1,0,0.0,0,0.5519949563460905,stale_after_reissue,1
0,1,0,56.75907936356795,0,0,0,0.0,0,0.3993384723306753,benign_single_use,0
0,1,0,43.01089487632084,0,0,0,0.0,0,0.7971067065201948,benign_single_use,0
0,1,0,33.065799804699935,0,0,0,0.0,0,0.8939196746805762,benign_single_use,0
0,1,0,7.355649950152932,0,0,0,0.0,0,0.40501665797687175,replay_attempt,1
1,1,0,26.153513168720423,0,0,0,0.0,1,0.8872179333750017,benign_retry_then_success,0
0,2,0,46.55822292682866,0,0,0,0.0,0,0.92732856758008,replay_attempt,1
3,0,0,12.576301004474427,0,0,0,3.8673574151302565,1,0.3657554776144638,brute_force,1
0,1,0,8.052699597042665,1,0,0,0.0,1,0.5373749365526144,cross_session,1
0,1,0,17.77353868958585,0,0,0,0.0,0,0.9664506655337979,benign_single_use,0
0,1,0,81.30711258581661,0,0,0,0.0,1,0.49464092833580564,benign_sms_normal,0
0,1,0,43.630771298458455,0,0,0,0.0,1,0.6818441519719355,benign_single_use,0
0,1,0,51.20464049564729,1,0,0,0.0,1,0.7115323156127216,cross_session,1
0,1,0,62.534406973823444,0,0,0,0.0,1,0.5529952547910517,benign_sms_normal,0
0,1,0,18.251847064179792,1,0,0,0.0,0,0.8347443547702409,cross_session,1
0,1,0,58.1745528357673,0,0,0,0.0,0,0.436701235631196,benign_sms_normal,0
1,1,0,13.898018006813388,0,0,0,0.0,0,0.640975772787294,benign_retry_then_success,0
0,1,0,387.8139554445436,0,0,1,0.0,0,0.9734812745436168,late_verify,1
4,0,0,10.249428656991292,0,0,0,2.475086454457959,0,0.41923594926431323,brute_force,1
2,1,0,28.178994949208075,0,0,0,14.173828025597563,1,0.8006629809683399,benign_retry_then_success,0
0,1,0,63.83563138473939,0,0,0,0.0,0,0.5752586617207058,benign_sms_normal,0
0,1,0,54.988073108805104,1,0,0,0.0,1,0.7921388969353704,cross_session,1
0,2,0,50.318399972950864,0,0,0,0.0,0,0.7967392438146501,replay_attempt,1
4,0,0,16.362245335722186,0,0,0,4.73234974424309,1,0.5890604711630342,brute_force,1
0,2,0,77.04715614451877,0,0,0,0.0,0,0.6735273633475334,replay_attempt,1
0,1,0,59.15816641736709,1,0,0,0.0,0,0.6420810059568787,cross_session,1
0,1,0,25.614840071303597,0,0,0,0.0,0,0.9849183813349529,benign_sms_normal,0
0,2,0,43.76204139061769,0,0,0,0.0,1,0.7042091497112404,replay_attempt,1
0,1,0,74.58622950962592,0,0,0,0.0,0,0.957702491321571,benign_sms_normal,0
0,1,0,10.612364916104879,0,0,0,0.0,1,0.5373980049510825,benign_single_use,0
0,1,0,27.4864548814813,0,0,0,0.0,0,0.9931565669625111,benign_sms_normal,0
0,1,0,9.259891776475767,0,0,0,0.0,0,0.6702978517821521,benign_single_use,0
0,1,0,56.23550630113547,1,0,0,0.0,0,0.4393349035995627,cross_session,1
0,0,1,44.91457102051947,0,0,0,0.0,0,0.3182889813206665,stale_after_reissue,1
0,1,0,400.9475261646616,0,0,1,0.0,0,0.7206006850197408,late_verify,1
1,1,0,20.48073571890243,0,0,0,0.0,1,0.8094286951972485,benign_retry_then_success,0
0,1,1,58.36537563350413,0,1,0,0.0,1,0.5779976124797188,stale_after_reissue,1
0,1,0,25.6949958427346,1,0,0,0.0,1,0.7051213593830248,cross_session,1
0,1,0,413.36473686286337,0,0,1,0.0,1,0.5493209400047868,late_verify,1
2,1,0,29.383763599532813,0,0,0,8.281438043270148,0,0.9319798153004311,benign_retry_then_success,0
0,1,1,67.3219332444167,0,1,0,0.0,1,0.5935823445083462,stale_after_reissue,1
1,0,0,12.237506164527895,0,0,0,0.0,0,0.49781725462870996,benign_retry_then_success,0
0,1,0,23.590815768680773,0,0,0,0.0,0,0.7233771906533114,benign_single_use,0
2,0,0,18.39338959973477,0,0,0,12.916298280856282,1,0.6589759888406492,benign_retry_then_success,0
0,1,0,36.57752437463919,0,0,0,0.0,1,0.919955081134995,benign_single_use,0
2,0,0,19.03312011403127,0,0,0,5.57688311384654,0,0.5413418951406194,benign_retry_then_success,0
0,1,0,17.788194809298638,1,0,0,0.0,1,0.45564162677963593,cross_session,1
0,2,0,70.11004452435651,0,0,0,0.0,0,0.9832817180282027,replay_attempt,1
0,1,0,58.057262386648326,1,0,0,0.0,0,0.7830061198658864,cross_session,1
0,1,0,34.68053282707408,0,0,0,0.0,1,0.3528572660953796,benign_single_use,0
0,2,0,58.942720482271895,0,0,0,0.0,1,0.5743399451247782,replay_attempt,1
0,1,0,46.54270919339663,0,0,0,0.0,0,0.3237576726024542,replay_attempt,1
0,1,0,25.564200884747457,1,0,0,0.0,0,0.5892631055479016,cross_session,1
5,0,0,22.305004607991957,0,0,0,4.490674754867099,1,0.6135632065869723,brute_force,1
0,1,0,6.208717341756073,0,0,0,0.0,0,0.4814025609971435,replay_attempt,1
6,0,0,21.65200294976121,0,0,0,3.759778969741807,1,0.7674580661413481,brute_force,1
0,1,0,308.4875640020263,0,0,1,0.0,0,0.8963543392042801,late_verify,1
0,1,0,27.7927624333685,0,0,0,0.0,1,0.8683771254619383,benign_single_use,0
0,1,0,23.038010947318835,1,0,0,0.0,1,0.9446168304829146,cross_session,1
0,1,0,12.565476466601414,1,0,0,0.0,0,0.7886676958445882,cross_session,1
0,1,0,41.05553118138763,0,0,0,0.0,0,0.4616024628991682,benign_single_use,0
9,0,0,34.57835391580842,0,0,0,3.817383043944871,0,0.9962188303759374,brute_force,1
0,1,0,56.91273613635888,1,0,0,0.0,0,0.41740840367309495,cross_session,1
0,1,0,26.51981741712829,0,0,0,0.0,1,0.3366115751271194,benign_single_use,0
1,1,0,24.766685338912385,0,0,0,0.0,0,0.7814707994574015,benign_retry_then_success,0
0,1,0,70.18209639717624,0,0,0,0.0,0,0.47465013792329247,benign_sms_normal,0
0,1,0,344.63878943865393,0,0,1,0.0,0,0.35844466461124036,late_verify,1
0,1,0,412.81869757498885,0,0,1,0.0,1,0.7661424460004462,late_verify,1
0,2,0,45.48953129093856,0,0,0,0.0,1,0.5445133736063862,replay_attempt,1
0,2,0,52.67471697937731,0,0,0,0.0,0,0.8082961681534859,replay_attempt,1
0,1,0,28.236560975583142,1,0,0,0.0,1,0.8232736069006881,cross_session,1
0,1,0,32.32241130368859,0,0,0,0.0,1,0.6307500617962937,benign_sms_normal,0
1,0,0,9.050175880388222,0,0,0,0.0,0,0.41737207140411625,benign_retry_then_success,0
2,1,0,25.104156902387075,0,0,0,5.997513703260163,0,0.9643911162536265,benign_retry_then_success,0
1,1,0,19.238521597101155,0,0,0,0.0,1,0.7715518756313506,benign_retry_then_success,0
0,1,0,23.947292031008207,0,0,0,0.0,1,0.793354639829059,benign_single_use,0
0,1,0,17.05457768092743,0,0,0,0.0,0,0.624804804893871,benign_single_use,0
0,1,0,383.31849200395106,0,0,1,0.0,1,0.7671408166627631,late_verify,1
1,0,0,13.736463593764217,0,0,0,0.0,0,0.3217637653756901,benign_retry_then_success,0
0,1,1,50.00031785451775,0,1,0,0.0,0,0.9431210948275082,stale_after_reissue,1
0,1,0,41.430790352229145,0,0,0,0.0,1,0.3255795393556965,benign_sms_normal,0
0,1,0,8.485238902790087,0,0,0,0.0,1,0.9570243163603698,benign_single_use,0
0,1,0,64.44633778827387,0,0,0,0.0,1,0.6976142677033331,benign_sms_normal,0
2,1,0,19.942748373414656,0,0,0,10.67812080147398,1,0.7092115938178954,benign_retry_then_success,0
0,1,0,42.671504041795814,0,0,0,0.0,0,0.8796302132096758,benign_single_use,0
0,1,0,45.343687327679824,0,0,0,0.0,0,0.4145921430632009,benign_single_use,0
0,1,0,41.95114400316477,0,0,0,0.0,1,0.5483555250675676,benign_single_use,0
0,1,0,39.48471619672805,0,0,0,0.0,0,0.3162121221728683,replay_attempt,1
0,1,1,107.90886643730045,0,1,0,0.0,0,0.8653140074132897,stale_after_reissue,1
0,0,1,48.78644053016053,0,0,0,0.0,1,0.3808648355731563,stale_after_reissue,1
3,0,0,10.787106308392799,0,0,0,4.464063920663061,1,0.38374131866873,brute_force,1
0,1,0,23.387922423427014,0,0,0,0.0,1,0.3819344895933366,benign_single_use,0
2,1,0,23.962885467564476,0,0,0,7.86323350915923,0,0.7035136138041556,benign_retry_then_success,0
0,1,0,39.77692820039677,0,0,0,0.0,0,0.5960770928235593,benign_sms_normal,0
0,1,0,368.3960520273751,0,0,1,0.0,0,0.37582587196652417,late_verify,1
0,1,0,26.221901928927238,1,0,0,0.0,1,0.9813478508018254,cross_session,1
0,1,0,28.615983595630045,0,0,0,0.0,1,0.6961558266565961,benign_single_use,0
0,1,0,43.055333361495414,0,0,0,0.0,0,0.790980790567196,benign_sms_normal,0
1,1,0,21.64896088015299,0,0,0,0.0,0,0.9878513266356606,benign_retry_then_success,0
0,2,0,41.14759452084853,0,0,0,0.0,1,0.7117826801432194,replay_attempt,1
0,2,0,59.572877913952944,0,0,0,0.0,1,0.7988031050445319,replay_attempt,1
0,2,0,70.51451071975582,0,0,0,0.0,1,0.650113600375755,replay_attempt,1
1,1,0,16.998299898373745,0,0,0,0.0,1,0.960201015174061,benign_retry_then_success,0
0,2,0,22.789417051929505,0,0,0,0.0,0,0.88998476306693,replay_attempt,1
2,0,0,16.72983766474495,0,0,0,9.617665443499707,1,0.4637943599122686,benign_retry_then_success,0
4,0,0,11.80274191555169,0,0,0,3.5877513663178084,1,0.42051977543873514,brute_force,1
0,1,0,337.62724890625225,0,0,1,0.0,1,0.5250451021376976,late_verify,1
2,0,0,11.471787289443757,0,0,0,8.207114481723167,1,0.3772908207977654,benign_retry_then_success,0
0,1,0,12.72945979154318,0,0,0,0.0,1,0.40706369648161467,benign_sms_normal,0
0,1,0,15.882060243215786,1,0,0,0.0,1,0.35525777299224315,cross_session,1
0,1,0,60.736665182316145,0,0,0,0.0,0,0.6860016491012872,benign_sms_normal,0
0,1,1,81.24061037140231,0,1,0,0.0,1,0.890579894941367,stale_after_reissue,1
2,0,0,16.714264688276263,0,0,0,9.037606713494888,1,0.5525823167827763,benign_retry_then_success,0
2,0,0,11.304877623735807,0,0,0,3.3067171996251528,0,0.4622193048641887,benign_retry_then_success,0
0,1,0,334.3569546211809,0,0,1,0.0,0,0.8674934186891372,late_verify,1
0,1,0,14.583796350216968,0,0,0,0.0,0,0.8788683735770599,benign_single_use,0
7,0,0,29.45146430594472,0,0,0,4.043430705355722,0,0.6687235625786696,brute_force,1
0,1,0,35.61640490492354,0,0,0,0.0,0,0.3042646838477722,benign_single_use,0
0,2,0,55.92337470437142,0,0,0,0.0,0,0.7191169049397016,replay_attempt,1
0,1,0,53.391673714970054,0,0,0,0.0,0,0.4681811221923523,benign_sms_normal,0
0,1,0,52.30935859920419,0,0,0,0.0,1,0.5016299540482284,benign_single_use,0
2,1,0,31.995355113065937,0,0,0,7.728345362206248,1,0.9500946164212059,benign_retry_then_success,0
0,1,0,10.81201061990063,0,0,0,0.0,1,0.7322492522729503,benign_single_use,0
0,1,0,58.21998402487804,1,0,0,0.0,0,0.5907864268039684,cross_session,1
0,1,0,50.14766802826028,0,0,0,0.0,0,0.786401733679949,benign_single_use,0
0,1,0,19.55933697291738,0,0,0,0.0,1,0.32661390984377553,replay_attempt,1
0,0,1,45.65794133954623,0,0,0,0.0,1,0.37796816266350164,stale_after_reissue,1
0,1,0,11.170321633307301,1,0,0,0.0,1,0.47994903363307373,cross_session,1
0,1,0,22.27741257539242,0,0,0,0.0,1,0.9819252101191338,benign_single_use,0
0,1,0,47.865914754760766,0,0,0,0.0,0,0.8221550487452469,benign_sms_normal,0
10,0,0,40.40619095901132,0,0,0,4.010890179784305,1,0.9122041294902976,brute_force,1
0,1,0,52.690324851428116,1,0,0,0.0,0,0.4729138866814987,cross_session,1
1,1,0,22.23957073015484,0,0,0,0.0,0,0.7860162533073509,benign_retry_then_success,0
0,1,0,39.534696941094694,0,0,0,0.0,1,0.9605861488274403,benign_single_use,0
0,1,0,57.29465137917258,0,0,0,0.0,1,0.3158041260614271,replay_attempt,1
1,1,0,14.890595366611684,0,0,0,0.0,0,0.5531186156152708,benign_retry_then_success,0
0,1,0,5.1031166330289075,1,0,0,0.0,1,0.8938949482680889,cross_session,1
0,1,0,29.085372135279396,1,0,0,0.0,0,0.6403241054421838,cross_session,1
0,1,0,49.58780742994378,0,0,0,0.0,1,0.33046650744694384,benign_sms_normal,0
0,1,0,11.543960665305757,0,0,0,0.0,0,0.8409797655704294,benign_sms_normal,0
0,1,0,60.20221068538385,0,0,0,0.0,1,0.5988398012148928,benign_sms_normal,0
2,1,0,25.049356208152773,0,0,0,6.5874931706150495,1,0.763534742389653,benign_retry_then_success,0
3,0,0,8.8393488772636,0,0,0,2.0566510338812165,1,0.3805299707535417,brute_force,1
0,1,0,382.6338881842458,0,0,1,0.0,1,0.42462723585428336,late_verify,1
0,1,0,56.48530570318024,0,0,0,0.0,1,0.4372910137499487,replay_attempt,1
0,1,0,306.86524181990086,0,0,1,0.0,1,0.5116370867467489,late_verify,1
1,1,0,22.479896178646605,0,0,0,0.0,1,0.66188459227172,benign_retry_then_success,0
2,0,0,13.038747116549693,0,0,0,8.74498097618465,0,0.5746680760805204,benign_retry_then_success,0
0,1,1,24.30137413286263,0,1,0,0.0,1,0.9927283540043055,stale_after_reissue,1
0,1,0,22.67818112305565,0,0,0,0.0,0,0.5655701446529338,benign_single_use,0
1,1,0,19.26159493186202,0,0,0,0.0,1,0.5256254408300121,benign_retry_then_success,0
2,0,0,11.561921425059854,0,0,0,7.12583861280972,1,0.4307527168899806,benign_retry_then_success,0
0,1,0,368.0954258680506,0,0,1,0.0,0,0.5979564284183194,late_verify,1
0,1,0,59.56704859874019,0,0,0,0.0,0,0.9465741617931753,benign_single_use,0
0,1,0,60.806805419670674,0,0,0,0.0,0,0.619814325239391,benign_sms_normal,0
0,1,0,80.58645400700549,0,0,0,0.0,0,0.3468918200021775,benign_sms_normal,0
0,0,1,59.202176917657155,0,0,0,0.0,0,0.38913340765465304,stale_after_reissue,1
0,1,0,62.143251552346115,0,0,0,0.0,0,0.8433370801319477,benign_sms_normal,0
0,1,0,317.15671119241205,0,0,1,0.0,1,0.7257553282349549,late_verify,1
0,1,0,330.3019938793612,0,0,1,0.0,0,0.389201532656977,late_verify,1
5,0,0,13.505982067205114,0,0,0,3.086583668900169,1,0.415713603276266,brute_force,1
0,1,0,20.1969301370779,0,0,0,0.0,0,0.6846559832236782,benign_single_use,0
0,1,0,31.286198617605283,0,0,0,0.0,1,0.5940208174282062,benign_single_use,0
2,0,0,10.627652939721674,0,0,0,7.2021482163344075,0,0.39187870911048944,benign_retry_then_success,0
1,0,0,3.0473218906273343,0,0,0,0.0,1,0.4365232508766361,benign_retry_then_success,0
6,0,0,22.603280128390878,0,0,0,4.28102876421976,0,0.9477540133774263,brute_force,1
0,2,0,31.5396450602709,0,0,0,0.0,1,0.5542667250535068,replay_attempt,1
0,1,0,25.81131806888208,0,0,0,0.0,0,0.6363145900007536,benign_single_use,0
0,2,0,42.49519313611144,0,0,0,0.0,1,0.5346128745300819,replay_attempt,1
0,1,0,5.722902093401912,0,0,0,0.0,1,0.7620359387736528,benign_sms_normal,0
0,1,0,387.2123810341617,0,0,1,0.0,0,0.6971370667918206,late_verify,1
5,0,0,21.58662575477522,0,0,0,4.07591483135783,1,0.4162572032874641,brute_force,1
1,0,0,10.146471731119314,0,0,0,0.0,0,0.48894340711872947,benign_retry_then_success,0
1,1,0,20.632655937741564,0,0,0,0.0,1,0.9891580873036905,benign_retry_then_success,0
1,1,0,18.856844355036625,0,0,0,0.0,1,0.77546443892393,benign_retry_then_success,0
0,1,0,20.267496144088028,0,0,0,0.0,0,0.6138535125773333,benign_sms_normal,0
0,1,1,68.4154228171036,0,1,0,0.0,1,0.7171732535836743,stale_after_reissue,1
0,1,0,18.871235894586817,0,0,0,0.0,1,0.8086445900227277,benign_single_use,0
0,1,1,79.12029666563387,0,1,0,0.0,0,0.5298996724183269,stale_after_reissue,1
0,2,0,66.59917850362898,0,0,0,0.0,1,0.8210381813088579,replay_attempt,1
7,0,0,18.038897266310222,0,0,0,2.4419619733363187,1,0.847350479051401,brute_force,1
0,1,0,6.300371518172925,1,0,0,0.0,1,0.8519671386614809,cross_session,1
0,1,0,74.95643504423235,0,0,0,0.0,1,0.9945515099606559,benign_sms_normal,0
0,1,0,57.94231956831977,1,0,0,0.0,1,0.9641909627509992,cross_session,1
0,1,0,48.585996605732745,0,0,0,0.0,1,0.8430591441807598,benign_single_use,0
0,1,0,346.71861118051663,0,0,1,0.0,1,0.5800384761211672,late_verify,1
0,1,0,405.6887152162561,0,0,1,0.0,1,0.9130917244614973,late_verify,1
0,1,1,69.9895626790658,0,1,0,0.0,1,0.9652378930260603,stale_after_reissue,1
0,1,0,9.960832635446724,0,0,0,0.0,1,0.6976006826386955,benign_single_use,0
0,2,0,36.11695732355044,0,0,0,0.0,0,0.8118385997359892,replay_attempt,1
0,0,1,14.84761520312531,0,0,0,0.0,1,0.403154286567322,stale_after_reissue,1
0,2,0,72.51545510296809,0,0,0,0.0,1,0.8665460171127715,replay_attempt,1
2,0,0,22.409787709218303,0,0,0,7.691517695618696,1,0.3947777681934703,benign_retry_then_success,0
4,0,0,15.38152176383597,0,0,0,4.486781623708605,0,0.3472874022128689,brute_force,1
6,0,0,20.492854269945312,0,0,0,3.4923567399806226,0,0.8417991754662544,brute_force,1
0,1,0,53.38147259987599,0,0,0,0.0,1,0.7832899201739851,benign_single_use,0
1,1,0,25.91097002781018,0,0,0,0.0,0,0.7440248394527426,benign_retry_then_success,0
0,1,0,32.483602283295596,0,0,0,0.0,0,0.4070731474195794,benign_single_use,0
0,1,1,51.8222168568648,0,1,0,0.0,0,0.8485124896758636,stale_after_reissue,1
0,1,1,62.5535244667705,0,1,0,0.0,1,0.5755168188454003,stale_after_reissue,1
0,0,1,21.653431931258655,0,0,0,0.0,1,0.42252792166776826,stale_after_reissue,1
0,1,0,54.58087198856881,0,0,0,0.0,0,0.848725530370924,benign_single_use,0
0,1,0,18.140749203577816,1,0,0,0.0,0,0.5847743174150355,cross_session,1
0,1,1,44.96701908987193,0,1,0,0.0,1,0.5579748273350418,stale_after_reissue,1
2,1,0,22.210253322035076,0,0,0,8.175651973439694,0,0.6747431088921881,benign_retry_then_success,0
0,1,0,46.10518886464658,1,0,0,0.0,0,0.5871952918899288,cross_session,1
0,1,0,301.83251707531537,0,0,1,0.0,1,0.5411424558496776,late_verify,1
7,0,0,24.376275299149473,0,0,0,3.2721029850996293,1,0.8666709697663153,brute_force,1
0,1,0,6.513783272422,0,0,0,0.0,1,0.6060831030166745,benign_sms_normal,0
0,1,0,12.60789363794674,0,0,0,0.0,1,0.38202986598421884,benign_single_use,0
0,1,0,48.22595936084464,0,0,0,0.0,0,0.7867632389644248,benign_single_use,0
0,1,0,44.78085846983621,0,0,0,0.0,0,0.41052609535562345,replay_attempt,1
0,1,0,23.13083097483246,0,0,0,0.0,0,0.9788244587191146,benign_single_use,0
0,1,0,345.28591072000506,0,0,1,0.0,0,0.7712158002776256,late_verify,1
0,1,0,374.5983700977884,0,0,1,0.0,1,0.47063828233832355,late_verify,1
0,1,0,65.03965571246177,0,0,0,0.0,0,0.690170354707487,benign_sms_normal,0
0,1,0,32.80152029862643,1,0,0,0.0,0,0.5235562164550422,cross_session,1
0,1,0,50.419464424569306,0,0,0,0.0,1,0.9061747959192887,benign_sms_normal,0
0,1,0,8.109529619464325,1,0,0,0.0,1,0.5086833178976105,cross_session,1
0,1,0,304.76637150506997,0,0,1,0.0,0,0.9432035717261831,late_verify,1
0,1,0,364.3666443200081,0,0,1,0.0,0,0.6986878253517894,late_verify,1
0,1,0,50.46188871070568,1,0,0,0.0,1,0.7178219890568698,cross_session,1
0,1,0,417.2346468001602,0,0,1,0.0,1,0.32232804590592024,late_verify,1
0,1,0,53.51272533270372,0,0,0,0.0,0,0.4263660738803331,benign_single_use,0
0,1,1,84.68756404680572,0,1,0,0.0,1,0.8852836742961747,stale_after_reissue,1
0,1,0,58.513630548488166,0,0,0,0.0,0,0.749594882911345,benign_single_use,0
0,1,0,31.893024086499054,0,0,0,0.0,0,0.3062161352865142,replay_attempt,1
0,1,0,15.05495790957606,0,0,0,0.0,1,0.6834657659775722,benign_sms_normal,0
0,1,0,354.40022649833617,0,0,1,0.0,1,0.7789063558900877,late_verify,1
0,1,0,21.457655533091106,0,0,0,0.0,1,0.9819515707790312,benign_single_use,0
0,1,0,38.31366811592115,0,0,0,0.0,0,0.7977772633396489,benign_sms_normal,0
0,2,0,61.40903558522777,0,0,0,0.0,1,0.9360335588282471,replay_attempt,1
1,0,0,9.288106735425382,0,0,0,0.0,1,0.31625578860992976,benign_retry_then_success,0
0,1,1,80.56861761709582,0,1,0,0.0,0,0.9212585506413469,stale_after_reissue,1
0,1,0,20.886910617136536,0,0,0,0.0,0,0.9304516281437465,benign_single_use,0
1,0,0,3.5328840435338016,0,0,0,0.0,1,0.39751722934907135,benign_retry_then_success,0
0,1,0,21.917456293206143,1,0,0,0.0,1,0.34586934363536015,cross_session,1
6,0,0,24.809514190663428,0,0,0,3.769632909460357,0,0.8853528164310656,brute_force,1
2,1,0,31.35652772012054,0,0,0,3.3993788385558084,1,0.899907468665583,benign_retry_then_success,0
5,0,0,17.703926754727156,0,0,0,3.191286784156039,1,0.5251815362015343,brute_force,1
0,1,0,62.53430986218889,0,0,0,0.0,1,0.8189218552168691,benign_sms_normal,0
0,1,1,46.617423532809624,0,1,0,0.0,0,0.5349184946045356,stale_after_reissue,1
0,1,0,343.91348135603096,0,0,1,0.0,0,0.38219182174588917,late_verify,1
0,1,0,10.119243874390957,1,0,0,0.0,1,0.4864100824071813,cross_session,1
1,1,0,19.03993001579586,0,0,0,0.0,1,0.6790573922275036,benign_retry_then_success,0
0,1,0,17.244285010330426,1,0,0,0.0,0,0.4557656526934253,cross_session,1
7,0,0,26.728709791522768,0,0,0,3.965130746453083,1,0.8103495049891283,brute_force,1
0,1,0,49.614608006602566,0,0,0,0.0,1,0.5670711193784506,benign_single_use,0
0,1,0,36.00687305233693,0,0,0,0.0,1,0.6483667791393777,benign_sms_normal,0
5,0,0,20.191970988532063,0,0,0,3.740953536733489,0,0.544117963846912,brute_force,1
0,1,0,26.86176037858984,0,0,0,0.0,0,0.7271461646650859,benign_sms_normal,0
0,1,0,40.72620034952197,1,0,0,0.0,0,0.3655499631829153,cross_session,1
0,1,0,54.92111018749713,0,0,0,0.0,0,0.3181036817664487,benign_sms_normal,0
1,0,0,10.503012092254105,0,0,0,0.0,1,0.40207412139499005,benign_retry_then_success,0
1,0,0,5.733528319845664,0,0,0,0.0,0,0.33489048082417894,benign_retry_then_success,0
0,2,0,37.27169356279675,0,0,0,0.0,1,0.5574271704163418,replay_attempt,1
0,1,0,24.256872706125208,0,0,0,0.0,0,0.6654739473208261,benign_single_use,0
0,1,0,30.85096373808467,0,0,0,0.0,1,0.9400983089428436,benign_single_use,0
4,0,0,13.144343159181084,0,0,0,3.664526227600461,0,0.6438606858656833,brute_force,1
2,0,0,9.445684243935439,0,0,0,4.950398258602867,1,0.4198292315227521,benign_retry_then_success,0
0,1,0,18.61508679167376,0,0,0,0.0,0,0.9318256766491624,benign_sms_normal,0
0,1,0,46.44519061538791,0,0,0,0.0,1,0.6467590511152308,benign_sms_normal,0
0,1,0,351.8155563462164,0,0,1,0.0,0,0.36987951727047186,late_verify,1
2,1,0,38.81673338591017,0,0,0,14.820550508222617,0,0.7256770502646118,benign_retry_then_success,0
0,1,0,41.25004201340416,1,0,0,0.0,1,0.6248462209313359,cross_session,1
0,1,0,19.217141064578676,0,0,0,0.0,1,0.6406734425095018,benign_single_use,0
0,1,0,36.09673044335224,1,0,0,0.0,0,0.47169858356847333,cross_session,1
0,1,0,13.938943916186942,0,0,0,0.0,1,0.9736659185451433,benign_single_use,0
0,1,0,34.94373451827384,0,0,0,0.0,0,0.32043762356480665,benign_sms_normal,0
0,2,0,39.232529891133424,0,0,0,0.0,1,0.8215961930727695,replay_attempt,1
0,0,1,25.944533810861113,0,0,0,0.0,1,0.3764363230909161,stale_after_reissue,1
0,1,0,58.97674622459188,0,0,0,0.0,1,0.9949724269274978,benign_single_use,0
0,1,1,72.62725624924344,0,1,0,0.0,1,0.5294694101013656,stale_after_reissue,1
2,1,0,31.465394321637056,0,0,0,12.90923675889071,0,0.8425488446629421,benign_retry_then_success,0
0,1,0,308.84464529286316,0,0,1,0.0,0,0.8548672039640963,late_verify,1
0,1,0,82.29378857537718,0,0,0,0.0,1,0.38117403011678275,benign_sms_normal,0
0,1,0,42.58038396995803,0,0,0,0.0,0,0.8514216141722084,benign_single_use,0
1,0,0,8.923636902770967,0,0,0,0.0,1,0.4770915146762215,benign_retry_then_success,0
0,1,0,55.4735275546631,0,0,0,0.0,0,0.6295918455194218,benign_sms_normal,0
0,1,0,50.573862241435016,1,0,0,0.0,0,0.46917679308935245,cross_session,1
0,1,1,90.89135546078086,0,1,0,0.0,0,0.877777810214253,stale_after_reissue,1
0,1,0,54.50061041889064,0,0,0,0.0,0,0.5743653185640442,benign_single_use,0
0,1,0,418.1939303241816,0,0,1,0.0,0,0.3791368522227538,late_verify,1
0,1,0,318.94442847944805,0,0,1,0.0,0,0.8001172652050661,late_verify,1
0,1,0,51.90899865710538,1,0,0,0.0,0,0.9352166217851343,cross_session,1
0,1,0,69.3326985292728,0,0,0,0.0,0,0.9450693024900805,benign_sms_normal,0
0,1,0,38.04818332631696,0,0,0,0.0,1,0.3315037711786777,benign_single_use,0
0,2,0,59.42582483207126,0,0,0,0.0,0,0.9648215999106584,replay_attempt,1
0,1,0,31.202125708708742,0,0,0,0.0,1,0.42420068246670756,benign_single_use,0
1,1,0,23.196880106837696,0,0,0,0.0,0,0.5831541294167286,benign_retry_then_success,0
0,1,0,52.64053846145599,0,0,0,0.0,1,0.7923841527340489,benign_single_use,0
0,1,0,13.794895984939672,0,0,0,0.0,0,0.5746159434952531,benign_single_use,0
0,1,1,48.37579653032699,0,1,0,0.0,1,0.8516402236663225,stale_after_reissue,1
0,1,0,18.467885450427147,0,0,0,0.0,0,0.3093604931843789,replay_attempt,1
10,0,0,37.626708915812515,0,0,0,3.5540467706538528,1,0.8436640222474598,brute_force,1
0,1,0,20.53525212869873,0,0,0,0.0,0,0.3949492380731036,benign_single_use,0
0,1,0,30.83937498006641,1,0,0,0.0,1,0.6710977212113107,cross_session,1
1,1,0,13.830573036489287,0,0,0,0.0,1,0.7367052496487916,benign_retry_then_success,0
0,1,0,38.706820375823504,0,0,0,0.0,1,0.7596764590271534,benign_single_use,0
0,1,0,28.14027559782845,0,0,0,0.0,1,0.6837804468028781,benign_single_use,0
1,1,0,6.6966159437605945,0,0,0,0.0,1,0.8852877912829673,benign_retry_then_success,0
0,1,0,36.73761132541558,0,0,0,0.0,1,0.5797431537183633,benign_single_use,0
0,1,0,43.412087763135844,1,0,0,0.0,1,0.31591902440742103,cross_session,1
0,1,0,34.496639572041985,0,0,0,0.0,0,0.8088192595581745,benign_sms_normal,0
0,1,0,22.0823530827922,1,0,0,0.0,1,0.988127210048517,cross_session,1
2,1,0,18.554077753835415,0,0,0,6.35182536413685,1,0.7414379930167734,benign_retry_then_success,0
5,0,0,21.586091574062674,0,0,0,4.818313252930791,0,0.4521214183890748,brute_force,1
0,2,0,31.994036515469638,0,0,0,0.0,0,0.6251590081250478,replay_attempt,1
2,1,0,32.051209345239585,0,0,0,8.7398926300107,0,0.9206774741429276,benign_retry_then_success,0
1,1,0,13.709106569170816,0,0,0,0.0,1,0.891394876686264,benign_retry_then_success,0
0,1,0,16.614730600706483,0,0,0,0.0,1,0.8189485634727147,benign_single_use,0
0,1,0,78.38357479178362,0,0,0,0.0,0,0.8489696470573229,benign_sms_normal,0
0,2,0,68.72542689961145,0,0,0,0.0,1,0.6676153214415947,replay_attempt,1
7,0,0,23.368176745507636,0,0,0,3.219284056359413,1,0.6927343205885517,brute_force,1
8,0,0,26.75302495388195,0,0,0,3.3020548676074237,0,0.7820669584145485,brute_force,1
0,1,0,22.523054887011835,0,0,0,0.0,0,0.710059478909943,benign_sms_normal,0
2,0,0,16.019986910080547,0,0,0,6.353074139645171,0,0.6624229090733718,benign_retry_then_success,0
4,0,0,17.317564287672234,0,0,0,3.8586546628142897,0,0.4731736152382625,brute_force,1
0,1,0,56.81998001323251,1,0,0,0.0,0,0.4754189754908035,cross_session,1
0,1,0,34.29460228891705,0,0,0,0.0,0,0.44319952689446446,replay_attempt,1
0,1,1,95.7299096532281,0,1,0,0.0,0,0.9140674839424963,stale_after_reissue,1
0,1,0,13.649160241536219,0,0,0,0.0,0,0.9829744893285313,benign_single_use,0
0,1,0,16.072225177133667,0,0,0,0.0,0,0.7346127055075815,benign_single_use,0
6,0,0,17.0452024320988,0,0,0,2.538675621882518,1,0.828308272110827,brute_force,1
0,1,0,58.13996589672966,1,0,0,0.0,1,0.5504326231974372,cross_session,1
0,1,0,40.11254730674163,0,0,0,0.0,1,0.47651706719370496,replay_attempt,1
0,1,0,414.81191481181486,0,0,1,0.0,0,0.9332725334526608,late_verify,1
0,1,0,413.6775004330498,0,0,1,0.0,0,0.9193687869250067,late_verify,1
1,0,0,4.929482887914453,0,0,0,0.0,1,0.3755951802543427,benign_retry_then_success,0
0,2,0,69.18507582068172,0,0,0,0.0,0,0.7418014053971026,replay_attempt,1
0,1,0,36.86406269115352,0,0,0,0.0,0,0.7378768447094661,benign_single_use,0
1,1,0,15.55564510789464,0,0,0,0.0,1,0.7138400082737353,benign_retry_then_success,0
1,1,0,17.799378668379873,0,0,0,0.0,0,0.9530872319285657,benign_retry_then_success,0
0,2,0,29.007905167140912,0,0,0,0.0,0,0.941429471153769,replay_attempt,1
0,1,0,7.701604482189268,0,0,0,0.0,1,0.6576995901931273,benign_sms_normal,0
0,1,1,39.79796514680257,0,1,0,0.0,1,0.871102415181741,stale_after_reissue,1
0,1,1,73.84589487373944,0,1,0,0.0,0,0.9736131735026166,stale_after_reissue,1
2,1,0,26.377449239389325,0,0,0,13.289246419799937,0,0.7952358337047924,benign_retry_then_success,0
0,1,0,57.46650199243024,0,0,0,0.0,0,0.6095495469621643,benign_single_use,0
3,0,0,11.240354707496742,0,0,0,4.432583454524196,1,0.3805315576419307,brute_force,1
0,0,1,10.669872813536532,0,0,0,0.0,1,0.3143768198201803,stale_after_reissue,1
0,1,0,33.68493208530796,1,0,0,0.0,0,0.7721774058739399,cross_session,1
0,1,0,317.6806755353144,0,0,1,0.0,1,0.3401361823952009,late_verify,1
2,0,0,15.629594417589303,0,0,0,5.94914959588885,1,0.35298021084737996,benign_retry_then_success,0
1,1,0,18.866082051080713,0,0,0,0.0,1,0.80267213880637,benign_retry_then_success,0
0,0,1,12.968284438404378,0,0,0,0.0,0,0.38396894191817765,stale_after_reissue,1
0,1,0,385.8616129838499,0,0,1,0.0,0,0.3444723541977976,late_verify,1
0,1,0,49.53285692945245,1,0,0,0.0,1,0.8978880304465431,cross_session,1
0,0,1,34.042641581261506,0,0,0,0.0,0,0.3958898605077563,stale_after_reissue,1
0,1,0,409.67682242659725,0,0,1,0.0,0,0.746117127758138,late_verify,1
0,1,0,46.20198664670896,0,0,0,0.0,0,0.4269534334914372,benign_sms_normal,0
0,1,0,34.75189914699137,1,0,0,0.0,1,0.670514342870184,cross_session,1
0,1,0,383.15311512248843,0,0,1,0.0,0,0.5744237307429452,late_verify,1
0,1,1,65.50005663332547,0,1,0,0.0,1,0.9869603371503641,stale_after_reissue,1
0,1,0,56.866137650934725,1,0,0,0.0,0,0.7864477527948359,cross_session,1
0,1,0,307.15892501414703,0,0,1,0.0,0,0.6064486867995971,late_verify,1
0,1,0,8.90513809237109,0,0,0,0.0,0,0.7167287289860611,benign_single_use,0
0,1,0,388.16754910817906,0,0,1,0.0,0,0.9648080786163262,late_verify,1
0,1,0,71.70079366387779,0,0,0,0.0,1,0.7904988061878602,benign_sms_normal,0
0,1,0,57.209682952339946,1,0,0,0.0,0,0.762847405279083,cross_session,1
0,1,0,87.33904260179757,0,0,0,0.0,1,0.462005844358866,benign_sms_normal,0
0,1,0,6.339661058120402,1,0,0,0.0,0,0.699853354133594,cross_session,1
0,1,0,373.6427614850709,0,0,1,0.0,1,0.5067752987272776,late_verify,1
0,1,0,407.4780428441435,0,0,1,0.0,0,0.37064052172831874,late_verify,1
0,1,0,47.31380135757976,0,0,0,0.0,1,0.6000529024414613,benign_sms_normal,0
1,1,0,21.688864745489667,0,0,0,0.0,0,0.8606686695531593,benign_retry_then_success,0
0,1,0,52.12604957309839,0,0,0,0.0,1,0.8738373120331664,benign_single_use,0
0,1,1,63.65293275151382,0,1,0,0.0,0,0.5771195810936434,stale_after_reissue,1
0,1,0,19.51847185206124,1,0,0,0.0,0,0.8843235462171044,cross_session,1
9,0,0,43.330001975534465,0,0,0,4.687631815415851,0,0.7903821639655383,brute_force,1
6,0,0,15.976231740041973,0,0,0,2.4219349572940905,0,0.8998240789699994,brute_force,1
0,1,0,13.10106138400536,0,0,0,0.0,1,0.40656891202216067,benign_sms_normal,0
1,1,0,15.526330590509751,0,0,0,0.0,0,0.6847965326701062,benign_retry_then_success,0
1,0,0,8.097085412347221,0,0,0,0.0,1,0.45419703971599357,benign_retry_then_success,0
0,1,0,58.78421523304032,0,0,0,0.0,1,0.49585076817407636,benign_single_use,0
1,1,0,26.1516841762084,0,0,0,0.0,0,0.8528253759466558,benign_retry_then_success,0
1,0,0,7.850762795194301,0,0,0,0.0,1,0.3012072509794233,benign_retry_then_success,0
0,1,0,332.4893725534279,0,0,1,0.0,0,0.36036304145738685,late_verify,1
0,2,0,84.71029321093789,0,0,0,0.0,0,0.6374138366943649,replay_attempt,1
0,1,0,38.32081249610924,0,0,0,0.0,0,0.8632884793533704,benign_single_use,0
0,1,0,38.394790774776574,0,0,0,0.0,0,0.9579158745980136,benign_single_use,0
0,1,0,37.02414637446611,0,0,0,0.0,0,0.9953333110222027,benign_sms_normal,0
0,1,0,37.436538138433335,0,0,0,0.0,0,0.31698689189514306,benign_single_use,0
1,1,0,20.039251804067433,0,0,0,0.0,0,0.5686236323605682,benign_retry_then_success,0
0,1,1,88.98817510174388,0,1,0,0.0,1,0.8549255797468931,stale_after_reissue,1
2,1,0,32.135408437642106,0,0,0,4.598952098615282,1,0.9242196116225443,benign_retry_then_success,0
0,1,0,38.21867707170581,0,0,0,0.0,1,0.6068923038064715,benign_single_use,0
0,1,0,49.59097998323292,0,0,0,0.0,1,0.35354330467566275,benign_sms_normal,0
0,1,0,7.072933264327755,1,0,0,0.0,1,0.8156687685788009,cross_session,1
0,1,0,29.89518916733734,0,0,0,0.0,0,0.4750569501150407,replay_attempt,1
0,1,0,311.12207808082223,0,0,1,0.0,0,0.5617489530959944,late_verify,1
6,0,0,20.4947872642455,0,0,0,3.3543541089438604,1,0.8701687987247491,brute_force,1
4,0,0,14.19951880474592,0,0,0,3.298454106356003,0,0.32460871806900055,brute_force,1
0,1,0,15.537242923174931,0,0,0,0.0,0,0.3123549121577858,replay_attempt,1
0,1,0,27.20123236645422,0,0,0,0.0,1,0.3340037164809003,benign_single_use,0
1,1,0,17.468171379480225,0,0,0,0.0,1,0.9079501133732202,benign_retry_then_success,0
3,0,0,10.59708564397069,0,0,0,3.696626050231777,1,0.4221367074268095,brute_force,1
0,1,0,5.292764012223114,0,0,0,0.0,0,0.579688062499577,benign_single_use,0
0,1,0,82.52389285122408,0,0,0,0.0,1,0.6736476235302292,benign_sms_normal,0
0,1,0,346.91745615670857,0,0,1,0.0,0,0.33249265305391407,late_verify,1
0,2,0,51.60507321436951,0,0,0,0.0,0,0.8559081626799403,replay_attempt,1
0,1,0,44.04453734472078,0,0,0,0.0,0,0.7975388185978229,benign_single_use,0
0,1,0,19.483621174986226,0,0,0,0.0,0,0.6297327964313288,benign_sms_normal,0
0,1,0,58.08142738953912,0,0,0,0.0,1,0.7164080302755809,benign_single_use,0
0,1,0,40.169417469244706,1,0,0,0.0,1,0.4470484029415832,cross_session,1
2,0,0,15.219502058448231,0,0,0,7.54166627690315,1,0.4778592048971884,benign_retry_then_success,0
4,0,0,9.091267311594267,0,0,0,2.433257575048219,1,0.3419564436202659,brute_force,1
2,0,0,11.08921501556509,0,0,0,3.006852676838067,1,0.416319131974941,benign_retry_then_success,0
0,1,0,7.418776132331049,0,0,0,0.0,1,0.8745511341950987,benign_single_use,0
1,1,0,12.721170511291408,0,0,0,0.0,0,0.8798820182227485,benign_retry_then_success,0
0,1,0,24.439642182638188,0,0,0,0.0,1,0.38584999334652853,replay_attempt,1
0,1,0,34.3990369750205,0,0,0,0.0,1,0.4577688313434338,benign_sms_normal,0
0,2,0,51.04630704326349,0,0,0,0.0,0,0.9405913144617464,replay_attempt,1
0,1,1,35.32310432725984,0,1,0,0.0,1,0.9283635473038732,stale_after_reissue,1
2,1,0,34.74163587368372,0,0,0,12.560323362130562,1,0.9446747316350785,benign_retry_then_success,0
0,1,0,44.18978590698171,0,0,0,0.0,0,0.6509763604084282,benign_single_use,0
1,1,0,22.021459735994384,0,0,0,0.0,1,0.5232071491550967,benign_retry_then_success,0
0,2,0,37.01435053543314,0,0,0,0.0,1,0.9230927552687582,replay_attempt,1
0,1,0,21.79929781710064,0,0,0,0.0,1,0.6949845982425236,benign_single_use,0
0,1,0,10.93776067471963,0,0,0,0.0,0,0.9239010552295219,benign_single_use,0
0,1,0,37.71426927654938,0,0,0,0.0,1,0.3285262905532792,benign_single_use,0
0,0,1,58.44293407362534,0,0,0,0.0,0,0.3234956239324988,stale_after_reissue,1
0,1,0,11.391963626670426,0,0,0,0.0,0,0.7765264686334539,benign_sms_normal,0
6,0,0,21.999933975521216,0,0,0,3.3222845230154237,0,0.9322019798292502,brute_force,1
0,1,0,71.84099062113872,0,0,0,0.0,0,0.7011319035696671,benign_sms_normal,0
0,1,0,50.042115241811054,0,0,0,0.0,0,0.46874996005934944,benign_single_use,0
0,1,0,35.18773648328969,0,0,0,0.0,1,0.3031146770527487,benign_single_use,0
0,2,0,59.60889195422807,0,0,0,0.0,0,0.6336159656135407,replay_attempt,1
0,1,1,40.276427743612935,0,1,0,0.0,1,0.534876023951002,stale_after_reissue,1
1,0,0,4.717127397350332,0,0,0,0.0,1,0.3108444999516896,benign_retry_then_success,0
0,1,1,51.5405863693408,0,1,0,0.0,0,0.6732358027329127,stale_after_reissue,1
0,1,0,12.995151768412846,0,0,0,0.0,1,0.9890956856111532,benign_sms_normal,0
0,1,0,11.089592200261663,1,0,0,0.0,1,0.7966404721049285,cross_session,1
0,1,0,10.79068282818423,1,0,0,0.0,1,0.38810420805904633,cross_session,1
0,1,0,59.23282118854764,0,0,0,0.0,1,0.7188688524668547,benign_single_use,0
0,1,0,86.51178442038906,0,0,0,0.0,1,0.8824204780235989,benign_sms_normal,0
0,2,0,36.50352911343608,0,0,0,0.0,1,0.5426870332434239,replay_attempt,1
1,1,0,15.632338775361855,0,0,0,0.0,0,0.516543137122661,benign_retry_then_success,0
0,1,0,36.7398838451723,0,0,0,0.0,0,0.6366354412515051,benign_sms_normal,0
0,1,0,22.229077642082558,0,0,0,0.0,0,0.325658776617766,benign_sms_normal,0
0,1,0,319.69922027821514,0,0,1,0.0,0,0.5770519354509858,late_verify,1
0,1,0,32.10428519095236,0,0,0,0.0,0,0.8075800214237006,benign_sms_normal,0
0,1,0,7.4160478965361705,0,0,0,0.0,1,0.4131830127129251,benign_single_use,0
0,1,0,58.98288691282499,0,0,0,0.0,1,0.8546279541886379,benign_sms_normal,0
2,1,0,18.197609816978137,0,0,0,6.4170032980054845,0,0.9975044933949564,benign_retry_then_success,0
5,0,0,20.971100883241885,0,0,0,3.8356609239587085,0,0.8081992700036351,brute_force,1
0,1,0,89.95461938456857,0,0,0,0.0,0,0.9593228085141099,benign_sms_normal,0
0,1,0,49.437263163246705,0,0,0,0.0,1,0.6753950087171677,benign_sms_normal,0
0,2,0,58.174066178076316,0,0,0,0.0,0,0.7610943461424639,replay_attempt,1
0,1,0,39.99708336644159,0,0,0,0.0,1,0.5998138571926271,benign_single_use,0
0,1,0,64.96257933742002,0,0,0,0.0,1,0.30089162237562334,benign_sms_normal,0
0,0,1,27.69548036500265,0,0,0,0.0,0,0.4211107866403834,stale_after_reissue,1
0,1,0,347.18179966353176,0,0,1,0.0,0,0.8152448730152142,late_verify,1
0,1,0,46.1463420146568,0,0,0,0.0,1,0.8689720982374565,benign_sms_normal,0
4,0,0,16.507346434487154,0,0,0,3.6286181231382675,0,0.5178954531213209,brute_force,1
0,1,0,14.305849623415451,1,0,0,0.0,1,0.8218992772006577,cross_session,1
1,1,0,23.182120354728433,0,0,0,0.0,1,0.6608046604004082,benign_retry_then_success,0
0,1,0,57.64902766528841,1,0,0,0.0,1,0.7590687767814086,cross_session,1
2,1,0,26.866976513859083,0,0,0,4.949889836987083,1,0.7669873393516053,benign_retry_then_success,0
0,1,0,318.8448769700806,0,0,1,0.0,0,0.7437878159756626,late_verify,1
0,1,0,8.077409143766427,0,0,0,0.0,0,0.979303041963226,benign_sms_normal,0
0,2,0,56.83967955776646,0,0,0,0.0,0,0.8397230976573624,replay_attempt,1
0,1,0,60.397430375272,0,0,0,0.0,1,0.4991870992041042,benign_sms_normal,0
0,1,0,413.72525769228,0,0,1,0.0,0,0.9024379313089512,late_verify,1
1,1,0,13.485894394810664,0,0,0,0.0,0,0.9024672264021498,benign_retry_then_success,0
0,1,0,56.85618231903493,0,0,0,0.0,0,0.6798454486279661,benign_single_use,0
0,1,0,22.180339258477346,0,0,0,0.0,0,0.3517388409033327,benign_single_use,0
0,1,0,11.968468634348554,1,0,0,0.0,0,0.41446158088838886,cross_session,1
0,1,0,5.605917399754451,0,0,0,0.0,0,0.9651007199152732,benign_single_use,0
0,1,1,61.55495805537714,0,1,0,0.0,0,0.6385229762278846,stale_after_reissue,1
1,1,0,17.350237522024095,0,0,0,0.0,1,0.7769387440072555,benign_retry_then_success,0
0,1,0,306.5091242281836,0,0,1,0.0,0,0.3055052829272657,late_verify,1
0,1,0,16.71044138150189,0,0,0,0.0,1,0.6629858583140875,benign_sms_normal,0
0,1,0,5.466447548731875,0,0,0,0.0,1,0.3393004784734901,benign_single_use,0
2,0,0,22.483786766789457,0,0,0,13.770581261584855,1,0.5380986087506204,benign_retry_then_success,0
1,1,0,21.339155487816015,0,0,0,0.0,0,0.5225178314819721,benign_retry_then_success,0
0,1,0,367.7262578204401,0,0,1,0.0,0,0.5625616179658816,late_verify,1
1,1,0,28.31612356275224,0,0,0,0.0,1,0.8784774130034403,benign_retry_then_success,0
0,1,0,17.468468965426318,0,0,0,0.0,1,0.6526052411137662,benign_sms_normal,0
0,1,0,15.419072537470656,1,0,0,0.0,1,0.4539617485993806,cross_session,1
0,1,0,311.5790594314325,0,0,1,0.0,1,0.8126570238416477,late_verify,1
0,1,0,53.017078249836324,0,0,0,0.0,1,0.7267279612644935,benign_single_use,0
0,1,0,7.704103904656913,0,0,0,0.0,0,0.36216831740980554,replay_attempt,1
3,0,0,10.054975335480941,0,0,0,3.9197202242507254,1,0.3693690135320727,brute_force,1
0,1,0,73.77042768390267,0,0,0,0.0,1,0.7559714113935068,benign_sms_normal,0
0,2,0,48.7394442763307,0,0,0,0.0,1,0.7911634715150935,replay_attempt,1
1,0,0,5.466700872654592,0,0,0,0.0,0,0.3064990697964522,benign_retry_then_success,0
1,1,0,21.22853045872423,0,0,0,0.0,1,0.6935040421305885,benign_retry_then_success,0
0,1,0,10.052567729166313,0,0,0,0.0,1,0.7889237086128886,benign_sms_normal,0
1,1,0,22.44473887638134,0,0,0,0.0,1,0.817712948057316,benign_retry_then_success,0
7,0,0,18.99225933017208,0,0,0,2.9370267988493626,1,0.5516314660107338,brute_force,1
0,1,0,336.6417432296095,0,0,1,0.0,0,0.30234983972090884,late_verify,1
0,1,0,22.249369198966452,0,0,0,0.0,1,0.8498888475340449,benign_single_use,0
0,1,0,38.06063947069546,0,0,0,0.0,0,0.3262608189056089,benign_sms_normal,0
0,2,0,95.60498816253946,0,0,0,0.0,0,0.5210689404812591,replay_attempt,1
4,0,0,16.944601720172656,0,0,0,3.8345152601748453,1,0.4703372146272019,brute_force,1
0,1,0,41.06992518115478,0,0,0,0.0,0,0.6311910321639752,benign_sms_normal,0
0,1,0,17.278427946678107,0,0,0,0.0,1,0.7875621193093791,benign_single_use,0
0,1,0,38.203403153777245,1,0,0,0.0,1,0.5479112481249746,cross_session,1
0,1,0,45.92961065319839,0,0,0,0.0,0,0.6283923983084612,benign_single_use,0
2,1,0,32.44409286879575,0,0,0,13.130190617123729,0,0.9688070345656175,benign_retry_then_success,0
0,1,0,323.03119862971914,0,0,1,0.0,0,0.9232343143392512,late_verify,1
0,1,0,15.691840205088184,0,0,0,0.0,0,0.5136515207422903,benign_sms_normal,0
0,1,0,51.52955494007169,0,0,0,0.0,1,0.5433583234213719,benign_single_use,0
0,1,1,72.26518847920032,0,1,0,0.0,0,0.7081683281325085,stale_after_reissue,1
0,2,0,42.2480753291528,0,0,0,0.0,1,0.7276722894938497,replay_attempt,1
6,0,0,16.488995175634646,0,0,0,2.4927915032048125,0,0.5424716273215286,brute_force,1
2,0,0,20.696147723341923,0,0,0,12.687485097628608,0,0.45677329607104483,benign_retry_then_success,0
5,0,0,13.457924593564483,0,0,0,3.1106974110464445,0,0.6889291140921069,brute_force,1
0,1,1,93.26235236590966,0,1,0,0.0,0,0.9506828010005917,stale_after_reissue,1
0,1,0,44.410930805550855,0,0,0,0.0,0,0.8404176119280817,benign_single_use,0
0,1,0,85.94016328547593,0,0,0,0.0,1,0.5741131523229155,benign_sms_normal,0
0,1,0,51.30059804879213,0,0,0,0.0,1,0.6952546801233558,benign_sms_normal,0
0,1,0,19.52074639608084,1,0,0,0.0,0,0.6445689703250245,cross_session,1
0,1,0,45.83866013851186,1,0,0,0.0,1,0.6301447359290759,cross_session,1
0,1,0,379.45915579807274,0,0,1,0.0,1,0.7719004333457037,late_verify,1
0,1,0,74.98048247812771,0,0,0,0.0,1,0.6785057926719421,benign_sms_normal,0
0,1,1,23.940885894817576,0,1,0,0.0,1,0.8545102700653593,stale_after_reissue,1
0,1,0,32.392429220816936,1,0,0,0.0,0,0.991177842938471,cross_session,1
0,1,0,11.125493523481426,1,0,0,0.0,1,0.4711513017625807,cross_session,1
0,1,0,47.67021175916191,0,0,0,0.0,1,0.6958422678098797,benign_single_use,0
0,1,0,5.822665576366382,0,0,0,0.0,1,0.7772606599192573,benign_single_use,0
7,0,0,24.30985554400873,0,0,0,3.204132895974125,1,0.6974692018916814,brute_force,1
0,1,0,42.44915551514095,0,0,0,0.0,1,0.3379204304509406,benign_sms_normal,0
2,0,0,26.788444427623368,0,0,0,14.129082822924786,1,0.6541704299271807,benign_retry_then_success,0
3,0,0,11.274275444819896,0,0,0,4.634712124237523,0,0.3909622368202995,brute_force,1
5,0,0,16.31909428811681,0,0,0,2.6226863759085566,0,0.5966650558484696,brute_force,1
0,1,0,31.71308789730701,1,0,0,0.0,1,0.37801542103406105,cross_session,1
0,1,0,351.6772036752955,0,0,1,0.0,1,0.7275840237125104,late_verify,1
0,1,0,20.556742136701395,0,0,0,0.0,1,0.6460595202469954,benign_single_use,0
0,1,0,419.5550286124269,0,0,1,0.0,0,0.46158962029813644,late_verify,1
0,1,0,40.785055499421254,0,0,0,0.0,1,0.5128021808663493,benign_sms_normal,0
3,0,0,8.99747173248836,0,0,0,2.451745297900165,0,0.4924006602825944,brute_force,1
4,0,0,14.700153683174204,0,0,0,3.2499198959200037,0,0.31133661356197784,brute_force,1
4,0,0,13.56805523352244,0,0,0,2.7524202208177884,1,0.3467626345178575,brute_force,1
1,1,0,19.117486192765917,0,0,0,0.0,0,0.9819037771144821,benign_retry_then_success,0
0,1,0,48.76605089215879,0,0,0,0.0,0,0.7520015905590771,benign_single_use,0
0,1,0,12.075375542591097,1,0,0,0.0,1,0.3485845558082481,cross_session,1
0,1,0,40.000342215226304,1,0,0,0.0,1,0.4772558371732635,cross_session,1
10,0,0,36.34529698408062,0,0,0,3.6835190713496186,0,0.8425701308281475,brute_force,1
0,1,0,311.0862193400722,0,0,1,0.0,0,0.3121020390300687,late_verify,1
5,0,0,17.218455066535896,0,0,0,3.076223638219589,1,0.7574271686472238,brute_force,1
0,1,0,57.36167782217533,1,0,0,0.0,1,0.934527894738413,cross_session,1
0,1,0,358.16604924038063,0,0,1,0.0,0,0.9272713555759271,late_verify,1
0,1,0,57.918014578714704,0,0,0,0.0,0,0.7567415864507877,benign_single_use,0
0,1,0,43.25894246048312,0,0,0,0.0,1,0.34575828056773444,benign_single_use,0
0,2,0,52.40817023563654,0,0,0,0.0,0,0.5438379287893658,replay_attempt,1
0,1,0,49.07350247516075,0,0,0,0.0,0,0.9698002693900067,benign_sms_normal,0
5,0,0,18.031556002713142,0,0,0,4.0575459880391325,1,0.672966137920549,brute_force,1
0,1,0,23.22085922973284,0,0,0,0.0,1,0.9497109167861735,benign_sms_normal,0
0,1,0,55.58174718913608,0,0,0,0.0,0,0.5758365336905706,benign_single_use,0
8,0,0,27.666248713938582,0,0,0,3.2074177764971297,0,0.6982537088738614,brute_force,1
6,0,0,22.761747648084512,0,0,0,3.9516786397605967,1,0.656456514467678,brute_force,1
0,1,0,41.64671779138541,0,0,0,0.0,0,0.7787297039474947,benign_sms_normal,0
2,1,0,18.307960611411147,0,0,0,9.882231758792601,0,0.8655428930957398,benign_retry_then_success,0
1,0,0,12.626827855727353,0,0,0,0.0,1,0.459450266719413,benign_retry_then_success,0
1,1,0,25.545833812486183,0,0,0,0.0,0,0.8322210503505194,benign_retry_then_success,0
0,1,0,41.70747017154238,0,0,0,0.0,0,0.3830454810678147,benign_sms_normal,0
10,0,0,35.396557127161415,0,0,0,3.2945671856671686,0,0.844343616768209,brute_force,1
0,2,0,65.7303721073726,0,0,0,0.0,0,0.7046749689316277,replay_attempt,1
10,0,0,32.79410211422027,0,0,0,3.400925892063627,0,0.9782942139707522,brute_force,1
0,1,0,31.29805789832425,0,0,0,0.0,1,0.7886386598702642,benign_sms_normal,0
6,0,0,23.57357785254107,0,0,0,3.5376681984603353,1,0.5349875242045847,brute_force,1
0,2,0,74.23725825005772,0,0,0,0.0,0,0.6192018871205893,replay_attempt,1
1,1,0,26.3297487289476,0,0,0,0.0,1,0.8445452885822664,benign_retry_then_success,0
0,1,0,21.22262458653391,0,0,0,0.0,1,0.32112358704139804,benign_single_use,0
0,1,1,24.006734581466535,0,1,0,0.0,0,0.8569230950143023,stale_after_reissue,1
0,1,0,57.187440516352396,1,0,0,0.0,0,0.7019911805474423,cross_session,1
0,1,1,53.88822277126373,0,1,0,0.0,0,0.5997484612394195,stale_after_reissue,1
4,0,0,18.4545587756691,0,0,0,4.461156824837534,0,0.34850131674297447,brute_force,1
0,1,0,11.113484134927662,1,0,0,0.0,0,0.6288600464234841,cross_session,1
0,1,1,104.44167960820018,0,1,0,0.0,1,0.834994544741813,stale_after_reissue,1
5,0,0,19.716201868627778,0,0,0,3.8419888302096346,0,0.7743028303413216,brute_force,1
0,1,0,47.288341589462306,0,0,0,0.0,1,0.42318040974721294,benign_sms_normal,0
2,1,0,24.50102216496701,0,0,0,12.198686322118775,1,0.6947408686090613,benign_retry_then_success,0
0,1,0,20.36608368811195,0,0,0,0.0,0,0.3242992960608985,benign_single_use,0
0,1,1,103.6699312195617,0,1,0,0.0,0,0.7282997983398354,stale_after_reissue,1
0,1,0,54.31048497018389,1,0,0,0.0,1,0.6635135416957857,cross_session,1
0,1,1,76.120209060357,0,1,0,0.0,0,0.62442589582277,stale_after_reissue,1
0,1,0,26.475712182642486,1,0,0,0.0,0,0.8049799957127497,cross_session,1
0,1,0,48.43121495699582,1,0,0,0.0,1,0.31935291756138656,cross_session,1
10,0,0,32.57945856691279,0,0,0,3.22188776944518,1,0.8877626505882472,brute_force,1
0,1,0,411.6466682137566,0,0,1,0.0,0,0.9303283895199115,late_verify,1
0,1,1,66.55601096300919,0,1,0,0.0,1,0.7450062081755984,stale_after_reissue,1
0,1,1,45.617303553727794,0,1,0,0.0,0,0.8605060800227917,stale_after_reissue,1
0,1,0,30.69441331502651,0,0,0,0.0,0,0.5959956744288023,benign_sms_normal,0
0,1,0,17.70979574924942,0,0,0,0.0,1,0.5346981143702473,benign_sms_normal,0
0,2,0,66.34946067925009,0,0,0,0.0,0,0.6254878034803244,replay_attempt,1
0,1,0,27.04598353611749,0,0,0,0.0,1,0.47486146951437497,benign_sms_normal,0
0,1,0,45.576519304730446,0,0,0,0.0,1,0.32115729782933666,replay_attempt,1
0,2,0,89.59421431737515,0,0,0,0.0,0,0.6661532087420035,replay_attempt,1
0,2,0,44.715715003483,0,0,0,0.0,0,0.5145000233630141,replay_attempt,1
0,1,0,52.755318410177594,0,0,0,0.0,1,0.37125914994141024,benign_single_use,0
0,1,0,8.374403303745341,1,0,0,0.0,0,0.6850592531460061,cross_session,1
5,0,0,17.160094114521026,0,0,0,3.6736198034738523,1,0.791864803090433,brute_force,1
2,0,0,23.651420626766836,0,0,0,11.7200154997842,0,0.5485326989072818,benign_retry_then_success,0
0,1,0,13.868075074601718,0,0,0,0.0,1,0.42820294658266966,benign_sms_normal,0
4,0,0,16.38597828435878,0,0,0,4.046978513732582,1,0.5190239356591166,brute_force,1
0,1,0,11.675498837650704,0,0,0,0.0,1,0.5415093999267426,benign_sms_normal,0
0,1,0,11.709167588932477,0,0,0,0.0,1,0.8072419549481582,benign_single_use,0
0,1,0,25.75989412744226,0,0,0,0.0,0,0.863706750036543,benign_sms_normal,0
0,0,1,54.82015236942428,0,0,0,0.0,0,0.3383039486529418,stale_after_reissue,1
0,1,0,354.8652186612531,0,0,1,0.0,0,0.5943578348889407,late_verify,1
0,0,1,44.85181754306287,0,0,0,0.0,1,0.49106136906305764,stale_after_reissue,1
2,1,0,27.705844029282765,0,0,0,8.91600777339564,0,0.8336651719469641,benign_retry_then_success,0
0,1,0,35.02060565680681,1,0,0,0.0,0,0.48732760036352385,cross_session,1
0,1,0,7.836665886026798,0,0,0,0.0,0,0.7865073684708122,benign_single_use,0
0,1,0,13.08836190716038,0,0,0,0.0,1,0.4830051278816039,replay_attempt,1
1,1,0,14.743647817013334,0,0,0,0.0,1,0.534766890280754,benign_retry_then_success,0
0,1,1,62.52603130733087,0,1,0,0.0,1,0.8371358259848942,stale_after_reissue,1
0,2,0,39.43600093655705,0,0,0,0.0,0,0.8949455541164641,replay_attempt,1
0,0,1,8.322416723759787,0,0,0,0.0,0,0.4693442180323676,stale_after_reissue,1
0,2,0,81.15546074782748,0,0,0,0.0,0,0.5094314966696426,replay_attempt,1
0,1,0,6.252026683529678,0,0,0,0.0,1,0.37288132271806973,benign_single_use,0
0,0,1,27.164296832115813,0,0,0,0.0,1,0.47173194239837823,stale_after_reissue,1
0,1,0,42.26377005121338,0,0,0,0.0,0,0.3165629474739851,benign_single_use,0
0,2,0,68.71678990772351,0,0,0,0.0,1,0.7599129705300429,replay_attempt,1
0,2,0,94.88740558902828,0,0,0,0.0,1,0.5986981493357553,replay_attempt,1
0,1,0,301.12354070348437,0,0,1,0.0,1,0.6689111417794009,late_verify,1
0,2,0,60.46029729262567,0,0,0,0.0,1,0.5069510944281146,replay_attempt,1
0,1,1,109.52842151586148,0,1,0,0.0,0,0.5519761490103847,stale_after_reissue,1
0,1,1,92.43250130505565,0,1,0,0.0,0,0.6537378817962445,stale_after_reissue,1
0,1,0,48.18262240007301,1,0,0,0.0,1,0.7322251105071882,cross_session,1
0,1,0,83.09697796567797,0,0,0,0.0,0,0.7617708944883035,benign_sms_normal,0
0,1,0,43.642515045434045,0,0,0,0.0,1,0.9560675032198556,benign_sms_normal,0
0,1,0,57.84220253833874,0,0,0,0.0,1,0.87322817573521,benign_single_use,0
1,1,0,21.860860473547405,0,0,0,0.0,0,0.5544880065562099,benign_retry_then_success,0
0,1,0,416.4766673828901,0,0,1,0.0,0,0.9633719028127492,late_verify,1
0,1,0,359.5337288834536,0,0,1,0.0,1,0.9913483561375904,late_verify,1
0,1,0,57.97502637602093,0,0,0,0.0,1,0.7824363752769187,benign_single_use,0
0,1,0,16.224232391510984,0,0,0,0.0,1,0.6592681743114304,benign_sms_normal,0
0,2,0,50.19648828984929,0,0,0,0.0,1,0.9203015609124492,replay_attempt,1
0,1,0,348.6104917126945,0,0,1,0.0,1,0.7256427017040255,late_verify,1
0,1,0,17.09354502307286,0,0,0,0.0,1,0.6720305833059026,benign_single_use,0
0,1,0,33.71612257111572,0,0,0,0.0,1,0.49048281044705366,benign_sms_normal,0
0,1,0,44.13036136427647,0,0,0,0.0,1,0.45514660250089234,benign_single_use,0
0,1,0,59.93794293703588,0,0,0,0.0,0,0.4819415513223399,benign_single_use,0
0,1,0,65.78096417857927,0,0,0,0.0,1,0.6926432380497447,benign_sms_normal,0
8,0,0,33.58347220225132,0,0,0,4.063372624259629,0,0.9779964925849429,brute_force,1
0,1,0,315.2697101708011,0,0,1,0.0,1,0.865163122885984,late_verify,1
0,1,0,406.19963559192735,0,0,1,0.0,1,0.695896681917221,late_verify,1
2,0,0,21.162417594791577,0,0,0,14.700224350332439,1,0.6617286692785211,benign_retry_then_success,0
0,2,0,40.575020610646945,0,0,0,0.0,0,0.6015594386040698,replay_attempt,1
0,1,0,70.24947270474583,0,0,0,0.0,1,0.4697463345917746,benign_sms_normal,0
0,1,0,303.4301883648416,0,0,1,0.0,1,0.8784803519658748,late_verify,1
2,1,0,28.63187981479018,0,0,0,6.158083253806131,0,0.6714745100584527,benign_retry_then_success,0
0,1,0,49.06984058642099,0,0,0,0.0,0,0.6189997478634313,benign_sms_normal,0
0,1,1,109.57596609132415,0,1,0,0.0,1,0.5298254765588013,stale_after_reissue,1
0,1,0,56.93100851317796,0,0,0,0.0,0,0.8633527117527893,benign_sms_normal,0
0,1,0,43.140875663735976,0,0,0,0.0,1,0.5588289777961241,benign_sms_normal,0
0,1,0,25.070466275402076,1,0,0,0.0,1,0.910384463323493,cross_session,1
1,0,0,11.869586935036978,0,0,0,0.0,0,0.4794007617413777,benign_retry_then_success,0
1,0,0,7.975574162921079,0,0,0,0.0,1,0.4611825009302239,benign_retry_then_success,0
1,1,0,20.924295925669078,0,0,0,0.0,0,0.6021111426001655,benign_retry_then_success,0
0,1,0,26.26194840959141,0,0,0,0.0,0,0.974881008856302,benign_single_use,0
0,1,0,22.993858725038653,0,0,0,0.0,0,0.9695581141937473,benign_single_use,0
10,0,0,38.94282263498162,0,0,0,3.9269570236910045,0,0.9069824454508835,brute_force,1
1,0,0,5.847787233664555,0,0,0,0.0,1,0.33015783946849125,benign_retry_then_success,0
0,1,0,7.853024165680802,0,0,0,0.0,1,0.40970462403944063,replay_attempt,1
5,0,0,17.07226793916606,0,0,0,3.900042548398832,1,0.374759876046426,brute_force,1
9,0,0,30.71804800910276,0,0,0,3.4033857802388985,0,0.9681269205433152,brute_force,1
0,1,0,17.256352935283196,0,0,0,0.0,0,0.3592690502358844,benign_single_use,0
0,1,0,25.44165694502469,0,0,0,0.0,1,0.49788141474171915,benign_sms_normal,0
0,1,1,103.89109354923687,0,1,0,0.0,0,0.9032063569374573,stale_after_reissue,1
3,0,0,6.9493664434817415,0,0,0,2.5483296283481196,1,0.33380429553928015,brute_force,1
0,1,0,42.9870784173703,0,0,0,0.0,0,0.39752768158329005,benign_single_use,0
0,1,0,46.300088730808746,0,0,0,0.0,0,0.4402470385825432,benign_single_use,0
0,1,0,54.82248455667673,0,0,0,0.0,0,0.913422897003646,benign_single_use,0
0,0,1,15.370666429400252,0,0,0,0.0,0,0.4750062189324624,stale_after_reissue,1
0,1,0,75.34948707260335,0,0,0,0.0,1,0.7118807892987713,benign_sms_normal,0
0,0,1,45.02689055929048,0,0,0,0.0,0,0.35027764320039373,stale_after_reissue,1
0,1,0,49.2524210493279,1,0,0,0.0,1,0.9696447493099383,cross_session,1
6,0,0,20.46059208097361,0,0,0,3.46672162621281,0,0.5782998462729421,brute_force,1
0,1,0,23.75594953203041,0,0,0,0.0,0,0.5475594882381939,benign_sms_normal,0
0,1,1,51.77687343613142,0,1,0,0.0,0,0.7145150303647334,stale_after_reissue,1
2,0,0,8.293619014255912,0,0,0,5.093554194795836,0,0.3685660404085926,benign_retry_then_success,0
0,1,0,380.51509474059094,0,0,1,0.0,0,0.4248732167575728,late_verify,1
1,1,0,19.846631596749308,0,0,0,0.0,0,0.8683474020403457,benign_retry_then_success,0
0,1,0,57.37587352779556,0,0,0,0.0,0,0.8416877195878729,benign_sms_normal,0
0,1,0,13.577027968658262,1,0,0,0.0,0,0.3640910532923197,cross_session,1
2,1,0,28.962422148729893,0,0,0,12.224257821651776,1,0.7543718582393288,benign_retry_then_success,0
0,1,0,45.87698004333104,0,0,0,0.0,0,0.3675632763192153,benign_sms_normal,0
0,1,0,44.46710921378207,0,0,0,0.0,0,0.7718729304024776,benign_single_use,0
1,1,0,18.58001089059379,0,0,0,0.0,1,0.8780234540074077,benign_retry_then_success,0
1,1,0,20.35187422098204,0,0,0,0.0,1,0.8179004622881922,benign_retry_then_success,0
0,1,0,395.32326428234353,0,0,1,0.0,0,0.3549898982044757,late_verify,1
4,0,0,14.061583842450165,0,0,0,2.9843798518580087,0,0.4399896289332376,brute_force,1
5,0,0,14.503742305589393,0,0,0,3.089259790852966,1,0.6806092229503214,brute_force,1
0,1,0,12.516646761157801,0,0,0,0.0,1,0.6928521579830333,benign_single_use,0
1,1,0,12.055573204680627,0,0,0,0.0,1,0.5238411762163516,benign_retry_then_success,0
0,1,0,16.207382886833244,0,0,0,0.0,1,0.3437642446353762,benign_single_use,0
0,1,0,11.962008082468401,1,0,0,0.0,1,0.5852154627819899,cross_session,1
0,1,0,12.796775973205559,0,0,0,0.0,0,0.7230124005992145,benign_sms_normal,0
1,1,0,19.769490386717724,0,0,0,0.0,1,0.9729665494630255,benign_retry_then_success,0
0,2,0,51.295584800256876,0,0,0,0.0,1,0.5529000891357128,replay_attempt,1
0,1,0,51.886655844610004,0,0,0,0.0,0,0.6425817098908859,benign_sms_normal,0
0,2,0,83.10638244674168,0,0,0,0.0,1,0.7495224724534579,replay_attempt,1
0,1,0,59.315430922304614,1,0,0,0.0,1,0.9714153768001206,cross_session,1
0,2,0,48.636402956514026,0,0,0,0.0,0,0.9128073189615753,replay_attempt,1
3,0,0,10.753844603394487,0,0,0,3.867591188986069,0,0.3098375815440603,brute_force,1
0,1,0,18.62500896556203,0,0,0,0.0,1,0.5459831055838537,benign_single_use,0
2,1,0,25.19900146597707,0,0,0,4.792679442066495,1,0.7844201654122485,benign_retry_then_success,0
0,1,0,57.900382727358455,0,0,0,0.0,0,0.7253460418073936,benign_single_use,0
0,1,0,27.718400618746127,0,0,0,0.0,1,0.3743742365894062,replay_attempt,1
0,0,1,31.297076140563124,0,0,0,0.0,0,0.4523027672190033,stale_after_reissue,1
1,1,0,12.26304786550113,0,0,0,0.0,1,0.7876645199930963,benign_retry_then_success,0
0,1,0,67.56859342117232,0,0,0,0.0,1,0.34007371871415476,benign_sms_normal,0
7,0,0,15.989225092248468,0,0,0,2.4535212531194417,0,0.6221888931896287,brute_force,1
0,1,0,39.51426028528993,0,0,0,0.0,0,0.42018705961353414,replay_attempt,1
0,1,0,39.733421241482,0,0,0,0.0,1,0.8690627212389372,benign_single_use,0
0,1,0,12.086047566232397,0,0,0,0.0,1,0.9720574755897553,benign_single_use,0
0,1,0,10.566088829523004,0,0,0,0.0,0,0.9287093345271915,benign_sms_normal,0
0,1,0,20.811154089901873,0,0,0,0.0,0,0.754130862939272,benign_single_use,0
5,0,0,14.825933401578066,0,0,0,2.789618131919023,0,0.618056757885769,brute_force,1
0,1,0,41.37533644556496,0,0,0,0.0,1,0.9097655350048384,benign_sms_normal,0
0,1,0,386.24612139838194,0,0,1,0.0,1,0.4040422598859697,late_verify,1
0,1,0,48.2622446172601,1,0,0,0.0,1,0.7009052380438088,cross_session,1
0,1,1,64.92764833142445,0,1,0,0.0,0,0.773101650360602,stale_after_reissue,1
1,0,0,5.2554964555675445,0,0,0,0.0,0,0.3529513345889434,benign_retry_then_success,0
0,1,1,92.48042415146779,0,1,0,0.0,1,0.8246403969515297,stale_after_reissue,1
0,1,0,398.0390184465524,0,0,1,0.0,1,0.9594444117196717,late_verify,1
0,1,0,10.807391748785072,0,0,0,0.0,1,0.38430324856876436,replay_attempt,1
0,0,1,50.91319875582212,0,0,0,0.0,0,0.3519040255762313,stale_after_reissue,1
0,1,0,316.7329111019134,0,0,1,0.0,1,0.324560265620616,late_verify,1
0,1,0,48.730234024459236,0,0,0,0.0,0,0.6779476708656514,benign_sms_normal,0
7,0,0,20.995212918726324,0,0,0,2.7031754279747324,0,0.8518853357278608,brute_force,1
0,1,0,63.66319109486591,0,0,0,0.0,0,0.6802318698783894,benign_sms_normal,0
0,1,0,36.21978720097903,0,0,0,0.0,1,0.361838573922746,benign_sms_normal,0
0,1,0,303.53497681770284,0,0,1,0.0,1,0.45607433414037235,late_verify,1
0,1,1,35.87038506446992,0,1,0,0.0,0,0.596799389011286,stale_after_reissue,1
0,2,0,56.13635008914816,0,0,0,0.0,1,0.8140420191069753,replay_attempt,1
4,0,0,15.566602333337649,0,0,0,3.495720365283242,1,0.40701066749854664,brute_force,1
0,2,0,77.21097536471878,0,0,0,0.0,1,0.736844170868469,replay_attempt,1
0,1,0,43.44309445033127,1,0,0,0.0,0,0.4960184876093311,cross_session,1
8,0,0,22.32330957055711,0,0,0,2.424318942709282,0,0.6733648822623952,brute_force,1
2,1,0,28.23787669699817,0,0,0,8.642838925115925,1,0.9199386339078144,benign_retry_then_success,0
0,1,0,5.200419790822278,0,0,0,0.0,0,0.9018699969227417,benign_single_use,0
2,0,0,24.98316129547467,0,0,0,10.012715264942255,0,0.48586747892549964,benign_retry_then_success,0
0,1,0,88.81510406900559,0,0,0,0.0,0,0.6014351745404005,benign_sms_normal,0
0,1,0,27.261781193135572,0,0,0,0.0,1,0.33847227169930927,benign_single_use,0
0,2,0,42.00519215890983,0,0,0,0.0,1,0.8543010925212615,replay_attempt,1
0,1,1,84.33560277652624,0,1,0,0.0,0,0.7043695601092863,stale_after_reissue,1
0,1,0,308.08006824691114,0,0,1,0.0,0,0.8091020548849877,late_verify,1
0,1,0,32.43601266028473,0,0,0,0.0,0,0.4149145715288771,benign_single_use,0
2,1,0,24.835013919230654,0,0,0,3.5948174492964586,1,0.892842370900035,benign_retry_then_success,0
0,1,0,383.8026250204397,0,0,1,0.0,0,0.7124721329330066,late_verify,1
0,1,0,40.90087006546737,1,0,0,0.0,0,0.3935368959020279,cross_session,1
0,1,0,36.704389259438685,0,0,0,0.0,1,0.3780524535880874,benign_single_use,0
0,1,0,325.2856884282179,0,0,1,0.0,1,0.9727485050474063,late_verify,1
0,1,0,37.61464928303979,0,0,0,0.0,1,0.8942070267415532,benign_single_use,0
8,0,0,27.159282101437594,0,0,0,3.6017211145905788,0,0.9953342868573791,brute_force,1
0,1,0,49.33279795194794,1,0,0,0.0,0,0.34760468322368715,cross_session,1
0,1,0,327.06611222029164,0,0,1,0.0,0,0.7650689906960986,late_verify,1
4,0,0,15.72629351699138,0,0,0,3.636158232651164,0,0.4464436034360614,brute_force,1
3,0,0,12.94246647311233,0,0,0,3.7186303663761353,0,0.36253909076021523,brute_force,1
0,1,0,27.308256967657222,0,0,0,0.0,1,0.9955129270408087,benign_sms_normal,0
1,0,0,10.66086362302558,0,0,0,0.0,0,0.3026196998443315,benign_retry_then_success,0
1,1,0,18.101340953398704,0,0,0,0.0,0,0.90025604315022,benign_retry_then_success,0
6,0,0,17.501903127480723,0,0,0,3.153806500027947,0,0.5241032812532478,brute_force,1
2,0,0,14.909722693009176,0,0,0,5.741369345814684,1,0.6409113014401018,benign_retry_then_success,0
0,1,0,393.0306440562009,0,0,1,0.0,1,0.7968834107665355,late_verify,1
0,1,0,66.86736272696096,0,0,0,0.0,0,0.35355787418117735,benign_sms_normal,0
0,0,1,38.48413034123756,0,0,0,0.0,0,0.4270106500814187,stale_after_reissue,1
1,1,0,20.075206201739427,0,0,0,0.0,0,0.595353211067754,benign_retry_then_success,0
5,0,0,16.826077801621423,0,0,0,3.2527734755908355,1,0.510946295604998,brute_force,1
0,1,0,41.047428977151085,1,0,0,0.0,0,0.7914647584004111,cross_session,1
0,1,0,355.2991319309387,0,0,1,0.0,1,0.7686648039133652,late_verify,1
2,0,0,21.017847171610086,0,0,0,12.31996352805472,0,0.45099766905284727,benign_retry_then_success,0
0,1,0,32.88754171318048,0,0,0,0.0,0,0.5550463159986989,benign_single_use,0
0,2,0,64.8277804131204,0,0,0,0.0,0,0.9736351059760964,replay_attempt,1
0,1,0,21.9162844312142,0,0,0,0.0,0,0.4880746502335787,benign_sms_normal,0
0,1,0,41.0875577392721,1,0,0,0.0,1,0.4418937614122569,cross_session,1
0,1,0,27.355904960100208,0,0,0,0.0,0,0.5147568765871274,benign_sms_normal,0
2,0,0,22.20521680630892,0,0,0,12.836991577618742,1,0.5728831671641064,benign_retry_then_success,0
0,1,0,325.5428898681972,0,0,1,0.0,1,0.6522601949688565,late_verify,1
0,1,0,33.62011733719548,0,0,0,0.0,1,0.3559428505412492,benign_single_use,0
2,0,0,14.021305471629537,0,0,0,3.652246654692684,0,0.5459493721685987,benign_retry_then_success,0
0,1,0,404.5009703269161,0,0,1,0.0,1,0.5167290087955482,late_verify,1
0,1,0,88.59089199455177,0,0,0,0.0,0,0.3662507386027842,benign_sms_normal,0
0,0,1,37.58957068791896,0,0,0,0.0,1,0.33286727324402954,stale_after_reissue,1
0,0,1,43.08605841941555,0,0,0,0.0,1,0.4266788948052769,stale_after_reissue,1
2,1,0,32.02778682040244,0,0,0,4.417915613107642,1,0.9358367072718135,benign_retry_then_success,0
0,1,0,49.486262765982616,0,0,0,0.0,1,0.5529170107834616,benign_single_use,0
0,1,0,41.080726171653566,0,0,0,0.0,0,0.9951781872375758,benign_sms_normal,0
11,0,0,40.58507312984281,0,0,0,3.5070767943152226,0,0.9716272291865697,brute_force,1
0,1,0,21.487180695467835,0,0,0,0.0,0,0.7068577000752776,benign_single_use,0
5,0,0,14.05665575700845,0,0,0,3.1775676973714964,1,0.5639504215945708,brute_force,1
1,0,0,10.7879910977886,0,0,0,0.0,0,0.3178380555003133,benign_retry_then_success,0
0,0,1,24.891453955683595,0,0,0,0.0,1,0.3313464987641654,stale_after_reissue,1
0,1,0,36.779732284511546,0,0,0,0.0,1,0.7894925083284037,benign_single_use,0
1,1,0,17.450947357304926,0,0,0,0.0,0,0.8410082729434614,benign_retry_then_success,0
0,1,0,39.40224335289835,0,0,0,0.0,0,0.7566036197292324,benign_single_use,0
0,2,0,71.80974960167819,0,0,0,0.0,0,0.6425871828664639,replay_attempt,1
1,1,0,18.64546665075914,0,0,0,0.0,1,0.586580507182379,benign_retry_then_success,0
0,1,0,381.22625667079046,0,0,1,0.0,1,0.7714768965780638,late_verify,1
0,1,0,362.6922154669319,0,0,1,0.0,1,0.4384716808091888,late_verify,1
0,2,0,68.11969633162607,0,0,0,0.0,1,0.9985961764062983,replay_attempt,1
0,0,1,44.83954555624824,0,0,0,0.0,0,0.46608537120052307,stale_after_reissue,1
0,1,1,69.15408529279739,0,1,0,0.0,1,0.849107104835229,stale_after_reissue,1
1,0,0,6.42889066052868,0,0,0,0.0,1,0.427192660017652,benign_retry_then_success,0
0,1,0,9.941752370082835,0,0,0,0.0,0,0.44735943550708557,replay_attempt,1
6,0,0,22.13530841623658,0,0,0,3.960122170681754,0,0.7446898559466294,brute_force,1
8,0,0,21.720504307034528,0,0,0,2.6156614397429103,0,0.924691208522646,brute_force,1
0,1,0,17.265799673972563,0,0,0,0.0,0,0.6820192730942933,benign_single_use,0
2,1,0,42.415567904119534,0,0,0,14.944536211849492,1,0.8637073014232115,benign_retry_then_success,0
0,1,0,369.9942372332778,0,0,1,0.0,0,0.5460306932642196,late_verify,1
0,1,0,326.7839340010625,0,0,1,0.0,1,0.32708584960921616,late_verify,1
0,1,0,42.869604233392636,0,0,0,0.0,1,0.3023536003619651,benign_single_use,0
5,0,0,15.458425849705666,0,0,0,2.624130485152957,1,0.5200692495640954,brute_force,1
0,1,0,10.913833385447797,1,0,0,0.0,1,0.8571333972373956,cross_session,1
0,1,1,42.6555642845675,0,1,0,0.0,0,0.7192031926096455,stale_after_reissue,1
0,1,0,320.4889544644177,0,0,1,0.0,1,0.5398272668133317,late_verify,1
0,1,0,37.57369063353168,0,0,0,0.0,0,0.9663078098722162,benign_sms_normal,0
0,0,1,30.140025438417055,0,0,0,0.0,1,0.49495459038129874,stale_after_reissue,1
1,1,0,20.614862906534462,0,0,0,0.0,1,0.7246977188857711,benign_retry_then_success,0
0,1,0,51.8230659444012,1,0,0,0.0,1,0.9440163747499712,cross_session,1
0,1,0,49.901445350927915,0,0,0,0.0,0,0.8563654642289122,benign_single_use,0
0,1,0,418.0088888312758,0,0,1,0.0,1,0.6090942596325363,late_verify,1
0,1,0,388.1185798672008,0,0,1,0.0,1,0.8260253699184796,late_verify,1
0,2,0,41.103482675016515,0,0,0,0.0,0,0.8235998697859734,replay_attempt,1
0,1,0,394.83377978895,0,0,1,0.0,0,0.7172237155725876,late_verify,1
4,0,0,21.124565468709257,0,0,0,5.229756350173954,0,0.4679069550847228,brute_force,1
3,0,0,9.024615364795476,0,0,0,2.4335989161503844,0,0.3579824650750118,brute_force,1
1,0,0,10.920521824871997,0,0,0,0.0,1,0.38973348982839084,benign_retry_then_success,0
0,0,1,16.426191794165234,0,0,0,0.0,1,0.4245879525269985,stale_after_reissue,1
0,1,0,26.52271557179388,0,0,0,0.0,1,0.37645564453820934,benign_sms_normal,0
0,1,0,30.14679361637462,0,0,0,0.0,1,0.6627960092413772,benign_sms_normal,0
0,1,0,17.45660110717007,0,0,0,0.0,1,0.9585841500324741,benign_single_use,0
0,0,1,10.711839170991286,0,0,0,0.0,0,0.35175865034702264,stale_after_reissue,1
3,0,0,11.182715566971545,0,0,0,2.8762426723735817,1,0.3758110253382627,brute_force,1
0,0,1,41.674144908360404,0,0,0,0.0,1,0.4797928590274486,stale_after_reissue,1
5,0,0,16.163598602180215,0,0,0,3.610655924141947,1,0.4223416087075339,brute_force,1
2,1,0,34.54751518618284,0,0,0,12.164260712682365,0,0.9687961237663014,benign_retry_then_success,0
0,1,0,54.15187096719087,0,0,0,0.0,0,0.3422991349817114,benign_single_use,0
0,1,0,59.94329454667269,1,0,0,0.0,0,0.9400726517504212,cross_session,1
1,0,0,6.321332702369631,0,0,0,0.0,1,0.3149197338044585,benign_retry_then_success,0
2,0,0,22.573976919891493,0,0,0,8.722248481265403,1,0.6580620280424367,benign_retry_then_success,0
3,0,0,9.209389069005914,0,0,0,2.179612327527553,0,0.3487058376516734,brute_force,1
0,1,0,410.81748843256764,0,0,1,0.0,1,0.3372940630935685,late_verify,1
0,1,1,62.43205222866017,0,1,0,0.0,0,0.67747405425826,stale_after_reissue,1
6,0,0,18.536835452662487,0,0,0,3.367178765896848,1,0.6564025366540627,brute_force,1
0,1,1,88.17462351790147,0,1,0,0.0,0,0.8559707950015303,stale_after_reissue,1
0,1,0,14.25879413399591,0,0,0,0.0,0,0.9751534132675495,benign_single_use,0
0,1,0,40.6957317021144,0,0,0,0.0,0,0.7936801761956302,benign_single_use,0
0,1,1,41.65524011196176,0,1,0,0.0,1,0.9964566999765367,stale_after_reissue,1
1,1,0,12.224157204921099,0,0,0,0.0,0,0.9313754790339304,benign_retry_then_success,0
0,1,0,22.797536782838133,1,0,0,0.0,1,0.7750274086378321,cross_session,1
0,1,0,39.56619083131046,0,0,0,0.0,0,0.3511018847993944,replay_attempt,1
0,1,0,360.53280421700384,0,0,1,0.0,1,0.466625661812039,late_verify,1
0,1,0,32.25364686673781,1,0,0,0.0,0,0.5731812783618887,cross_session,1
2,0,0,23.69693400040125,0,0,0,10.309848981337131,0,0.5967120820145551,benign_retry_then_success,0
0,1,0,56.05277467157543,0,0,0,0.0,0,0.7262087324945321,benign_sms_normal,0
0,1,0,313.29913148935293,0,0,1,0.0,0,0.5134455404009683,late_verify,1
0,1,1,56.91222767857772,0,1,0,0.0,0,0.8140288511256351,stale_after_reissue,1
0,1,0,21.86818088615837,0,0,0,0.0,1,0.5673415323667894,benign_single_use,0
0,1,0,8.935142671546643,1,0,0,0.0,1,0.5399480222518137,cross_session,1
0,1,0,15.957342828888535,1,0,0,0.0,1,0.963189095583324,cross_session,1
7,0,0,21.689275500412943,0,0,0,3.1984521655158837,1,0.8605199211415824,brute_force,1
0,1,0,33.58423628139329,1,0,0,0.0,1,0.6362180502174712,cross_session,1
0,1,0,70.01197905364475,0,0,0,0.0,0,0.5690996351639453,benign_sms_normal,0
9,0,0,26.254134456735763,0,0,0,3.061916410812333,1,0.7940508971803648,brute_force,1
0,1,0,401.5799300712871,0,0,1,0.0,0,0.80068307175024,late_verify,1
0,0,1,6.239174431354567,0,0,0,0.0,0,0.4202284977185717,stale_after_reissue,1
0,1,0,309.3783442222847,0,0,1,0.0,1,0.3567706179901813,late_verify,1
2,1,0,25.89172169881691,0,0,0,10.35033792907827,1,0.8894837267553062,benign_retry_then_success,0
0,1,0,57.28429333078495,0,0,0,0.0,0,0.5328100658352403,benign_single_use,0
5,0,0,18.786048882544122,0,0,0,4.030888649092958,0,0.7365410918817568,brute_force,1
0,1,0,5.686606226432317,0,0,0,0.0,0,0.4032068482131641,replay_attempt,1
0,1,0,12.49919238055887,0,0,0,0.0,0,0.35994376677570344,benign_single_use,0
0,1,0,330.63369689317994,0,0,1,0.0,0,0.40210238194511755,late_verify,1
0,1,1,80.49628179097485,0,1,0,0.0,1,0.8969436502764976,stale_after_reissue,1
0,1,0,39.551729283729394,0,0,0,0.0,1,0.9353372042636383,benign_single_use,0
2,0,0,14.868057014551372,0,0,0,6.928610410568951,0,0.4038220971986049,benign_retry_then_success,0
0,1,0,381.2875440079779,0,0,1,0.0,0,0.9051221349859251,late_verify,1
1,1,0,15.259728774230888,0,0,0,0.0,0,0.9898775235096016,benign_retry_then_success,0
0,1,0,66.3155834104582,0,0,0,0.0,1,0.6610788432735617,benign_sms_normal,0
0,1,0,10.640504863418911,0,0,0,0.0,0,0.45582456713408925,benign_sms_normal,0
10,0,0,39.53694861883338,0,0,0,3.7953277049614718,0,0.9788348172930594,brute_force,1
0,1,1,56.99305889005277,0,1,0,0.0,1,0.6591624201431809,stale_after_reissue,1
0,2,0,57.74482243040178,0,0,0,0.0,0,0.7883786798153483,replay_attempt,1
8,0,0,21.30783329608881,0,0,0,2.8401054627095523,1,0.8343229224168813,brute_force,1
0,1,0,44.84781494293949,0,0,0,0.0,0,0.6211593427322387,benign_sms_normal,0
0,1,0,10.66534817867533,0,0,0,0.0,0,0.6550757738826698,benign_single_use,0
0,1,0,306.5374043396816,0,0,1,0.0,0,0.4002707191130178,late_verify,1
0,2,0,27.557908448054715,0,0,0,0.0,0,0.8148815711604309,replay_attempt,1
1,1,0,20.34856563281609,0,0,0,0.0,0,0.7596416521397175,benign_retry_then_success,0
0,1,0,57.28631430707797,0,0,0,0.0,0,0.49329790798887074,replay_attempt,1
0,1,0,366.14914355745464,0,0,1,0.0,0,0.8395524673870753,late_verify,1
0,1,0,23.656930779611955,0,0,0,0.0,1,0.785453684129933,benign_single_use,0
0,1,0,58.46773117693834,0,0,0,0.0,1,0.7587949024314435,benign_sms_normal,0
1,0,0,3.4827884331177668,0,0,0,0.0,1,0.40155490234381847,benign_retry_then_success,0
6,0,0,23.63068933092741,0,0,0,3.647601309572545,0,0.6489580955823513,brute_force,1
0,1,0,31.577202435722466,0,0,0,0.0,0,0.772289606553433,benign_single_use,0
0,1,0,34.32291893333555,1,0,0,0.0,0,0.6274353459541264,cross_session,1
0,1,0,356.0872189694722,0,0,1,0.0,1,0.5900870992955716,late_verify,1
0,1,0,26.837656530969493,0,0,0,0.0,1,0.4264356234571428,benign_single_use,0
0,1,0,12.911313880269123,0,0,0,0.0,1,0.45658285202272364,benign_single_use,0
6,0,0,17.50604894536582,0,0,0,2.66154147894481,1,0.808352489490272,brute_force,1
1,1,0,18.571269371756614,0,0,0,0.0,1,0.9160010548383519,benign_retry_then_success,0
0,2,0,21.33063231408966,0,0,0,0.0,1,0.9452640325199582,replay_attempt,1
0,1,0,79.29983517896544,0,0,0,0.0,0,0.6523066539512021,benign_sms_normal,0
2,0,0,13.720917083435122,0,0,0,8.140448088716326,1,0.46677985028512486,benign_retry_then_success,0
0,1,0,7.854895344152322,0,0,0,0.0,0,0.420273509785582,replay_attempt,1
0,1,0,418.75557454257023,0,0,1,0.0,1,0.9278166267927441,late_verify,1
0,1,0,51.09716590559063,0,0,0,0.0,1,0.46438171147646545,benign_sms_normal,0
0,1,0,15.513469619083558,0,0,0,0.0,1,0.40777123868643983,benign_single_use,0
0,1,0,15.436956576999306,0,0,0,0.0,1,0.35424313126792817,benign_single_use,0
1,1,0,18.452870407901514,0,0,0,0.0,1,0.5955151827577587,benign_retry_then_success,0
0,1,1,57.51536598723142,0,1,0,0.0,1,0.5671273793679179,stale_after_reissue,1
0,1,0,46.29569399878181,0,0,0,0.0,0,0.8271749872159042,benign_single_use,0
7,0,0,16.791289834097125,0,0,0,1.9953994735286156,0,0.7702183541960481,brute_force,1
0,1,1,65.76888250449538,0,1,0,0.0,1,0.9544497573725004,stale_after_reissue,1
0,1,0,325.6151985919355,0,0,1,0.0,1,0.7542824907153509,late_verify,1
0,1,0,382.31626987356805,0,0,1,0.0,1,0.8467873357158109,late_verify,1
0,2,0,78.36653197553483,0,0,0,0.0,1,0.9379956793003972,replay_attempt,1
0,2,0,48.85079821722485,0,0,0,0.0,0,0.5066348581209489,replay_attempt,1
0,1,0,5.597639789635153,0,0,0,0.0,1,0.46505748561725957,benign_single_use,0
0,1,0,60.29747808613522,0,0,0,0.0,0,0.9225013050849831,benign_sms_normal,0
0,1,0,27.111994375002986,0,0,0,0.0,1,0.8971725177114847,benign_sms_normal,0
0,1,0,58.583143958087746,0,0,0,0.0,0,0.8003862183027415,benign_single_use,0
1,1,0,12.752737598300527,0,0,0,0.0,1,0.5896953552080149,benign_retry_then_success,0
0,2,0,39.34256734110859,0,0,0,0.0,0,0.6362955461684043,replay_attempt,1
0,2,0,66.70340118972408,0,0,0,0.0,0,0.8670499576883419,replay_attempt,1
7,0,0,28.338201619363325,0,0,0,3.8593708038640906,0,0.8573628001653766,brute_force,1
0,0,1,24.392737140196214,0,0,0,0.0,0,0.3554046398746603,stale_after_reissue,1
0,1,0,393.65524992945063,0,0,1,0.0,1,0.5016289417726615,late_verify,1
0,1,0,16.714319963152164,0,0,0,0.0,0,0.8131389561845388,benign_single_use,0
2,1,0,24.817288428773768,0,0,0,10.162316259714217,0,0.7574433282636588,benign_retry_then_success,0
0,1,0,58.13412218624594,0,0,0,0.0,1,0.6309169585239617,benign_single_use,0
0,1,0,12.15376495846606,0,0,0,0.0,1,0.8670619226832623,benign_sms_normal,0
0,1,0,378.7695534597267,0,0,1,0.0,1,0.42615920493669635,late_verify,1
9,0,0,29.95309664167388,0,0,0,3.4844925845302877,1,0.8152769279056422,brute_force,1
0,1,0,53.72423927470713,0,0,0,0.0,0,0.703844572669757,benign_single_use,0
1,0,0,9.080188413037396,0,0,0,0.0,0,0.303112611584452,benign_retry_then_success,0
0,2,0,47.87283051921467,0,0,0,0.0,0,0.6565199243690659,replay_attempt,1
0,1,0,32.82769190921108,0,0,0,0.0,1,0.3725624526960825,benign_sms_normal,0
0,1,0,27.042904419012494,1,0,0,0.0,0,0.6860180157272451,cross_session,1
0,2,0,49.431416306313075,0,0,0,0.0,1,0.7996271853456338,replay_attempt,1
2,0,0,10.122505237144171,0,0,0,5.163893356569879,0,0.5627880821360987,benign_retry_then_success,0
0,1,1,79.28997741323704,0,1,0,0.0,0,0.5034592700573222,stale_after_reissue,1
2,0,0,17.8434931109105,0,0,0,6.8733233637806475,0,0.35809378836290917,benign_retry_then_success,0
6,0,0,20.05848183380573,0,0,0,3.0537626596877017,0,0.6539558958033524,brute_force,1
0,1,0,12.012004700629504,0,0,0,0.0,1,0.5113545147990339,benign_sms_normal,0
0,1,0,26.762133381602318,0,0,0,0.0,1,0.48829191626394364,benign_sms_normal,0
2,0,0,21.486118417700897,0,0,0,7.20451960617336,1,0.5944458665169721,benign_retry_then_success,0
0,1,0,30.51275421848959,1,0,0,0.0,0,0.7754983469683048,cross_session,1
0,1,0,375.85832770630213,0,0,1,0.0,1,0.4745649324438977,late_verify,1
0,1,0,351.25963446321805,0,0,1,0.0,0,0.9855272069592835,late_verify,1
1,1,0,10.06093493261627,0,0,0,0.0,0,0.7224390968600838,benign_retry_then_success,0
0,1,0,40.00529304892648,0,0,0,0.0,1,0.5304987985320795,benign_single_use,0
0,1,0,32.73483092016802,0,0,0,0.0,0,0.8394561255718729,benign_single_use,0
0,1,0,52.91922451805428,0,0,0,0.0,1,0.8480880150865642,benign_single_use,0
0,1,0,46.10075912003197,1,0,0,0.0,1,0.9698162584209213,cross_session,1
0,2,0,57.57673531781458,0,0,0,0.0,0,0.8164797252088509,replay_attempt,1
0,2,0,23.395484165906446,0,0,0,0.0,0,0.828450615552859,replay_attempt,1
6,0,0,20.351357543532522,0,0,0,3.5564709492909694,1,0.6899665280891221,brute_force,1
0,2,0,59.540229582822754,0,0,0,0.0,0,0.8055169776373685,replay_attempt,1
0,1,0,370.497853684015,0,0,1,0.0,0,0.9577891893712145,late_verify,1
0,1,0,362.8854246273938,0,0,1,0.0,1,0.491597309696007,late_verify,1
0,1,0,23.4122081901783,1,0,0,0.0,0,0.8100975216026745,cross_session,1
0,1,0,353.2775849766723,0,0,1,0.0,1,0.3681279500157494,late_verify,1
0,1,0,394.6534190314033,0,0,1,0.0,1,0.6679571819271028,late_verify,1
0,1,0,36.319318831772804,0,0,0,0.0,0,0.6614859807543011,benign_single_use,0
0,1,0,27.841360334314235,1,0,0,0.0,1,0.9264364973408967,cross_session,1
2,1,0,18.035229885719488,0,0,0,8.125643720848583,0,0.8325569297315625,benign_retry_then_success,0
1,0,0,6.212523898428282,0,0,0,0.0,0,0.439991573202279,benign_retry_then_success,0
0,1,1,72.01640607855161,0,1,0,0.0,1,0.9672072453989797,stale_after_reissue,1
0,1,0,43.58744730970668,1,0,0,0.0,1,0.4394880312456355,cross_session,1
0,1,0,309.071470199022,0,0,1,0.0,0,0.7879376432196139,late_verify,1
2,1,0,25.063596690958917,0,0,0,14.083215891887122,0,0.7248765262097183,benign_retry_then_success,0
0,1,0,10.166544444554102,1,0,0,0.0,0,0.7589497911800829,cross_session,1
0,1,0,53.689225026039054,0,0,0,0.0,0,0.9855931059846945,benign_sms_normal,0
0,1,0,12.85524379180313,1,0,0,0.0,1,0.38352540658781953,cross_session,1
0,1,0,45.9557813313345,0,0,0,0.0,0,0.5075110700473009,benign_single_use,0
0,1,0,21.564911486708336,0,0,0,0.0,1,0.7026192445185628,benign_single_use,0
0,1,0,21.02408252095894,1,0,0,0.0,1,0.658744130140388,cross_session,1
0,1,0,68.87564485623079,0,0,0,0.0,0,0.8407985623992702,benign_sms_normal,0
0,2,0,63.801219991665576,0,0,0,0.0,1,0.7883537890794889,replay_attempt,1
0,1,0,75.42612487641452,0,0,0,0.0,0,0.4653420225596225,benign_sms_normal,0
2,1,0,22.776379245096877,0,0,0,10.958190146437875,0,0.7595428868456082,benign_retry_then_success,0
2,0,0,15.361476581090947,0,0,0,9.260721411638674,1,0.5787761509222731,benign_retry_then_success,0
2,0,0,7.443200284363559,0,0,0,3.301794013082797,0,0.36748695405614074,benign_retry_then_success,0
0,1,0,79.03194723176962,0,0,0,0.0,0,0.7644536650034806,benign_sms_normal,0
2,1,0,24.33687794569738,0,0,0,4.192527737228472,1,0.9022102824295186,benign_retry_then_success,0
0,1,0,31.68224928113636,0,0,0,0.0,1,0.9614204779969815,benign_sms_normal,0
10,0,0,33.5149285008309,0,0,0,3.122357084746996,0,0.9380359332253811,brute_force,1
0,1,1,47.1753651409948,0,1,0,0.0,0,0.9500162410663888,stale_after_reissue,1
0,1,0,30.31115278749305,0,0,0,0.0,0,0.5670607295738742,benign_sms_normal,0
1,1,0,17.90979204241102,0,0,0,0.0,0,0.803611259855447,benign_retry_then_success,0
0,2,0,18.137789930905555,0,0,0,0.0,0,0.5281696758566202,replay_attempt,1
1,1,0,15.83692578607369,0,0,0,0.0,0,0.7867893909258041,benign_retry_then_success,0
0,1,0,7.874528195782792,0,0,0,0.0,0,0.5313554426927243,benign_single_use,0
1,1,0,16.406830874687476,0,0,0,0.0,0,0.8146558843958189,benign_retry_then_success,0
2,1,0,28.748639373332715,0,0,0,7.030765580750344,1,0.8457660893445405,benign_retry_then_success,0
0,1,0,333.06571493784895,0,0,1,0.0,1,0.7577349067828967,late_verify,1
0,1,1,18.37264132575725,0,1,0,0.0,0,0.7422138810828238,stale_after_reissue,1
0,1,0,9.167405379812067,0,0,0,0.0,1,0.6909869545220311,benign_sms_normal,0
2,1,0,19.859048875922106,0,0,0,4.236392429648861,0,0.7450348902208983,benign_retry_then_success,0
0,1,0,55.63779604322373,0,0,0,0.0,0,0.9640591021100493,benign_single_use,0
0,1,0,44.4322449378174,0,0,0,0.0,0,0.32492264693644046,replay_attempt,1
0,1,0,25.3944730956087,1,0,0,0.0,1,0.9671376015816575,cross_session,1
0,1,0,29.94109026630354,0,0,0,0.0,1,0.6710220717695261,benign_sms_normal,0
0,1,0,8.575178695818648,0,0,0,0.0,1,0.7498245506417855,benign_single_use,0
2,0,0,18.37933455145172,0,0,0,4.9207127903246715,1,0.3942953429791326,benign_retry_then_success,0
10,0,0,31.515759349540676,0,0,0,3.363156642122811,0,0.9508546841469996,brute_force,1
0,1,0,322.36058815980624,0,0,1,0.0,0,0.6747550583285484,late_verify,1
9,0,0,30.677296490873943,0,0,0,3.6834057855440134,0,0.8498083924393678,brute_force,1
2,1,0,24.376734534054403,0,0,0,5.893175032454739,0,0.7296641633354564,benign_retry_then_success,0
0,1,0,42.47119006352436,0,0,0,0.0,0,0.4203360870804042,replay_attempt,1
1,1,0,15.591431817191747,0,0,0,0.0,1,0.5537566839676262,benign_retry_then_success,0
2,0,0,15.963152797180607,0,0,0,10.803923298252428,0,0.3729879224527909,benign_retry_then_success,0
6,0,0,26.432132653179213,0,0,0,4.219822426355772,1,0.795417806490611,brute_force,1
1,1,0,14.927099895336912,0,0,0,0.0,1,0.7131345790342576,benign_retry_then_success,0
1,0,0,12.484287053740115,0,0,0,0.0,0,0.4696224032479005,benign_retry_then_success,0
0,0,1,48.22296091749871,0,0,0,0.0,1,0.4033100760422298,stale_after_reissue,1
0,1,0,64.66149217412547,0,0,0,0.0,0,0.5191375404332647,benign_sms_normal,0
4,0,0,12.278489323291351,0,0,0,3.2832141469542573,0,0.49851130000933724,brute_force,1
7,0,0,22.25105004250816,0,0,0,2.7717032659031653,1,0.63155646758496,brute_force,1
0,1,0,419.0704358274229,0,0,1,0.0,1,0.4930468724732489,late_verify,1
0,1,0,46.979792046821885,0,0,0,0.0,0,0.5436108507866096,benign_single_use,0
0,1,0,29.523815635656085,0,0,0,0.0,1,0.7254632669161087,benign_single_use,0
0,1,0,45.38972207196997,0,0,0,0.0,0,0.4868822085237121,benign_sms_normal,0
0,1,0,332.22706047624285,0,0,1,0.0,1,0.8904991440025711,late_verify,1
0,1,0,18.1982140359498,1,0,0,0.0,0,0.6742070272270793,cross_session,1
0,1,0,21.53088242161288,0,0,0,0.0,1,0.4850703428695181,benign_single_use,0
2,1,0,28.303690951635716,0,0,0,4.796015412896299,1,0.8543049423408242,benign_retry_then_success,0
0,1,0,67.20566778229357,0,0,0,0.0,1,0.7085106274150885,benign_sms_normal,0
0,1,0,8.082950235007974,0,0,0,0.0,0,0.558649776035236,benign_single_use,0
0,0,1,50.5883450863918,0,0,0,0.0,0,0.3238517449380125,stale_after_reissue,1
0,1,0,61.9387024452558,0,0,0,0.0,0,0.6499990864595399,benign_sms_normal,0
0,1,0,16.907288948853207,0,0,0,0.0,0,0.3547044782869975,benign_single_use,0
0,1,0,38.44692860475802,1,0,0,0.0,1,0.5761099171119265,cross_session,1
0,1,0,7.905507635165057,0,0,0,0.0,0,0.7393756063727348,benign_sms_normal,0
0,1,0,357.4223934330247,0,0,1,0.0,0,0.5967867902183587,late_verify,1
1,1,0,20.18604625647219,0,0,0,0.0,0,0.9210373826555358,benign_retry_then_success,0
2,1,0,28.609485371789713,0,0,0,7.627502818317506,0,0.8506582372223956,benign_retry_then_success,0
1,1,0,19.950988186536485,0,0,0,0.0,1,0.5978354510982811,benign_retry_then_success,0
0,1,0,43.504859145011885,0,0,0,0.0,1,0.7237227569956587,benign_sms_normal,0
0,1,0,27.158319436198756,0,0,0,0.0,1,0.46236695993806737,benign_sms_normal,0
0,0,1,29.700205058012425,0,0,0,0.0,1,0.44286326190420805,stale_after_reissue,1
0,0,1,29.37451693723122,0,0,0,0.0,1,0.3787707048047699,stale_after_reissue,1
0,0,1,25.204034446106146,0,0,0,0.0,1,0.47120470461446573,stale_after_reissue,1
0,1,0,5.532102892020427,0,0,0,0.0,0,0.5457619256829763,benign_sms_normal,0
0,1,1,47.63790819757638,0,1,0,0.0,1,0.9518986418345687,stale_after_reissue,1
0,1,0,13.17717441387232,0,0,0,0.0,1,0.9927546145747528,benign_sms_normal,0
0,1,0,14.168883564535154,0,0,0,0.0,1,0.8045175167530432,benign_sms_normal,0
1,1,0,20.820417083304697,0,0,0,0.0,1,0.9845426799439401,benign_retry_then_success,0
0,1,0,13.225581077484438,1,0,0,0.0,0,0.8815680113177768,cross_session,1
0,1,0,20.48245908301127,0,0,0,0.0,0,0.47041130150827526,benign_single_use,0
0,1,0,53.131357400458946,0,0,0,0.0,0,0.5808676645834225,benign_sms_normal,0
1,1,0,24.39369656754948,0,0,0,0.0,0,0.9728449325725868,benign_retry_then_success,0
0,1,0,47.96960607293423,1,0,0,0.0,0,0.8791651981924495,cross_session,1
0,1,0,39.395307565427544,0,0,0,0.0,0,0.7627125069280841,benign_single_use,0
0,1,1,21.330137223258838,0,1,0,0.0,1,0.9068377632632825,stale_after_reissue,1
0,1,1,91.92124641937741,0,1,0,0.0,0,0.9955936827101703,stale_after_reissue,1
5,0,0,17.391440507963825,0,0,0,3.7456656681769935,0,0.5457001309810209,brute_force,1
0,1,0,69.68262825614352,0,0,0,0.0,1,0.5730926580651586,benign_sms_normal,0
1,1,0,17.48010707235821,0,0,0,0.0,1,0.5670958375210142,benign_retry_then_success,0
0,1,0,19.249084285515465,0,0,0,0.0,0,0.5881186224599302,benign_sms_normal,0
0,1,0,68.34078912220386,0,0,0,0.0,0,0.9006424111065583,benign_sms_normal,0
1,0,0,4.5225679911622745,0,0,0,0.0,0,0.36829367739711477,benign_retry_then_success,0
0,2,0,14.529582790801765,0,0,0,0.0,0,0.885008146391479,replay_attempt,1
5,0,0,16.38539582100214,0,0,0,3.173848578609894,0,0.38703079559660447,brute_force,1
0,1,0,342.08189802852246,0,0,1,0.0,0,0.66018619136091,late_verify,1
0,0,1,56.187879131786524,0,0,0,0.0,0,0.44586397466777294,stale_after_reissue,1
0,1,0,43.53607562762952,0,0,0,0.0,1,0.30491010660217177,benign_single_use,0
0,1,0,46.258314855554595,0,0,0,0.0,0,0.318349472727082,replay_attempt,1
0,1,0,48.38966440398035,0,0,0,0.0,0,0.4738212683513904,benign_sms_normal,0
0,1,0,47.71993544760085,0,0,0,0.0,1,0.5780542824674251,benign_single_use,0
2,1,0,29.054194680409907,0,0,0,7.978772611738975,0,0.9208147918189145,benign_retry_then_success,0
0,0,1,16.318743786076215,0,0,0,0.0,0,0.40724923133204055,stale_after_reissue,1
0,1,0,39.598777957709665,0,0,0,0.0,0,0.4289699670429665,benign_single_use,0
0,1,0,17.546010607236596,1,0,0,0.0,0,0.9946895787845531,cross_session,1
0,1,0,51.74654077061392,0,0,0,0.0,0,0.6290698820491034,benign_single_use,0
0,0,1,32.516283082797045,0,0,0,0.0,0,0.46422160937909557,stale_after_reissue,1
0,1,0,44.387277953821226,0,0,0,0.0,1,0.9501676869606293,benign_sms_normal,0
0,1,0,37.781523001834834,0,0,0,0.0,1,0.4889129498317758,benign_single_use,0
2,1,0,22.33922642508488,0,0,0,12.038020624961117,0,0.9848934073153444,benign_retry_then_success,0
0,1,0,35.12796525202707,0,0,0,0.0,0,0.5624360336376334,benign_sms_normal,0
8,0,0,24.43999944723542,0,0,0,2.7523069139163545,1,0.6755245262786742,brute_force,1
0,2,0,45.0670238024306,0,0,0,0.0,0,0.5729009767437041,replay_attempt,1
0,1,1,71.629792029573,0,1,0,0.0,1,0.7062971459763412,stale_after_reissue,1
2,0,0,20.66606272161294,0,0,0,11.012104997073928,1,0.44990296220897497,benign_retry_then_success,0
7,0,0,25.90188301006383,0,0,0,3.619455246841573,0,0.8242501740630312,brute_force,1
0,1,0,41.80487660708894,1,0,0,0.0,1,0.4651894626659775,cross_session,1
2,0,0,21.65504606338511,0,0,0,14.901444576590942,0,0.5089755936089274,benign_retry_then_success,0
1,0,0,5.746120333818217,0,0,0,0.0,1,0.39724256116610956,benign_retry_then_success,0
0,1,0,5.715448835605434,1,0,0,0.0,1,0.584633740468672,cross_session,1
0,1,0,5.883087224535158,0,0,0,0.0,1,0.6254311942360731,benign_single_use,0
6,0,0,16.9330447420094,0,0,0,2.2892087662719076,1,0.7430522155495491,brute_force,1
0,1,0,41.2977327410854,0,0,0,0.0,0,0.8471896635580918,benign_sms_normal,0
0,1,0,54.110687177390986,1,0,0,0.0,1,0.4550600555672085,cross_session,1
0,1,0,57.13844790301313,1,0,0,0.0,1,0.6708566784688181,cross_session,1
0,1,0,36.036164096640896,0,0,0,0.0,0,0.3026035975471804,replay_attempt,1
1,1,0,25.513617742606304,0,0,0,0.0,1,0.9327535262640008,benign_retry_then_success,0
0,1,0,36.23060634880906,0,0,0,0.0,1,0.9997839410108806,benign_single_use,0
0,1,0,378.9382508187154,0,0,1,0.0,1,0.43598995012861946,late_verify,1
0,1,0,19.123414118392816,1,0,0,0.0,0,0.6044796032039348,cross_session,1
0,1,0,41.18692782235666,0,0,0,0.0,1,0.7590556943700264,benign_single_use,0
5,0,0,19.174728406175888,0,0,0,3.4303133348441115,1,0.4225136843610695,brute_force,1
0,1,1,43.9966378548879,0,1,0,0.0,0,0.8322573215466298,stale_after_reissue,1
0,1,1,53.36892620266709,0,1,0,0.0,0,0.9886056368555864,stale_after_reissue,1
0,1,0,37.45765495053462,0,0,0,0.0,1,0.935646349371952,benign_single_use,0
0,1,0,33.04834477347187,0,0,0,0.0,1,0.4822440922216801,benign_single_use,0
0,1,0,43.78548729945379,0,0,0,0.0,0,0.5231822768476486,benign_sms_normal,0
1,1,0,17.757420530251878,0,0,0,0.0,0,0.7908916001011581,benign_retry_then_success,0
0,1,0,10.308295889161322,0,0,0,0.0,1,0.34322048290617935,benign_single_use,0
0,1,0,18.354548299577026,0,0,0,0.0,0,0.8935085859709495,benign_sms_normal,0
0,2,0,68.3016128817396,0,0,0,0.0,0,0.8169368475882142,replay_attempt,1
0,2,0,75.2643203347638,0,0,0,0.0,1,0.8628568208994385,replay_attempt,1
1,0,0,4.014509730828699,0,0,0,0.0,0,0.3641799701802438,benign_retry_then_success,0
0,1,1,79.77121970632511,0,1,0,0.0,1,0.5652518908650874,stale_after_reissue,1
0,1,0,39.29320555674968,0,0,0,0.0,0,0.5109369641446742,benign_sms_normal,0
0,1,0,7.324147160492176,0,0,0,0.0,1,0.6579262090647495,benign_sms_normal,0
0,1,0,381.6062287032987,0,0,1,0.0,0,0.9550658314390807,late_verify,1
0,2,0,77.9819900242181,0,0,0,0.0,1,0.9050572731765689,replay_attempt,1
0,1,0,29.795916528468805,0,0,0,0.0,0,0.45505310032561325,benign_single_use,0
0,1,1,45.12127805680991,0,1,0,0.0,0,0.8929727631097284,stale_after_reissue,1
0,2,0,91.85376967037323,0,0,0,0.0,0,0.9084478398151439,replay_attempt,1
0,1,0,308.7384510777868,0,0,1,0.0,1,0.9405551408301245,late_verify,1
0,1,0,26.517438287084314,0,0,0,0.0,0,0.7269377080891516,benign_single_use,0
0,1,0,30.643273826025705,1,0,0,0.0,0,0.552626564021949,cross_session,1
0,1,0,9.129190753634512,0,0,0,0.0,1,0.6421310686344737,benign_single_use,0
0,1,1,24.854379305524866,0,1,0,0.0,0,0.8627222879903194,stale_after_reissue,1
0,1,0,45.53859363366041,1,0,0,0.0,0,0.4911438897817336,cross_session,1
0,1,0,53.45125914325117,1,0,0,0.0,1,0.5780159615357096,cross_session,1
0,1,0,50.614355264237616,0,0,0,0.0,0,0.569948988249595,benign_sms_normal,0
0,1,0,363.6623586772342,0,0,1,0.0,0,0.6162242283569945,late_verify,1
0,0,1,58.53363027485758,0,0,0,0.0,0,0.42459780195523456,stale_after_reissue,1
0,1,0,42.036629448481506,0,0,0,0.0,0,0.54373020912307,benign_sms_normal,0
6,0,0,17.769956189458057,0,0,0,2.8554591056080842,1,0.5828741269843298,brute_force,1
0,1,0,57.153954809179695,1,0,0,0.0,0,0.3885806274731074,cross_session,1
0,1,0,40.150000092468446,0,0,0,0.0,0,0.7422047388485069,benign_sms_normal,0
0,1,0,34.403353152880214,0,0,0,0.0,0,0.44280116661102753,benign_single_use,0
3,0,0,12.309091721752793,0,0,0,3.664305070652456,0,0.48596725938501517,brute_force,1
0,1,0,22.738571923122137,0,0,0,0.0,0,0.8162839621269646,benign_sms_normal,0
2,0,0,22.55636462058596,0,0,0,11.746100445733349,0,0.3886125892765505,benign_retry_then_success,0
0,1,0,37.603721965770795,0,0,0,0.0,0,0.6176468640419275,benign_single_use,0
2,0,0,21.593094727648193,0,0,0,7.198568557553365,1,0.48485880300174267,benign_retry_then_success,0
0,0,1,52.9911996245861,0,0,0,0.0,1,0.4041758915558177,stale_after_reissue,1
0,1,0,59.5569099163077,0,0,0,0.0,1,0.43172685306813163,benign_single_use,0
0,1,0,39.11375919758515,0,0,0,0.0,1,0.7336860070651674,benign_sms_normal,0
0,1,0,332.2169054482566,0,0,1,0.0,0,0.5982831600506522,late_verify,1
0,1,0,50.605616739611726,0,0,0,0.0,1,0.515179953359338,benign_single_use,0
0,1,0,328.6256753126929,0,0,1,0.0,1,0.38922231512096817,late_verify,1
1,1,0,18.644803415485097,0,0,0,0.0,0,0.8729593751018625,benign_retry_then_success,0
1,0,0,12.006873128069811,0,0,0,0.0,1,0.44068419848691176,benign_retry_then_success,0
0,1,0,13.736024671264126,0,0,0,0.0,0,0.5912007314460143,benign_sms_normal,0
0,1,0,56.840253384823285,0,0,0,0.0,1,0.8849254917126741,benign_sms_normal,0
1,1,0,10.350083028363729,0,0,0,0.0,1,0.8151470024653831,benign_retry_then_success,0
0,0,1,37.832106672563725,0,0,0,0.0,0,0.3522407897797948,stale_after_reissue,1
0,1,0,55.02593073627261,1,0,0,0.0,0,0.7005657806234085,cross_session,1
2,0,0,19.986481056464484,0,0,0,6.156115643394585,0,0.37608623822852755,benign_retry_then_success,0
0,2,0,25.313569996608532,0,0,0,0.0,0,0.8625735548206201,replay_attempt,1
0,1,0,21.333707971337244,0,0,0,0.0,1,0.5279283722812557,benign_single_use,0
0,1,0,48.30943192062809,0,0,0,0.0,1,0.3425038880063857,benign_single_use,0
0,1,0,56.002353847997654,0,0,0,0.0,1,0.3829073596989725,benign_single_use,0
2,0,0,24.81303570008383,0,0,0,11.581604711502713,0,0.347864211757769,benign_retry_then_success,0
0,1,0,61.81670958401905,0,0,0,0.0,0,0.8174271389302106,benign_sms_normal,0
1,1,0,21.092915344773797,0,0,0,0.0,0,0.5317600453223851,benign_retry_then_success,0
0,1,0,57.75222794516299,0,0,0,0.0,0,0.7764738362817079,benign_single_use,0
2,0,0,22.755317665292296,0,0,0,14.821389528127145,1,0.4963813191591935,benign_retry_then_success,0
1,1,0,21.584073286987717,0,0,0,0.0,0,0.6657541114589018,benign_retry_then_success,0
0,2,0,75.11234613352454,0,0,0,0.0,0,0.6627294581012677,replay_attempt,1
0,1,0,60.88707702471118,0,0,0,0.0,0,0.7498165589933576,benign_sms_normal,0
0,1,1,51.48514342495622,0,1,0,0.0,1,0.8767715700921761,stale_after_reissue,1
5,0,0,12.579519132187437,0,0,0,2.122486281226244,0,0.5091624699114335,brute_force,1
0,2,0,57.11132737231703,0,0,0,0.0,1,0.787095524045873,replay_attempt,1
0,1,0,9.4909248500613,0,0,0,0.0,0,0.30621866113824936,replay_attempt,1
0,1,0,56.94055576648279,0,0,0,0.0,1,0.6867857151964167,benign_sms_normal,0
0,1,0,306.57941275777733,0,0,1,0.0,0,0.7301713448502262,late_verify,1
0,2,0,57.755394466511405,0,0,0,0.0,1,0.6198949890147982,replay_attempt,1
0,1,1,64.63277438874255,0,1,0,0.0,0,0.8261766070081871,stale_after_reissue,1
3,0,0,9.283537674449338,0,0,0,3.4902342800111983,0,0.40394025077422135,brute_force,1
0,1,0,48.70310587420825,0,0,0,0.0,0,0.7362881530406137,benign_single_use,0
0,1,0,355.5144096591158,0,0,1,0.0,1,0.8579743755469325,late_verify,1
1,0,0,7.581406725806305,0,0,0,0.0,0,0.4298309452175425,benign_retry_then_success,0
1,1,0,14.750199178314237,0,0,0,0.0,1,0.727024561692059,benign_retry_then_success,0
0,1,0,56.2561130275168,0,0,0,0.0,1,0.5886217607504305,benign_single_use,0
0,1,0,369.8939024030178,0,0,1,0.0,1,0.9488792780709385,late_verify,1
1,0,0,13.511814302431084,0,0,0,0.0,1,0.445792412642147,benign_retry_then_success,0
0,1,1,95.01613680575217,0,1,0,0.0,0,0.643106626317546,stale_after_reissue,1
0,1,0,8.541767576363602,1,0,0,0.0,0,0.4240447392169398,cross_session,1
0,1,0,6.535354978907852,1,0,0,0.0,0,0.8055486121316988,cross_session,1
0,1,0,33.17340737890929,0,0,0,0.0,1,0.5264110841804454,benign_single_use,0
0,1,0,22.35424993839961,0,0,0,0.0,0,0.3027884600511825,benign_single_use,0
0,1,0,327.07794525049337,0,0,1,0.0,0,0.43322193049468205,late_verify,1
0,1,0,13.810872372299587,0,0,0,0.0,0,0.5428664869315678,benign_single_use,0
0,1,0,52.880963744340605,1,0,0,0.0,0,0.513906774969098,cross_session,1
2,0,0,16.756424637907802,0,0,0,12.277118417482164,0,0.6252451649609618,benign_retry_then_success,0
0,2,0,23.395307673621666,0,0,0,0.0,1,0.720325437976651,replay_attempt,1
0,1,0,60.13483288606256,0,0,0,0.0,1,0.40662194394714374,benign_sms_normal,0
0,1,0,18.896413572519123,0,0,0,0.0,1,0.7293013252439313,benign_single_use,0
0,1,0,18.05727470702822,0,0,0,0.0,1,0.7771960923305893,benign_single_use,0
0,1,0,401.9289611365683,0,0,1,0.0,1,0.9946767582433573,late_verify,1
10,0,0,38.38006116973498,0,0,0,4.143104732052708,1,0.9618775529908747,brute_force,1
2,1,0,32.295099891857745,0,0,0,10.55839809823539,1,0.6872292865288161,benign_retry_then_success,0
0,2,0,37.728548216676444,0,0,0,0.0,0,0.7036589996397705,replay_attempt,1
0,1,0,33.78587656745544,0,0,0,0.0,1,0.3651141799170561,replay_attempt,1
0,1,0,56.6677322162213,1,0,0,0.0,0,0.598147552291798,cross_session,1
0,1,0,351.01921008468224,0,0,1,0.0,0,0.6193165117968952,late_verify,1
1,1,0,17.618580461554973,0,0,0,0.0,1,0.7352559056976475,benign_retry_then_success,0
1,1,0,14.255946137673973,0,0,0,0.0,0,0.9658235398427679,benign_retry_then_success,0
0,1,0,33.756375294159625,1,0,0,0.0,0,0.9133552711961443,cross_session,1
0,1,0,352.6631888783843,0,0,1,0.0,0,0.8899560021475472,late_verify,1
0,1,0,26.99495142040922,0,0,0,0.0,0,0.9900540912476592,benign_single_use,0
7,0,0,24.78699717087394,0,0,0,3.2649379447734534,1,0.7462639865923741,brute_force,1
0,1,0,39.99743935013086,0,0,0,0.0,0,0.3338412495509993,benign_single_use,0
0,1,0,38.3263697922911,1,0,0,0.0,1,0.5217096372244122,cross_session,1
0,1,0,14.740520636551551,0,0,0,0.0,1,0.6893491468434696,benign_sms_normal,0
5,0,0,15.033574138706491,0,0,0,3.4634113961134996,0,0.7849012854859438,brute_force,1
0,1,0,87.18020580186221,0,0,0,0.0,1,0.651242596942077,benign_sms_normal,0
6,0,0,25.792132693243065,0,0,0,4.152118039341758,1,0.4618935878335657,brute_force,1
0,1,0,41.31794343798736,0,0,0,0.0,0,0.8880499007097282,benign_sms_normal,0
0,1,0,73.61197014840198,0,0,0,0.0,0,0.5603578516304328,benign_sms_normal,0
0,1,1,41.530908336989256,0,1,0,0.0,1,0.7186994854897919,stale_after_reissue,1
0,1,0,68.40710445030942,0,0,0,0.0,0,0.3832238876873997,benign_sms_normal,0
0,1,0,16.447705685266204,1,0,0,0.0,1,0.913778775987673,cross_session,1
0,1,0,31.799646316114885,0,0,0,0.0,1,0.4881952242744094,benign_single_use,0
0,1,0,20.775723671425318,0,0,0,0.0,0,0.6990704882209846,benign_sms_normal,0
0,1,0,48.185321830573905,0,0,0,0.0,1,0.9033164283360546,benign_sms_normal,0
0,1,0,50.719318065185576,0,0,0,0.0,0,0.6124734656189088,benign_single_use,0
4,0,0,12.496077901250079,0,0,0,3.623727926372336,0,0.5976800445645751,brute_force,1
0,1,0,49.61300453748362,0,0,0,0.0,1,0.49373546111733857,benign_sms_normal,0
5,0,0,17.367420579201397,0,0,0,3.1160708977689433,0,0.40762042937129306,brute_force,1
2,1,0,27.437124065860218,0,0,0,8.748202372236669,1,0.828082250478245,benign_retry_then_success,0
5,0,0,18.10507903755515,0,0,0,3.7877922436896907,0,0.5881873981842731,brute_force,1
2,1,0,21.64240277616394,0,0,0,11.095054927416118,0,0.9114558305174751,benign_retry_then_success,0
2,0,0,14.33194923937686,0,0,0,3.794957689256208,0,0.5319154547259303,benign_retry_then_success,0
0,1,1,77.95775604461298,0,1,0,0.0,1,0.6008441796552322,stale_after_reissue,1
0,2,0,50.38801229348947,0,0,0,0.0,1,0.5272080002083932,replay_attempt,1
0,1,1,88.52842376745959,0,1,0,0.0,1,0.687492506312362,stale_after_reissue,1
1,1,0,20.13135746867502,0,0,0,0.0,1,0.8963577233109403,benign_retry_then_success,0
0,1,0,54.11339945048087,0,0,0,0.0,1,0.8383517045872848,benign_single_use,0
9,0,0,33.87306600854667,0,0,0,3.9797677419371005,0,0.9304574694660985,brute_force,1
10,0,0,37.451057938404546,0,0,0,3.7006169924472903,1,0.9708069882344452,brute_force,1
0,1,0,383.8959403692305,0,0,1,0.0,0,0.4587023223865462,late_verify,1
0,1,0,30.09588484278766,0,0,0,0.0,1,0.3168985337294829,benign_sms_normal,0
0,1,0,14.35002938348666,1,0,0,0.0,0,0.8729857561882111,cross_session,1
0,1,0,58.449492859228904,0,0,0,0.0,0,0.936185146849323,benign_single_use,0
0,2,0,52.38435998288074,0,0,0,0.0,1,0.79111676684561,replay_attempt,1
0,1,0,9.995279929256212,0,0,0,0.0,1,0.9988704301872624,benign_sms_normal,0
0,1,0,23.826623505376674,0,0,0,0.0,1,0.8079395061297576,benign_sms_normal,0
0,1,0,24.956103255089563,0,0,0,0.0,0,0.5669331288663388,benign_single_use,0
0,1,0,333.70658066036793,0,0,1,0.0,0,0.6182680646993057,late_verify,1
0,1,0,36.754124631375056,0,0,0,0.0,0,0.797777995996757,benign_single_use,0
0,1,0,18.309410020748786,0,0,0,0.0,1,0.32743271329967916,benign_single_use,0
0,2,0,97.30796276030507,0,0,0,0.0,0,0.7436698186850887,replay_attempt,1
0,1,1,77.30593016672887,0,1,0,0.0,1,0.9687341795797024,stale_after_reissue,1
0,1,0,345.95335040094506,0,0,1,0.0,1,0.5040799279311257,late_verify,1
1,1,0,17.416554009123615,0,0,0,0.0,0,0.7980745900079251,benign_retry_then_success,0
0,2,0,51.75152025225065,0,0,0,0.0,0,0.6651405470200881,replay_attempt,1
0,1,0,390.6287269368303,0,0,1,0.0,1,0.5737271568431372,late_verify,1
0,1,0,18.129139729589546,1,0,0,0.0,1,0.6341998942939058,cross_session,1
10,0,0,42.15215895003194,0,0,0,4.065797665695632,1,0.9950556701982678,brute_force,1
0,2,0,21.129394744075135,0,0,0,0.0,1,0.8853067714174987,replay_attempt,1
2,0,0,11.439356835491127,0,0,0,3.6784379962359743,1,0.5634677562042101,benign_retry_then_success,0
0,1,0,10.821934051400802,1,0,0,0.0,0,0.40712581855926705,cross_session,1
0,1,0,25.99369087753893,1,0,0,0.0,0,0.605856691136625,cross_session,1
0,1,0,57.80734125876089,1,0,0,0.0,1,0.8295283342302369,cross_session,1
2,1,0,31.87138681935265,0,0,0,11.28299113193132,1,0.6967929560979851,benign_retry_then_success,0
7,0,0,19.908440011251585,0,0,0,2.925766608745054,0,0.7948481755791645,brute_force,1
0,1,0,9.638514283152292,0,0,0,0.0,1,0.6478988925791609,benign_single_use,0
0,1,0,32.2042326203578,0,0,0,0.0,0,0.7019437604602856,benign_single_use,0
0,1,0,7.638461423841781,0,0,0,0.0,1,0.5665113627993912,benign_sms_normal,0
0,1,0,19.330935079446046,1,0,0,0.0,1,0.9474811500501688,cross_session,1
3,0,0,13.697147452218763,0,0,0,5.74439737565868,1,0.45555935051737895,brute_force,1
2,0,0,22.897195391591627,0,0,0,8.270379321376886,0,0.4541179702657381,benign_retry_then_success,0
1,1,0,16.58304581809247,0,0,0,0.0,0,0.7784672092153462,benign_retry_then_success,0
0,1,0,20.485714205486662,0,0,0,0.0,1,0.580049467618833,benign_single_use,0
1,1,0,21.26984453849717,0,0,0,0.0,1,0.7094002590816263,benign_retry_then_success,0
0,1,0,20.96274943726884,1,0,0,0.0,1,0.9055349867878366,cross_session,1
0,1,0,53.43814261403574,0,0,0,0.0,0,0.8054808779953064,benign_sms_normal,0
0,1,0,372.07344072951844,0,0,1,0.0,0,0.9821318468847906,late_verify,1
0,1,0,32.84282323651418,0,0,0,0.0,1,0.42381127740231084,benign_single_use,0
0,2,0,72.19620099371726,0,0,0,0.0,1,0.8862029606941613,replay_attempt,1
2,0,0,23.417753099014682,0,0,0,12.637911899178755,0,0.6122898183320417,benign_retry_then_success,0
0,1,0,39.33844565287035,0,0,0,0.0,1,0.846223060637685,benign_sms_normal,0
2,1,0,35.21690447037354,0,0,0,14.365105790028075,1,0.7370028857973037,benign_retry_then_success,0
0,1,0,384.50122303290533,0,0,1,0.0,1,0.3714397032115684,late_verify,1
0,1,0,46.509464912386285,1,0,0,0.0,1,0.6804972981730013,cross_session,1
0,1,0,400.67552769908605,0,0,1,0.0,1,0.4855897892066267,late_verify,1
0,1,0,328.05075306592926,0,0,1,0.0,1,0.642914662465782,late_verify,1
0,1,0,49.953693136322556,0,0,0,0.0,1,0.3566411877331646,replay_attempt,1
2,0,0,16.681448160357164,0,0,0,6.826382732426616,1,0.40895596923824323,benign_retry_then_success,0
0,1,0,45.5887838359232,0,0,0,0.0,0,0.8850227544880327,benign_single_use,0
0,1,0,48.5619701254977,0,0,0,0.0,0,0.8043698906754642,benign_single_use,0
0,1,0,71.08967248613813,0,0,0,0.0,1,0.4331418789845809,benign_sms_normal,0
0,1,0,56.49758343666739,1,0,0,0.0,0,0.7187213098977004,cross_session,1
6,0,0,27.604830887839245,0,0,0,4.446767603468184,1,0.48757062040921484,brute_force,1
0,1,0,53.27200122078575,1,0,0,0.0,0,0.7634255201506289,cross_session,1
0,1,0,6.153457555526886,0,0,0,0.0,1,0.5992584020723022,benign_sms_normal,0
0,1,0,57.46283096559184,1,0,0,0.0,0,0.5963385947109037,cross_session,1
0,1,0,302.7087452812084,0,0,1,0.0,1,0.528003582946024,late_verify,1
0,1,0,410.59451731497205,0,0,1,0.0,0,0.45292542474869135,late_verify,1
2,1,0,28.053538372637334,0,0,0,8.348992300599292,1,0.7098184733316437,benign_retry_then_success,0
2,0,0,7.482590763513464,0,0,0,3.803208307932282,1,0.4657964852308349,benign_retry_then_success,0
0,1,0,56.845986183463346,0,0,0,0.0,0,0.7087680223573234,benign_sms_normal,0
1,0,0,8.39523090060979,0,0,0,0.0,0,0.46466752072781875,benign_retry_then_success,0
0,1,0,409.0529287134293,0,0,1,0.0,1,0.9650274453590535,late_verify,1
0,1,0,43.91456517355355,0,0,0,0.0,0,0.5896753581670683,benign_sms_normal,0
0,1,0,38.6251008464828,0,0,0,0.0,1,0.35394526759795664,replay_attempt,1
5,0,0,23.80208553680205,0,0,0,4.660110466721415,1,0.42189989933295996,brute_force,1
0,1,0,28.54491017333971,0,0,0,0.0,1,0.42609659289783985,replay_attempt,1
0,1,0,364.3425265412575,0,0,1,0.0,0,0.409703433858075,late_verify,1
4,0,0,14.053586684599995,0,0,0,3.7855755179629043,1,0.3955229187686478,brute_force,1
0,1,0,10.209998698655552,0,0,0,0.0,0,0.6926507404968993,benign_single_use,0
0,1,0,58.21642747464363,0,0,0,0.0,1,0.4947110425701968,benign_sms_normal,0
0,1,0,30.9344131626632,1,0,0,0.0,1,0.48690143713207334,cross_session,1
0,1,0,36.577413504811254,0,0,0,0.0,1,0.3244728871091841,benign_sms_normal,0
0,1,0,73.78126518114382,0,0,0,0.0,0,0.6378865732215051,benign_sms_normal,0
0,2,0,68.23628693855973,0,0,0,0.0,0,0.7348281885252224,replay_attempt,1
1,1,0,24.63375762016739,0,0,0,0.0,1,0.5354412509992801,benign_retry_then_success,0
0,1,0,39.9750272639444,0,0,0,0.0,0,0.4251480061626867,replay_attempt,1
0,1,0,17.800320247123793,0,0,0,0.0,1,0.35415781694505194,replay_attempt,1
2,0,0,12.629526095039466,0,0,0,8.150362345610247,0,0.5393803251668691,benign_retry_then_success,0
0,1,0,56.02134289104869,0,0,0,0.0,0,0.5115010979366328,benign_sms_normal,0
6,0,0,23.337490392652672,0,0,0,4.125614536880515,0,0.7011701208106995,brute_force,1
0,1,1,58.11912672123446,0,1,0,0.0,0,0.9748290007854472,stale_after_reissue,1
0,0,1,30.007393318010593,0,0,0,0.0,0,0.40513355654053307,stale_after_reissue,1
0,1,0,27.02986800390521,0,0,0,0.0,0,0.8434795596065734,benign_sms_normal,0
0,1,1,111.58134483940641,0,1,0,0.0,1,0.9339072808287066,stale_after_reissue,1
0,1,0,411.142553615227,0,0,1,0.0,1,0.3857475696002702,late_verify,1
0,1,0,28.860514727263162,0,0,0,0.0,0,0.4985654595492271,benign_single_use,0
2,1,0,26.616427785264868,0,0,0,9.646447121022389,0,0.795298411983157,benign_retry_then_success,0
0,1,1,73.29657171276477,0,1,0,0.0,1,0.5851506203135644,stale_after_reissue,1
0,1,0,9.403632743665671,0,0,0,0.0,0,0.7763893136897985,benign_sms_normal,0
4,0,0,16.538011895752224,0,0,0,3.690262546230921,1,0.4961357659596845,brute_force,1
0,2,0,91.62994046478182,0,0,0,0.0,0,0.5188055953827188,replay_attempt,1
0,2,0,54.3182268984897,0,0,0,0.0,1,0.5439199151556391,replay_attempt,1
0,1,0,47.40567794225257,0,0,0,0.0,0,0.35880367134058266,benign_single_use,0
0,1,0,77.91117355053134,0,0,0,0.0,1,0.8187708657894788,benign_sms_normal,0
3,0,0,12.471786143969718,0,0,0,3.4295493526302896,0,0.3874161826296767,brute_force,1
0,1,0,23.639166928480087,1,0,0,0.0,0,0.7827185808221014,cross_session,1
3,0,0,7.827966406254233,0,0,0,3.302184442992774,1,0.4496769711555978,brute_force,1
0,2,0,20.353605599365395,0,0,0,0.0,1,0.7301233476151917,replay_attempt,1
0,1,0,42.68376894714781,1,0,0,0.0,1,0.7351437931785548,cross_session,1
0,0,1,48.66643823650151,0,0,0,0.0,1,0.3563610806372321,stale_after_reissue,1
8,0,0,26.09738369557503,0,0,0,3.430382344603663,0,0.7648248855380857,brute_force,1
0,1,0,21.55308304685558,0,0,0,0.0,1,0.9552290554871117,benign_single_use,0
0,1,0,6.093349546592558,0,0,0,0.0,0,0.3991380163611949,benign_single_use,0
0,1,0,48.84343705333372,0,0,0,0.0,0,0.6153050464123023,benign_single_use,0
2,1,0,32.17824544713763,0,0,0,12.444904465553051,1,0.8969778759983269,benign_retry_then_success,0
0,1,0,47.57231768448413,0,0,0,0.0,0,0.7738150048395596,benign_sms_normal,0
0,1,0,22.130852793503504,0,0,0,0.0,0,0.3653151127409863,benign_single_use,0
0,2,0,79.35581951006759,0,0,0,0.0,1,0.9244523218059868,replay_attempt,1
0,1,0,59.95176478945956,1,0,0,0.0,0,0.47066458392275046,cross_session,1
6,0,0,24.526664400332642,0,0,0,4.602253238539932,0,0.8410900259995953,brute_force,1
4,0,0,21.471076460015524,0,0,0,5.28379674538541,0,0.3622099001533946,brute_force,1
0,1,0,22.281903652116693,1,0,0,0.0,1,0.5109978395069306,cross_session,1
0,1,1,96.44803189003952,0,1,0,0.0,1,0.9617939269244953,stale_after_reissue,1
0,1,0,326.9333104335307,0,0,1,0.0,1,0.40746813082380995,late_verify,1
0,1,0,37.05835418428273,0,0,0,0.0,0,0.497855029986294,benign_single_use,0
0,1,0,57.139660724315036,0,0,0,0.0,1,0.5517273890381119,benign_sms_normal,0
0,2,0,79.90781760871214,0,0,0,0.0,1,0.9840890920671428,replay_attempt,1
0,2,0,57.864545160651645,0,0,0,0.0,1,0.6878437636180256,replay_attempt,1
5,0,0,9.397384140522654,0,0,0,1.9906560534754971,1,0.7296808659055378,brute_force,1
0,1,0,400.90363687044817,0,0,1,0.0,1,0.4023332655680935,late_verify,1
2,1,0,41.52963939609637,0,0,0,14.977790020481553,0,0.8105199566092285,benign_retry_then_success,0
0,0,1,41.60950358995391,0,0,0,0.0,1,0.48843728440239453,stale_after_reissue,1
0,1,0,22.763481706454716,0,0,0,0.0,0,0.46066265237219295,replay_attempt,1
0,0,1,17.307161888510805,0,0,0,0.0,0,0.35237386794775466,stale_after_reissue,1
0,1,1,68.51017110025025,0,1,0,0.0,1,0.6295717475986962,stale_after_reissue,1
1,1,0,18.456941188666498,0,0,0,0.0,1,0.5002471830459327,benign_retry_then_success,0
0,1,0,29.798407743708033,1,0,0,0.0,1,0.9486394735454218,cross_session,1
0,1,0,82.8144685296917,0,0,0,0.0,1,0.39555296941693374,benign_sms_normal,0
0,1,1,33.97441007488445,0,1,0,0.0,1,0.6659762688509396,stale_after_reissue,1
0,1,0,404.46566169288815,0,0,1,0.0,1,0.6914923964886109,late_verify,1
0,0,1,53.83387276278462,0,0,0,0.0,1,0.46066407546304444,stale_after_reissue,1
2,0,0,17.8529973789804,0,0,0,3.1397672848453233,0,0.5396451768100939,benign_retry_then_success,0
0,1,0,7.478929015387224,1,0,0,0.0,0,0.5516043250059244,cross_session,1
0,1,0,349.40202657373106,0,0,1,0.0,1,0.40084450858457454,late_verify,1
2,0,0,26.764380662844935,0,0,0,11.98231462945451,1,0.4304468487812012,benign_retry_then_success,0
0,1,0,385.7886304049449,0,0,1,0.0,1,0.6272860237555224,late_verify,1
0,1,0,306.4426629523498,0,0,1,0.0,0,0.8868017801286865,late_verify,1
0,2,0,70.51883009513335,0,0,0,0.0,1,0.6903374967668334,replay_attempt,1
0,1,0,53.452024620218666,0,0,0,0.0,0,0.7497084462790014,benign_single_use,0
0,1,0,66.30953708473248,0,0,0,0.0,0,0.4015470014541108,benign_sms_normal,0
0,1,0,20.71959388771759,1,0,0,0.0,1,0.8855858561209704,cross_session,1
0,1,0,55.855564777543336,0,0,0,0.0,1,0.3763337478201067,benign_sms_normal,0
0,1,0,38.6404411556478,0,0,0,0.0,0,0.37802340803428075,replay_attempt,1
0,2,0,35.79339452380991,0,0,0,0.0,1,0.7522138386459938,replay_attempt,1
2,0,0,12.334929745674032,0,0,0,3.1849917634045894,0,0.33863110341634217,benign_retry_then_success,0
0,2,0,21.495447242859534,0,0,0,0.0,1,0.6219756699563801,replay_attempt,1
0,0,1,30.33841334456879,0,0,0,0.0,0,0.3618614943272295,stale_after_reissue,1
0,2,0,51.47180487454165,0,0,0,0.0,1,0.745523489430181,replay_attempt,1
0,2,0,85.8166444497541,0,0,0,0.0,0,0.5757907807706222,replay_attempt,1
0,1,0,17.39462221881404,1,0,0,0.0,1,0.7085915949675099,cross_session,1
0,1,0,82.90608114298236,0,0,0,0.0,0,0.3594829546376542,benign_sms_normal,0
0,1,0,325.28841091948084,0,0,1,0.0,1,0.8453836090407951,late_verify,1
0,1,0,75.7905646556599,0,0,0,0.0,0,0.623252162812993,benign_sms_normal,0
0,1,0,58.42720644489067,0,0,0,0.0,1,0.7596379112635092,benign_single_use,0
3,0,0,5.795463409300134,0,0,0,1.8996946169152182,0,0.42554162032741916,brute_force,1
0,1,0,323.0159348829457,0,0,1,0.0,0,0.7613616211857547,late_verify,1
0,1,0,364.2065684806438,0,0,1,0.0,0,0.8190774799740457,late_verify,1
0,1,1,68.36546235296166,0,1,0,0.0,1,0.8060121880769875,stale_after_reissue,1
0,1,0,18.913451606557068,0,0,0,0.0,1,0.8191952597872818,benign_sms_normal,0
5,0,0,17.706488710709472,0,0,0,2.989907923595781,0,0.7716769249908674,brute_force,1
0,1,0,32.77457435601764,0,0,0,0.0,0,0.5440180796531844,benign_single_use,0
8,0,0,34.811169201159395,0,0,0,4.467832481614201,1,0.9266430763557416,brute_force,1
0,1,0,333.64215610597853,0,0,1,0.0,0,0.5550943635533805,late_verify,1
0,2,0,61.605634194432916,0,0,0,0.0,0,0.9209453646446621,replay_attempt,1
3,0,0,10.367543977355702,0,0,0,3.739700407848507,0,0.3533377584878905,brute_force,1
0,1,0,21.28994456080271,0,0,0,0.0,0,0.5236970575846843,benign_sms_normal,0
0,1,0,30.08113318120022,1,0,0,0.0,1,0.5096092841122726,cross_session,1
0,1,0,311.20962181360545,0,0,1,0.0,1,0.8364524518315481,late_verify,1
0,1,0,5.305749695325187,0,0,0,0.0,0,0.6896643361515375,benign_single_use,0
0,1,0,36.75151829557952,0,0,0,0.0,1,0.37851480565866785,replay_attempt,1
2,1,0,32.34055902765404,0,0,0,8.980132838865186,0,0.8347359083429304,benign_retry_then_success,0
0,1,0,76.72787893055866,0,0,0,0.0,1,0.590096319005006,benign_sms_normal,0
0,1,0,358.50499568554636,0,0,1,0.0,1,0.3825730264940922,late_verify,1
0,1,0,9.930442323502568,0,0,0,0.0,1,0.7738077953062807,benign_sms_normal,0
0,1,0,309.242559837285,0,0,1,0.0,0,0.7246122402785512,late_verify,1
0,1,0,5.480103253457859,0,0,0,0.0,1,0.7038179158598223,benign_sms_normal,0
0,1,0,55.952456571341486,1,0,0,0.0,0,0.4871136104075364,cross_session,1
0,2,0,29.500423651970333,0,0,0,0.0,1,0.8310251653368683,replay_attempt,1
0,1,0,33.66021483426364,0,0,0,0.0,1,0.5488224995666173,benign_single_use,0
0,1,1,80.63214915857172,0,1,0,0.0,0,0.6360414559880004,stale_after_reissue,1
0,1,0,51.65157905181927,1,0,0,0.0,1,0.368794328174428,cross_session,1
2,0,0,17.875314903444924,0,0,0,9.781851323608626,0,0.46281551068285487,benign_retry_then_success,0
0,1,0,55.40783293602053,0,0,0,0.0,1,0.5296276374460972,benign_sms_normal,0
0,1,0,9.189293256912714,0,0,0,0.0,1,0.34568198266713435,benign_sms_normal,0
1,0,0,10.389501723301299,0,0,0,0.0,1,0.4173680688158239,benign_retry_then_success,0
0,1,0,18.575911930842402,1,0,0,0.0,1,0.39636388006541146,cross_session,1
0,1,0,68.22911811327387,0,0,0,0.0,1,0.7796876467580551,benign_sms_normal,0
0,1,0,38.65021986850712,1,0,0,0.0,0,0.7302666907051967,cross_session,1
0,0,1,18.321708803488445,0,0,0,0.0,0,0.4664747217284091,stale_after_reissue,1
0,1,0,17.91287308671468,0,0,0,0.0,0,0.4061296976414307,benign_sms_normal,0
0,1,0,42.37875671214182,0,0,0,0.0,0,0.3021280254433357,benign_sms_normal,0
5,0,0,21.757260035812312,0,0,0,4.498716470252809,0,0.6426829475576847,brute_force,1
0,1,0,5.576353464191127,0,0,0,0.0,1,0.8352469357484715,benign_single_use,0
6,0,0,26.812988316769065,0,0,0,4.380890793342287,0,0.9974090809381762,brute_force,1
2,0,0,21.13856067215066,0,0,0,7.9868433547119615,0,0.3428164411432828,benign_retry_then_success,0
0,1,0,7.2149963673179345,0,0,0,0.0,0,0.721407672211687,benign_single_use,0
0,2,0,26.180065174282536,0,0,0,0.0,1,0.5436322926378109,replay_attempt,1
0,1,0,60.43288844768838,0,0,0,0.0,1,0.3721166020759471,benign_sms_normal,0
2,0,0,13.99129794862215,0,0,0,7.884963438341732,1,0.5820094908714313,benign_retry_then_success,0
0,1,1,64.09768686310558,0,1,0,0.0,1,0.8723980122452297,stale_after_reissue,1
2,0,0,19.845716740167276,0,0,0,7.5995221561907425,0,0.3735226637022032,benign_retry_then_success,0
0,1,0,30.846839688608586,0,0,0,0.0,1,0.8665848164900887,benign_single_use,0
7,0,0,21.376087412157656,0,0,0,3.146971165297328,1,0.845724984916743,brute_force,1
0,1,0,55.40453564250194,0,0,0,0.0,0,0.7544812549286983,benign_single_use,0
0,1,0,395.80465448183315,0,0,1,0.0,0,0.6090357247658444,late_verify,1
0,1,0,49.686657249483716,0,0,0,0.0,0,0.600970341583529,benign_single_use,0
0,1,0,43.80392364939229,0,0,0,0.0,1,0.6198386221367993,benign_single_use,0
0,1,0,25.2905129756101,0,0,0,0.0,1,0.41906097471005616,benign_single_use,0
0,1,0,405.34386395843774,0,0,1,0.0,0,0.4983723784961699,late_verify,1
0,1,0,8.03478145122482,0,0,0,0.0,0,0.9836846479397421,benign_single_use,0
1,1,0,19.50348529907013,0,0,0,0.0,1,0.8592341371128547,benign_retry_then_success,0
7,0,0,25.758877921797705,0,0,0,3.533368714747301,1,0.925074638927919,brute_force,1
5,0,0,24.901785649194014,0,0,0,5.072190355394634,1,0.6319144689760767,brute_force,1
0,1,0,55.07192162123003,0,0,0,0.0,1,0.4027890494818225,benign_single_use,0
0,1,1,100.1152876708226,0,1,0,0.0,1,0.7061680989823418,stale_after_reissue,1
0,1,0,30.81859954720911,0,0,0,0.0,0,0.899916104534342,benign_sms_normal,0
1,1,0,19.305297820954642,0,0,0,0.0,1,0.6454356731133996,benign_retry_then_success,0
0,1,1,84.50050469176868,0,1,0,0.0,1,0.609119478364265,stale_after_reissue,1
0,1,0,30.887115892214208,0,0,0,0.0,0,0.8702802930580325,benign_sms_normal,0
0,1,0,80.96044228335558,0,0,0,0.0,1,0.5661812419439756,benign_sms_normal,0
0,1,0,6.736105282158647,0,0,0,0.0,1,0.5430612031607975,benign_single_use,0
0,2,0,74.05822330915765,0,0,0,0.0,0,0.8708534366236094,replay_attempt,1
3,0,0,11.57372327849664,0,0,0,4.12126938751116,1,0.3061046679561784,brute_force,1
0,1,0,9.724987276338705,0,0,0,0.0,1,0.5741609276625838,benign_sms_normal,0
0,2,0,56.04050599995265,0,0,0,0.0,1,0.6580795585046304,replay_attempt,1
0,1,0,53.997772848048264,0,0,0,0.0,1,0.3655349844374353,benign_single_use,0
0,1,0,58.89615450230428,1,0,0,0.0,0,0.8937920267704997,cross_session,1
0,1,0,33.44503911836335,1,0,0,0.0,1,0.6950093854605488,cross_session,1
0,1,0,73.1933380651295,0,0,0,0.0,1,0.8729998926292029,benign_sms_normal,0
0,2,0,24.378302532445034,0,0,0,0.0,1,0.9832794737675252,replay_attempt,1
7,0,0,23.562870274780384,0,0,0,3.3412653514637913,1,0.9217092865663754,brute_force,1
0,1,1,74.66471762970824,0,1,0,0.0,1,0.6943916359819856,stale_after_reissue,1
0,1,0,375.50708595675684,0,0,1,0.0,1,0.36321017273956996,late_verify,1
0,1,0,22.885858424399743,1,0,0,0.0,1,0.8322316193648187,cross_session,1
0,1,0,399.6134167420617,0,0,1,0.0,0,0.4027136046870386,late_verify,1
0,1,0,49.8812988350338,0,0,0,0.0,0,0.5243670610747458,benign_sms_normal,0
0,1,0,16.700722541287853,0,0,0,0.0,1,0.8567868133463248,benign_single_use,0
6,0,0,22.955767185432364,0,0,0,3.6793831081706783,0,0.46658011699962565,brute_force,1
8,0,0,28.153910657763085,0,0,0,3.731387938753204,1,0.6981732862745076,brute_force,1
0,1,0,32.016568966562104,0,0,0,0.0,0,0.6965240239199123,benign_single_use,0
9,0,0,28.594510578011906,0,0,0,3.339824401412666,1,0.8287082160602883,brute_force,1
2,0,0,17.8936846841269,0,0,0,3.555261219808335,0,0.5528918929935287,benign_retry_then_success,0
0,1,1,115.05834538720441,0,1,0,0.0,0,0.5180417079325847,stale_after_reissue,1
0,1,0,88.37615917857717,0,0,0,0.0,1,0.8851524114860652,benign_sms_normal,0
0,1,0,55.96150808444002,0,0,0,0.0,0,0.8588095536585119,benign_sms_normal,0
0,1,0,39.59350265761096,0,0,0,0.0,1,0.4029658356534065,benign_single_use,0
0,1,0,26.233448640151067,0,0,0,0.0,0,0.8188818217429219,benign_sms_normal,0
2,0,0,10.674674689885254,0,0,0,5.3292680081948625,0,0.3758626763079176,benign_retry_then_success,0
0,1,0,62.05802765749817,0,0,0,0.0,0,0.567210633910842,benign_sms_normal,0
2,1,0,23.45400838818904,0,0,0,6.2239341268571415,1,0.6936830953175277,benign_retry_then_success,0
0,1,0,30.256171775126585,0,0,0,0.0,0,0.8616199442434724,benign_single_use,0
0,1,0,417.36675713026,0,0,1,0.0,1,0.6246257666721977,late_verify,1
8,0,0,21.845540763882198,0,0,0,2.8198673447996994,0,0.7128897573671971,brute_force,1
0,1,0,25.39203565405946,1,0,0,0.0,0,0.7371865613822258,cross_session,1
0,1,0,380.4902821275444,0,0,1,0.0,0,0.7521087660930492,late_verify,1
2,1,0,29.89543525585114,0,0,0,12.023998373297934,1,0.7348104864308993,benign_retry_then_success,0
0,1,0,20.093562694225056,0,0,0,0.0,1,0.6162599967552473,benign_single_use,0
4,0,0,10.66450324494841,0,0,0,3.220348988459897,0,0.39221195719842383,brute_force,1
0,1,0,80.18034819571733,0,0,0,0.0,0,0.48210128453985823,benign_sms_normal,0
10,0,0,42.86785829102257,0,0,0,4.145036157305405,1,0.865843956322123,brute_force,1
0,1,0,54.432214748945626,0,0,0,0.0,0,0.3841136955668791,benign_sms_normal,0
0,1,0,78.68003446855973,0,0,0,0.0,1,0.4683898667589679,benign_sms_normal,0
0,1,0,11.026870913732665,0,0,0,0.0,0,0.797955589635568,benign_sms_normal,0
0,1,0,14.333313212452806,0,0,0,0.0,0,0.514056585727946,benign_single_use,0
0,1,0,31.764192285837716,0,0,0,0.0,1,0.4826145575140367,benign_single_use,0
0,1,0,25.07459558875911,0,0,0,0.0,0,0.3770430319582575,benign_single_use,0
0,1,0,13.7532750045458,0,0,0,0.0,0,0.5229650614746844,benign_sms_normal,0
0,1,0,62.68728351930949,0,0,0,0.0,0,0.7343797701608724,benign_sms_normal,0
0,1,0,20.63889572012502,0,0,0,0.0,1,0.8559873939752818,benign_sms_normal,0
0,2,0,56.17340632218267,0,0,0,0.0,1,0.9629903071144015,replay_attempt,1
0,1,0,16.67788514500723,1,0,0,0.0,1,0.41563818038240663,cross_session,1
0,1,0,71.05378775977238,0,0,0,0.0,0,0.5836814779842108,benign_sms_normal,0
0,1,0,12.807367314165141,0,0,0,0.0,1,0.8075408014169285,benign_sms_normal,0
2,0,0,9.573053942627494,0,0,0,4.312272935700017,0,0.35500275707456597,benign_retry_then_success,0
0,1,0,22.072330375548976,0,0,0,0.0,0,0.8667800230934724,benign_sms_normal,0
0,1,0,23.894933916195715,0,0,0,0.0,0,0.770616846285379,benign_sms_normal,0
0,1,0,40.10481401144279,1,0,0,0.0,0,0.5017503019591338,cross_session,1
0,1,0,52.65538918513409,1,0,0,0.0,1,0.5551380723867233,cross_session,1
0,1,0,51.161238811172474,0,0,0,0.0,0,0.8135900194587657,benign_sms_normal,0
0,1,0,30.022223728793016,0,0,0,0.0,0,0.36664946119483366,benign_single_use,0
0,1,0,339.9046295863241,0,0,1,0.0,0,0.35339705937498483,late_verify,1
0,1,0,22.325204630121412,0,0,0,0.0,1,0.37070347964230854,replay_attempt,1
1,0,0,13.114236986541336,0,0,0,0.0,1,0.3027404340665847,benign_retry_then_success,0
1,0,0,3.1844054403335993,0,0,0,0.0,0,0.44344005214379867,benign_retry_then_success,0
0,1,0,22.78073432620308,0,0,0,0.0,1,0.9853892077810691,benign_sms_normal,0
0,1,0,320.6911884830387,0,0,1,0.0,1,0.6620695191183518,late_verify,1
0,1,0,28.39400315421059,0,0,0,0.0,0,0.4960724858081421,replay_attempt,1
0,1,0,36.84102368526345,0,0,0,0.0,0,0.925940137702286,benign_single_use,0
0,1,0,39.07216296471138,0,0,0,0.0,0,0.3037071159338514,benign_sms_normal,0
2,1,0,28.29812179352266,0,0,0,13.086699829141997,0,0.7684177139879597,benign_retry_then_success,0
0,1,1,96.59948682427567,0,1,0,0.0,1,0.8656457491477128,stale_after_reissue,1
7,0,0,24.823775924940342,0,0,0,3.72217731694726,1,0.9673109724632125,brute_force,1
0,0,1,52.710357586498425,0,0,0,0.0,0,0.492933633615293,stale_after_reissue,1
0,1,0,50.682023924492206,0,0,0,0.0,1,0.37403983670747243,benign_single_use,0
4,0,0,11.120937119182045,0,0,0,3.015081920119252,0,0.4505761818831306,brute_force,1
0,1,0,27.54983958110266,0,0,0,0.0,0,0.9727356354628782,benign_sms_normal,0
0,1,0,21.095371712583702,0,0,0,0.0,0,0.4153636543181972,replay_attempt,1
0,1,0,407.44103530467885,0,0,1,0.0,0,0.46861265795257323,late_verify,1
0,1,0,343.67618372886403,0,0,1,0.0,0,0.40227607845566205,late_verify,1
0,1,0,72.67629064517888,0,0,0,0.0,1,0.8236305363604617,benign_sms_normal,0
3,0,0,10.944840166923493,0,0,0,3.898836125938124,0,0.3104160350179332,brute_force,1
2,1,0,28.659047295955506,0,0,0,11.661765593328358,1,0.8526656776471788,benign_retry_then_success,0
0,1,0,41.48752515832132,0,0,0,0.0,1,0.9505077151325634,benign_single_use,0
0,2,0,41.28210612891992,0,0,0,0.0,1,0.6534354715075825,replay_attempt,1
2,0,0,21.053481573666808,0,0,0,14.298212860625263,1,0.48625636643740233,benign_retry_then_success,0
6,0,0,21.89097642089014,0,0,0,3.6619840085935436,1,0.5422488372415181,brute_force,1
2,0,0,20.81808725284872,0,0,0,9.732493255816394,0,0.337916754246099,benign_retry_then_success,0
0,1,0,8.192824346385612,0,0,0,0.0,1,0.9166817475152387,benign_single_use,0
0,1,0,14.910140449937636,0,0,0,0.0,0,0.45613554749775415,benign_single_use,0
2,0,0,23.005274304531035,0,0,0,9.2940337216377,0,0.5235135685647789,benign_retry_then_success,0
0,1,0,11.076742546500858,0,0,0,0.0,1,0.3678869896174002,replay_attempt,1
0,1,0,11.927821338950174,0,0,0,0.0,0,0.3704324566844651,benign_single_use,0
4,0,0,16.81990845695394,0,0,0,4.259880569131058,1,0.5087592142888688,brute_force,1
0,1,0,66.02778330478188,0,0,0,0.0,1,0.5122755438096025,benign_sms_normal,0
1,1,0,24.604231417689554,0,0,0,0.0,1,0.5916371236403752,benign_retry_then_success,0
0,1,0,72.66845401855171,0,0,0,0.0,1,0.9496757775299798,benign_sms_normal,0
1,1,0,10.946486004188962,0,0,0,0.0,1,0.7212236846410605,benign_retry_then_success,0
0,1,0,36.85414212499702,0,0,0,0.0,1,0.4140615297683829,benign_sms_normal,0
0,1,0,36.29289827588482,0,0,0,0.0,0,0.46087458305541423,benign_single_use,0
9,0,0,31.582162867269343,0,0,0,3.4333701816811537,1,0.96752089455671,brute_force,1
0,1,0,10.259176709508974,0,0,0,0.0,1,0.9622568977838684,benign_single_use,0
0,1,0,362.79970735041354,0,0,1,0.0,0,0.32446591705431926,late_verify,1
0,1,0,56.32532030275028,0,0,0,0.0,1,0.5577468162398206,benign_single_use,0
1,0,0,9.49135487914671,0,0,0,0.0,1,0.4506807917560609,benign_retry_then_success,0
1,1,0,23.398928880371532,0,0,0,0.0,1,0.7891527592798595,benign_retry_then_success,0
0,1,0,40.80968510275598,1,0,0,0.0,0,0.7765697806588103,cross_session,1
8,0,0,29.633887288762324,0,0,0,3.9128420560589015,1,0.8049031842641734,brute_force,1
0,1,0,24.98279744744906,0,0,0,0.0,1,0.47563369219856383,replay_attempt,1
0,2,0,67.67479369861178,0,0,0,0.0,1,0.5159600692583595,replay_attempt,1
1,0,0,9.984925277688285,0,0,0,0.0,1,0.3535684867914431,benign_retry_then_success,0
0,1,0,43.183308552284025,0,0,0,0.0,0,0.37583004085540345,benign_single_use,0
0,1,0,13.572895565106586,0,0,0,0.0,0,0.5007702401342731,benign_sms_normal,0
5,0,0,16.022866481639312,0,0,0,3.089517089002744,0,0.4947845054471782,brute_force,1
0,1,0,382.29194608834644,0,0,1,0.0,0,0.3189789152936618,late_verify,1
6,0,0,16.477704588787102,0,0,0,2.8564540998222103,1,0.72750206832873,brute_force,1
0,1,0,22.265739959474825,0,0,0,0.0,1,0.4460867570747051,benign_sms_normal,0
0,2,0,71.45259428045895,0,0,0,0.0,0,0.5112556691531684,replay_attempt,1
0,1,0,366.30892684568846,0,0,1,0.0,0,0.6151329937533825,late_verify,1
0,1,0,67.14347224668506,0,0,0,0.0,1,0.52749186988169,benign_sms_normal,0
0,1,0,316.9421694364429,0,0,1,0.0,1,0.9172083456067623,late_verify,1
0,1,0,410.67684197325445,0,0,1,0.0,1,0.8042832140247995,late_verify,1
0,1,0,26.277763399467794,0,0,0,0.0,0,0.3250753528425093,benign_single_use,0
1,0,0,3.0470854344105582,0,0,0,0.0,0,0.4007120975054972,benign_retry_then_success,0
0,1,0,71.69761496639384,0,0,0,0.0,1,0.7231369583698664,benign_sms_normal,0
0,1,1,98.24417113104292,0,1,0,0.0,1,0.5230576318162719,stale_after_reissue,1
0,2,0,49.01635473982834,0,0,0,0.0,0,0.8466265517612139,replay_attempt,1
0,1,0,416.1362128382468,0,0,1,0.0,1,0.7091831766039789,late_verify,1
0,1,0,40.30413603607244,1,0,0,0.0,1,0.42722104233907887,cross_session,1
0,1,0,88.12488110236787,0,0,0,0.0,0,0.47040239225852076,benign_sms_normal,0
0,2,0,54.571811188406514,0,0,0,0.0,0,0.7432398352304586,replay_attempt,1
1,0,0,4.981460511122918,0,0,0,0.0,0,0.3108116088063723,benign_retry_then_success,0
0,1,0,60.22279799133563,0,0,0,0.0,1,0.5866623641568862,benign_sms_normal,0
3,0,0,9.76638807378675,0,0,0,4.068926027377271,0,0.3601525414669682,brute_force,1
0,2,0,61.03904217647711,0,0,0,0.0,0,0.9190512572602934,replay_attempt,1
0,1,0,303.00469097022807,0,0,1,0.0,1,0.7336545884940077,late_verify,1
0,1,1,111.31776876011261,0,1,0,0.0,0,0.5121197523926583,stale_after_reissue,1
0,1,0,13.541546681229944,0,0,0,0.0,1,0.7219377115299108,benign_sms_normal,0
0,1,1,24.011337711782907,0,1,0,0.0,1,0.9837541740422253,stale_after_reissue,1
1,1,0,21.803970050857956,0,0,0,0.0,1,0.5113906286183922,benign_retry_then_success,0
0,1,0,31.58574469905214,0,0,0,0.0,0,0.7707320055527047,benign_single_use,0
0,1,1,57.81907692336333,0,1,0,0.0,1,0.8262566818297374,stale_after_reissue,1
0,1,0,32.40589866182299,0,0,0,0.0,0,0.7630351198287637,benign_sms_normal,0
0,1,0,59.59681487971649,0,0,0,0.0,1,0.5917163554099767,benign_single_use,0
1,1,0,24.376149481578153,0,0,0,0.0,0,0.8590545187110941,benign_retry_then_success,0
0,1,0,11.619062287091726,1,0,0,0.0,1,0.6457790105673118,cross_session,1
0,1,0,364.84514898938494,0,0,1,0.0,1,0.8305235457752607,late_verify,1
0,1,0,322.4023467589728,0,0,1,0.0,1,0.6725673144585725,late_verify,1
0,1,0,33.2795992715818,0,0,0,0.0,1,0.5488554484083252,benign_single_use,0
0,1,0,32.34568319439488,0,0,0,0.0,0,0.6771523913829649,benign_single_use,0
0,1,0,332.57610447374384,0,0,1,0.0,0,0.49346142532083365,late_verify,1
0,1,1,39.269566216451814,0,1,0,0.0,0,0.995450084701988,stale_after_reissue,1
0,1,0,361.77296772272706,0,0,1,0.0,0,0.5705311705328271,late_verify,1
0,1,0,52.018749127639026,1,0,0,0.0,0,0.6312075728080431,cross_session,1
0,1,0,57.72611803962638,0,0,0,0.0,1,0.3019819379676161,benign_single_use,0
0,1,0,355.49784186422005,0,0,1,0.0,1,0.8927474566240143,late_verify,1
0,1,0,59.42874166832489,0,0,0,0.0,0,0.7065850796828541,benign_single_use,0
1,0,0,10.041876937936621,0,0,0,0.0,1,0.45072190152074215,benign_retry_then_success,0
1,1,0,21.979104662333068,0,0,0,0.0,1,0.6361555036428328,benign_retry_then_success,0
0,1,0,80.52751845967859,0,0,0,0.0,0,0.9589280158065856,benign_sms_normal,0
0,0,1,26.471991542417605,0,0,0,0.0,0,0.33151699280129027,stale_after_reissue,1
0,1,0,82.69752048274037,0,0,0,0.0,0,0.8027186148191221,benign_sms_normal,0
1,1,0,26.694438022870603,0,0,0,0.0,1,0.8651050702597245,benign_retry_then_success,0
0,1,0,6.85936932946314,0,0,0,0.0,1,0.33827906954358183,benign_sms_normal,0
0,1,0,39.31720579096776,0,0,0,0.0,1,0.5276144883625038,benign_single_use,0
0,2,0,41.636229982366764,0,0,0,0.0,1,0.6366139837796705,replay_attempt,1
1,1,0,23.992501828646343,0,0,0,0.0,1,0.5232702477520753,benign_retry_then_success,0
2,1,0,26.00825170127675,0,0,0,10.38698407391234,0,0.9146488988467811,benign_retry_then_success,0
0,1,0,72.96627061099342,0,0,0,0.0,1,0.5362539419765062,benign_sms_normal,0
0,1,0,56.28655878113454,0,0,0,0.0,1,0.3193045724485575,benign_sms_normal,0
0,1,0,405.3948304719162,0,0,1,0.0,0,0.9638312152901816,late_verify,1
0,1,0,34.308002719376915,0,0,0,0.0,1,0.721444105483086,benign_single_use,0
1,1,0,21.096360403065106,0,0,0,0.0,0,0.518993441590282,benign_retry_then_success,0
0,1,0,56.84104405041603,0,0,0,0.0,0,0.5446026588976305,benign_single_use,0
0,2,0,67.35450603998311,0,0,0,0.0,0,0.9774516350617,replay_attempt,1
0,1,0,12.643564659721184,0,0,0,0.0,1,0.7914894155888501,benign_sms_normal,0
0,1,0,25.53108931410717,1,0,0,0.0,1,0.9170983021345198,cross_session,1
2,0,0,15.001102254016194,0,0,0,4.158005794965513,1,0.33481012737840243,benign_retry_then_success,0
0,1,0,17.771120696474938,1,0,0,0.0,0,0.9653974446572064,cross_session,1
0,2,0,80.26068622279847,0,0,0,0.0,0,0.7579075016132756,replay_attempt,1
0,1,0,59.55669206360945,0,0,0,0.0,1,0.847584693103425,benign_sms_normal,0
0,1,0,28.502070818547423,1,0,0,0.0,0,0.5017857474534384,cross_session,1
0,1,0,57.22520890231607,0,0,0,0.0,1,0.9520910814732422,benign_sms_normal,0
7,0,0,25.529964250738338,0,0,0,4.004356785815372,0,0.6435962872347784,brute_force,1
0,1,1,73.26802504472235,0,1,0,0.0,0,0.9640612599023786,stale_after_reissue,1
0,2,0,44.5744181971761,0,0,0,0.0,0,0.5630228378447304,replay_attempt,1
2,1,0,27.53026349405087,0,0,0,6.21186062376211,0,0.9663058342877457,benign_retry_then_success,0
0,1,0,49.879321731344334,1,0,0,0.0,0,0.45182828899989735,cross_session,1
0,0,1,5.101720134884351,0,0,0,0.0,0,0.3610598869225716,stale_after_reissue,1
0,1,0,39.14932957648126,1,0,0,0.0,1,0.903943234644023,cross_session,1
0,1,0,37.34654518577922,0,0,0,0.0,1,0.4164840229332991,benign_sms_normal,0
0,1,0,32.33333892893519,1,0,0,0.0,1,0.3545595835969712,cross_session,1
0,2,0,41.38197362039958,0,0,0,0.0,0,0.7039356159094665,replay_attempt,1
0,1,0,17.976630425107707,0,0,0,0.0,1,0.5832239718182293,benign_sms_normal,0
0,1,0,384.4783744769148,0,0,1,0.0,0,0.463530445871713,late_verify,1
0,1,0,5.639355764321056,0,0,0,0.0,0,0.4973347217473147,benign_single_use,0
0,1,0,36.33404483923564,0,0,0,0.0,0,0.4244771386124395,benign_single_use,0
0,1,0,327.82778727839775,0,0,1,0.0,1,0.5978515960379367,late_verify,1
0,1,0,60.34350141960395,0,0,0,0.0,0,0.4970384145254972,benign_sms_normal,0
3,0,0,13.828819368755891,0,0,0,4.994683723008471,0,0.4646819621488597,brute_force,1
0,1,0,38.880599059392836,1,0,0,0.0,0,0.5083312954643013,cross_session,1
0,1,0,43.714139764642844,0,0,0,0.0,0,0.6754779817877186,benign_sms_normal,0
0,0,1,30.7732719090041,0,0,0,0.0,1,0.353154202674833,stale_after_reissue,1
0,1,0,16.44529957430113,0,0,0,0.0,1,0.35947218153912763,replay_attempt,1
0,1,0,18.088017719154575,0,0,0,0.0,0,0.806500094671349,benign_sms_normal,0
1,1,0,14.02364596101183,0,0,0,0.0,1,0.9773890185876812,benign_retry_then_success,0
0,1,0,31.501597971574995,0,0,0,0.0,0,0.7046591478988665,benign_single_use,0
0,1,0,341.6125434601619,0,0,1,0.0,1,0.8241364612477551,late_verify,1
5,0,0,13.687888405094025,0,0,0,2.7149001683927843,1,0.5467765314017449,brute_force,1
1,0,0,5.729451777037605,0,0,0,0.0,1,0.3021543207108682,benign_retry_then_success,0
0,1,0,419.4910011330335,0,0,1,0.0,1,0.42671081107635966,late_verify,1
0,2,0,83.6322611387671,0,0,0,0.0,1,0.9741983923290596,replay_attempt,1
0,2,0,85.74205443251815,0,0,0,0.0,0,0.647938984829574,replay_attempt,1
0,1,1,59.089071532805846,0,1,0,0.0,1,0.5119058527591354,stale_after_reissue,1
0,1,0,17.828494486874206,0,0,0,0.0,1,0.5128313407318665,benign_single_use,0
0,1,0,310.0582189189375,0,0,1,0.0,1,0.9728607498465422,late_verify,1
6,0,0,22.999113598547986,0,0,0,4.129001981885855,1,0.8026784261449031,brute_force,1
2,1,0,34.13096478605306,0,0,0,8.083496699839909,1,0.9270074975717117,benign_retry_then_success,0
0,1,0,41.008337473981925,0,0,0,0.0,1,0.6551453525411208,benign_sms_normal,0
0,1,0,371.852153218528,0,0,1,0.0,0,0.5589415838513504,late_verify,1
0,1,0,14.063088825119854,1,0,0,0.0,0,0.8809815088654827,cross_session,1
0,1,0,6.576059596101402,1,0,0,0.0,0,0.3283241558801792,cross_session,1
7,0,0,17.307181007430213,0,0,0,2.4509875608680782,0,0.7904028228130968,brute_force,1
0,1,0,69.29563986168453,0,0,0,0.0,0,0.6748469810828022,benign_sms_normal,0
0,1,0,5.3196322342262885,1,0,0,0.0,0,0.752996236901456,cross_session,1
0,1,0,58.615404742581354,0,0,0,0.0,1,0.4219681346843758,benign_single_use,0
0,1,0,85.6981835913299,0,0,0,0.0,0,0.514204705439504,benign_sms_normal,0
1,1,0,22.515438062662454,0,0,0,0.0,1,0.7858138024866534,benign_retry_then_success,0
7,0,0,26.25453528412531,0,0,0,3.9040525812866833,0,0.888992972314607,brute_force,1
2,0,0,17.39661985649425,0,0,0,3.280351075285612,1,0.44288783569913637,benign_retry_then_success,0
0,1,0,73.18580584145887,0,0,0,0.0,1,0.507115863588316,benign_sms_normal,0
0,1,0,304.48080236739514,0,0,1,0.0,1,0.43162779456230294,late_verify,1
2,0,0,20.20967356580195,0,0,0,6.606103328415106,1,0.6183791813676225,benign_retry_then_success,0
0,1,0,23.587162846239988,0,0,0,0.0,1,0.43949491762875564,benign_single_use,0
0,1,0,385.55704161298394,0,0,1,0.0,0,0.9096409055756676,late_verify,1
0,1,0,56.90806323011888,1,0,0,0.0,0,0.6856251134144973,cross_session,1
2,0,0,26.573185311479882,0,0,0,11.630211445098617,0,0.363881611379007,benign_retry_then_success,0
0,1,0,18.62584321491679,0,0,0,0.0,0,0.37775995448312205,benign_single_use,0
0,1,0,25.775243548760944,1,0,0,0.0,1,0.6403366814188893,cross_session,1
1,1,0,19.693070522676692,0,0,0,0.0,0,0.9356859729701614,benign_retry_then_success,0
0,1,0,322.5370048323013,0,0,1,0.0,1,0.4720258023647599,late_verify,1
1,1,0,7.911822508414467,0,0,0,0.0,1,0.7243047442663741,benign_retry_then_success,0
0,1,0,56.34436379191836,0,0,0,0.0,1,0.35422228375554987,replay_attempt,1
1,1,0,25.895955627193683,0,0,0,0.0,0,0.7805815912483018,benign_retry_then_success,0
0,1,0,20.685037604265894,0,0,0,0.0,1,0.953477408640496,benign_single_use,0
0,1,0,30.791161388948616,0,0,0,0.0,0,0.319817945095925,replay_attempt,1
0,1,0,37.76705815311817,1,0,0,0.0,0,0.8586695654432857,cross_session,1
0,2,0,24.20984435185648,0,0,0,0.0,0,0.9923330168166156,replay_attempt,1
0,1,0,31.43927710545151,0,0,0,0.0,1,0.7028957487117118,benign_single_use,0
1,0,0,5.224688331521035,0,0,0,0.0,0,0.4730074848573049,benign_retry_then_success,0
6,0,0,24.69060727798127,0,0,0,4.009176663980578,1,0.8158465530940884,brute_force,1
4,0,0,14.182811702312558,0,0,0,4.391752973389823,1,0.46722653122788804,brute_force,1
2,1,0,29.31836816004464,0,0,0,8.20186827204883,1,0.9890831298923715,benign_retry_then_success,0
0,1,0,82.37491304683671,0,0,0,0.0,1,0.3965766594422229,benign_sms_normal,0
0,1,0,20.58248702205147,0,0,0,0.0,1,0.5979223442288548,benign_sms_normal,0
0,1,0,76.38196469728045,0,0,0,0.0,1,0.6463137646693617,benign_sms_normal,0
0,1,0,57.38702585077515,0,0,0,0.0,0,0.6844619576974581,benign_single_use,0
0,2,0,17.868848797240148,0,0,0,0.0,1,0.5358451057292067,replay_attempt,1
10,0,0,28.17277091192289,0,0,0,2.8031040466971597,1,0.8646613916558279,brute_force,1
0,1,0,53.85084587516009,0,0,0,0.0,0,0.9714125779733391,benign_single_use,0
0,1,0,20.37041931643272,0,0,0,0.0,1,0.7653333585622333,benign_single_use,0
0,2,0,83.95277870754929,0,0,0,0.0,0,0.9848389836375466,replay_attempt,1
0,1,0,60.92690610863633,0,0,0,0.0,0,0.49113232400660467,benign_sms_normal,0
1,0,0,14.237246867140863,0,0,0,0.0,0,0.3353226656783288,benign_retry_then_success,0
1,1,0,15.360551991077108,0,0,0,0.0,1,0.8086031854414295,benign_retry_then_success,0
0,1,0,356.106626958894,0,0,1,0.0,1,0.6586729304893468,late_verify,1
0,1,0,23.713579044822005,0,0,0,0.0,0,0.49953584033246945,benign_single_use,0
0,1,0,378.2246807854174,0,0,1,0.0,0,0.600480334504923,late_verify,1
4,0,0,12.910518707373459,0,0,0,2.3670669553851247,1,0.589554957312671,brute_force,1
0,2,0,53.399563262468156,0,0,0,0.0,1,0.9719309784579391,replay_attempt,1
0,1,0,43.76239773504382,1,0,0,0.0,1,0.8321035485405031,cross_session,1
0,2,0,49.42398777877739,0,0,0,0.0,1,0.7921155504785791,replay_attempt,1
0,1,0,350.16688791390084,0,0,1,0.0,1,0.5354729255802262,late_verify,1
0,1,0,16.03878428518217,0,0,0,0.0,0,0.3988162712050257,replay_attempt,1
0,0,1,37.090170080905665,0,0,0,0.0,0,0.4016835328064046,stale_after_reissue,1
0,1,0,38.38664076850374,0,0,0,0.0,0,0.952177969779646,benign_single_use,0
0,1,0,68.38539463965634,0,0,0,0.0,1,0.5311626411904011,benign_sms_normal,0
0,1,1,40.3765718557612,0,1,0,0.0,0,0.6744781110820254,stale_after_reissue,1
0,1,0,339.06810352267826,0,0,1,0.0,1,0.30647425217854507,late_verify,1
1,1,0,21.09082222797641,0,0,0,0.0,0,0.9991933426397361,benign_retry_then_success,0
1,1,0,15.230141992449171,0,0,0,0.0,0,0.9249425095124346,benign_retry_then_success,0
0,1,0,391.68135947926214,0,0,1,0.0,1,0.5388441082460527,late_verify,1
0,1,0,55.75319038895437,0,0,0,0.0,1,0.4401100863659206,benign_single_use,0
0,1,0,30.403309817072646,1,0,0,0.0,0,0.5225221800715052,cross_session,1
0,1,0,350.85541147284124,0,0,1,0.0,0,0.6504207779581663,late_verify,1
1,1,0,18.138899665291028,0,0,0,0.0,0,0.9238958039741016,benign_retry_then_success,0
0,1,0,398.20810857572445,0,0,1,0.0,0,0.4155999444132864,late_verify,1
5,0,0,18.116623422308308,0,0,0,3.842108609485526,0,0.5607543799398048,brute_force,1
0,1,0,31.96694411890011,0,0,0,0.0,1,0.8910338218459231,benign_single_use,0
0,1,0,88.44673670284517,0,0,0,0.0,0,0.3504145344756087,benign_sms_normal,0
0,1,0,27.919119872471676,0,0,0,0.0,0,0.707891057250829,benign_single_use,0
6,0,0,22.692870614131927,0,0,0,3.4423234002177545,0,0.6337130213145897,brute_force,1
0,1,0,41.485899335372764,0,0,0,0.0,0,0.964467137880817,benign_single_use,0
4,0,0,12.670420114875917,0,0,0,3.09125625035662,1,0.38874244549462666,brute_force,1
0,1,0,11.858464291958722,0,0,0,0.0,0,0.31494328141404054,replay_attempt,1
0,1,0,75.7206561209234,0,0,0,0.0,1,0.9331041599146126,benign_sms_normal,0
1,1,0,22.55120263075334,0,0,0,0.0,0,0.6390920356611567,benign_retry_then_success,0
9,0,0,27.791081530255987,0,0,0,2.7841217911394,0,0.8102580015859562,brute_force,1
2,1,0,28.274823406531187,0,0,0,11.591355434198434,0,0.925458400025919,benign_retry_then_success,0
0,1,0,23.584076893030325,0,0,0,0.0,1,0.4781736834080159,benign_single_use,0
0,1,0,10.044246093873268,0,0,0,0.0,1,0.5199700846173422,benign_sms_normal,0
0,1,0,64.0069823332144,0,0,0,0.0,1,0.9909386953187995,benign_sms_normal,0
0,1,0,25.801418508470963,1,0,0,0.0,1,0.8475793830013179,cross_session,1
1,1,0,21.548331939649977,0,0,0,0.0,0,0.8790832771387416,benign_retry_then_success,0
0,1,0,389.22319426790784,0,0,1,0.0,0,0.5552860267548225,late_verify,1
0,2,0,46.43093707228846,0,0,0,0.0,0,0.9791562226262553,replay_attempt,1
0,1,0,39.090129951863524,1,0,0,0.0,1,0.9887167005467148,cross_session,1
8,0,0,26.008280781731152,0,0,0,3.2436808146975484,0,0.9901069345411115,brute_force,1
0,1,0,14.46566308127916,0,0,0,0.0,0,0.3916148767790497,benign_single_use,0
0,1,0,29.52298042926347,1,0,0,0.0,1,0.8557464488429007,cross_session,1
0,1,0,35.18393091026776,1,0,0,0.0,1,0.38071733226965154,cross_session,1
0,1,0,19.130145973954534,0,0,0,0.0,0,0.524033105640709,benign_sms_normal,0
0,1,0,373.8124013813931,0,0,1,0.0,1,0.7093362493382585,late_verify,1
0,1,0,31.633618191045887,0,0,0,0.0,1,0.7647024229317863,benign_single_use,0
0,2,0,54.11329721551158,0,0,0,0.0,0,0.6374871148898941,replay_attempt,1
0,1,0,15.86722073877894,0,0,0,0.0,1,0.36277117374957624,benign_single_use,0
0,1,1,47.56514373871118,0,1,0,0.0,0,0.8660933246009588,stale_after_reissue,1
1,1,0,12.888939667185497,0,0,0,0.0,1,0.9170991408991915,benign_retry_then_success,0
0,1,0,14.208585161157949,0,0,0,0.0,0,0.9892676649337542,benign_sms_normal,0
6,0,0,22.632304573756524,0,0,0,3.4328401249071,1,0.7355419327549576,brute_force,1
0,1,0,76.61848989087262,0,0,0,0.0,0,0.3602943913645875,benign_sms_normal,0
0,1,0,364.27133108756595,0,0,1,0.0,0,0.4803136959322993,late_verify,1
0,1,1,30.51126229766838,0,1,0,0.0,0,0.6561854915658454,stale_after_reissue,1
0,1,0,42.319624453251855,1,0,0,0.0,1,0.41113627926987506,cross_session,1
2,1,0,25.96091828997507,0,0,0,10.654718409179239,1,0.7928081895201564,benign_retry_then_success,0
0,1,0,22.724923299218993,0,0,0,0.0,0,0.33621941637370356,benign_single_use,0
0,2,0,33.68607207798721,0,0,0,0.0,0,0.8456867624377844,replay_attempt,1
0,1,0,73.85114778281572,0,0,0,0.0,0,0.9868445283695784,benign_sms_normal,0
0,1,0,66.6222157926674,0,0,0,0.0,0,0.9993658551583458,benign_sms_normal,0
0,1,0,80.2099526262156,0,0,0,0.0,1,0.795552697431775,benign_sms_normal,0
0,1,0,17.33758801424984,1,0,0,0.0,0,0.6587810748932343,cross_session,1
1,1,0,18.278529838782994,0,0,0,0.0,1,0.7935101504514137,benign_retry_then_success,0
0,1,0,12.047585215474973,1,0,0,0.0,1,0.378759068270647,cross_session,1
0,1,0,14.249460135688656,0,0,0,0.0,1,0.9721488367838771,benign_sms_normal,0
0,1,0,52.04313481137517,1,0,0,0.0,0,0.5573111770952102,cross_session,1
0,1,0,11.524133649901081,0,0,0,0.0,0,0.7622954407532359,benign_single_use,0
0,1,0,39.68400669965711,1,0,0,0.0,0,0.9159386468157764,cross_session,1
0,1,0,47.860302634586176,1,0,0,0.0,1,0.7875774994333076,cross_session,1
2,0,0,14.043847649813612,0,0,0,3.080443439113493,0,0.48351165127599205,benign_retry_then_success,0
4,0,0,5.081146146654989,0,0,0,1.3220112129310961,0,0.5801909821010971,brute_force,1
0,1,0,17.475939131533586,0,0,0,0.0,1,0.5917525754227388,benign_sms_normal,0
0,1,0,344.091896695203,0,0,1,0.0,0,0.6469128464728753,late_verify,1
0,1,0,35.353428951352036,0,0,0,0.0,0,0.7935319362039658,benign_sms_normal,0
0,2,0,89.59686907648388,0,0,0,0.0,0,0.5063156581142266,replay_attempt,1
0,1,0,359.4008415696506,0,0,1,0.0,0,0.3614231181571309,late_verify,1
0,1,0,349.48991034966986,0,0,1,0.0,1,0.44564989285122647,late_verify,1
0,1,0,311.42112139294164,0,0,1,0.0,0,0.9885722403466948,late_verify,1
0,1,0,33.10307805138051,0,0,0,0.0,0,0.7671017832117166,benign_single_use,0
0,1,0,40.655885641151905,0,0,0,0.0,0,0.6456270281147611,benign_single_use,0
0,1,0,414.62060826539897,0,0,1,0.0,1,0.9376284860882746,late_verify,1
0,1,1,88.78102780963235,0,1,0,0.0,0,0.871594330617832,stale_after_reissue,1
0,1,0,80.32788446840486,0,0,0,0.0,0,0.5647104569424863,benign_sms_normal,0
0,1,0,24.574596514814186,0,0,0,0.0,0,0.7356852919458099,benign_single_use,0
0,0,1,48.76730267947851,0,0,0,0.0,0,0.4892164252100002,stale_after_reissue,1
2,0,0,17.453102919414214,0,0,0,12.550873776928418,1,0.404818366738457,benign_retry_then_success,0
0,2,0,24.1391258707244,0,0,0,0.0,1,0.8498544798364274,replay_attempt,1
0,1,0,25.803745723978214,0,0,0,0.0,1,0.3551796527150629,benign_single_use,0
0,1,1,52.10697092848819,0,1,0,0.0,1,0.5359331647039072,stale_after_reissue,1
0,1,0,40.39521990840356,0,0,0,0.0,0,0.4149689969060343,replay_attempt,1
7,0,0,20.086983470924235,0,0,0,2.726382871776005,1,0.7594763518291299,brute_force,1
0,1,0,49.48449385986595,1,0,0,0.0,0,0.60223109835843,cross_session,1
2,1,0,30.55411235272528,0,0,0,12.790919648388831,1,0.6721769209552222,benign_retry_then_success,0
0,1,0,32.25152070999903,0,0,0,0.0,1,0.573184158930155,benign_single_use,0
0,2,0,92.27959507846828,0,0,0,0.0,1,0.8719919787513091,replay_attempt,1
0,1,0,377.8834298152867,0,0,1,0.0,1,0.9208034637786533,late_verify,1
0,1,0,370.32505876020286,0,0,1,0.0,1,0.37198460611074224,late_verify,1
0,1,0,40.566793685570744,0,0,0,0.0,1,0.6889523983893497,benign_single_use,0
0,1,1,65.011602955115,0,1,0,0.0,1,0.7230868582215499,stale_after_reissue,1
0,1,0,18.900755079439296,1,0,0,0.0,0,0.668020191280785,cross_session,1
11,0,0,42.56534605402143,0,0,0,3.7093659347207506,1,0.9532601981232418,brute_force,1
0,1,0,46.81358465245454,0,0,0,0.0,1,0.9270419143249549,benign_sms_normal,0
0,1,0,28.903099181037103,0,0,0,0.0,1,0.6616859686157044,benign_single_use,0
0,0,1,52.284353418514414,0,0,0,0.0,0,0.4119752743534068,stale_after_reissue,1
0,1,0,367.75475479648304,0,0,1,0.0,1,0.5403466416164981,late_verify,1
0,1,0,18.360881503482865,0,0,0,0.0,1,0.7512041113305609,benign_single_use,0
4,0,0,16.075489986488357,0,0,0,4.0413474900321775,1,0.6436761895205896,brute_force,1
0,1,0,42.31708966609621,0,0,0,0.0,0,0.4472590498472894,benign_sms_normal,0
0,1,0,409.1365402975305,0,0,1,0.0,1,0.7373923475405111,late_verify,1
2,1,0,35.72825510851405,0,0,0,14.157178132567743,0,0.8921498672969925,benign_retry_then_success,0
0,1,1,95.24364798801244,0,1,0,0.0,1,0.9125903388297771,stale_after_reissue,1
0,1,0,41.38748820110071,0,0,0,0.0,1,0.5122917461971062,benign_single_use,0
0,1,0,382.7391921151823,0,0,1,0.0,1,0.9358912406145101,late_verify,1
0,1,1,46.98603386538393,0,1,0,0.0,0,0.8337914575859948,stale_after_reissue,1
0,1,0,333.6963987775309,0,0,1,0.0,1,0.782261462443424,late_verify,1
0,1,1,82.80004340537056,0,1,0,0.0,0,0.6552095175638251,stale_after_reissue,1
0,1,1,76.62146935970895,0,1,0,0.0,0,0.5134112230512777,stale_after_reissue,1
1,0,0,10.880553129512718,0,0,0,0.0,1,0.41503507886089885,benign_retry_then_success,0
0,1,0,13.810117636479069,1,0,0,0.0,0,0.5848171371190005,cross_session,1
0,1,0,34.78898642329032,0,0,0,0.0,1,0.33729339452101437,benign_single_use,0
1,0,0,7.721613618918756,0,0,0,0.0,1,0.3167343672726478,benign_retry_then_success,0
0,1,0,53.83922618818142,0,0,0,0.0,0,0.3754309373332374,replay_attempt,1
0,1,0,31.139452193920935,1,0,0,0.0,1,0.5746369551876054,cross_session,1
1,1,0,25.065591881825746,0,0,0,0.0,0,0.7730039259169362,benign_retry_then_success,0
2,0,0,14.945722195361759,0,0,0,3.6835252285207982,0,0.3417871039270598,benign_retry_then_success,0
0,1,0,16.85888089027749,1,0,0,0.0,0,0.32673242921600937,cross_session,1
0,1,0,335.0170166630783,0,0,1,0.0,1,0.6730749570374387,late_verify,1
0,1,0,54.263576513783725,1,0,0,0.0,1,0.36059536195694936,cross_session,1
0,1,0,13.585228031619197,1,0,0,0.0,1,0.5305868510255177,cross_session,1
1,1,0,16.124649853510203,0,0,0,0.0,1,0.8555392774912929,benign_retry_then_success,0
0,1,0,28.90533328616523,0,0,0,0.0,0,0.3074900056136676,replay_attempt,1
0,0,1,52.331152595806635,0,0,0,0.0,1,0.4392589575916484,stale_after_reissue,1
2,0,0,20.092640853217908,0,0,0,11.672554871972572,1,0.5610712170100609,benign_retry_then_success,0
2,0,0,20.23397081392092,0,0,0,8.181098143384803,0,0.39738892735862164,benign_retry_then_success,0
0,1,1,56.07243146245753,0,1,0,0.0,0,0.8725411138501291,stale_after_reissue,1
2,0,0,29.483020248541315,0,0,0,14.551172871851888,1,0.4015705246838497,benign_retry_then_success,0
8,0,0,29.955841058852293,0,0,0,4.063443831296196,0,0.7130022125439024,brute_force,1
8,0,0,33.95149001791072,0,0,0,4.0361169498952245,0,0.9866568683344561,brute_force,1
8,0,0,26.167585331032008,0,0,0,3.493739510953465,1,0.9200317145123851,brute_force,1
0,1,0,388.24585936099004,0,0,1,0.0,1,0.5698095443788904,late_verify,1
0,1,0,34.584611251525516,1,0,0,0.0,1,0.8325577640837067,cross_session,1
1,0,0,4.0438930962330595,0,0,0,0.0,1,0.40463648230059535,benign_retry_then_success,0
0,2,0,82.61482606326014,0,0,0,0.0,0,0.9648480342176327,replay_attempt,1
0,2,0,17.710962444907818,0,0,0,0.0,0,0.7073783559258862,replay_attempt,1
1,1,0,18.3858085104726,0,0,0,0.0,0,0.8060682504573489,benign_retry_then_success,0
1,0,0,10.988150377849557,0,0,0,0.0,0,0.3138761575659887,benign_retry_then_success,0
0,1,0,46.54075235525447,0,0,0,0.0,1,0.44077303412434776,benign_single_use,0
2,0,0,9.811748632022848,0,0,0,5.299885048074698,0,0.6556076020146284,benign_retry_then_success,0
0,1,0,30.881531639341002,0,0,0,0.0,1,0.7468884582908856,benign_single_use,0
6,0,0,22.898184100954182,0,0,0,4.214692596626792,0,0.765715513809838,brute_force,1
1,1,0,6.974501763893626,0,0,0,0.0,0,0.8591854869336035,benign_retry_then_success,0
0,1,0,302.66408821575027,0,0,1,0.0,0,0.9387195427456572,late_verify,1
0,1,0,51.14043337961776,0,0,0,0.0,0,0.8221349555977999,benign_single_use,0
9,0,0,33.431143512684564,0,0,0,3.7152692721509206,0,0.7885538523961486,brute_force,1
7,0,0,22.182634697841475,0,0,0,2.810157541764854,1,0.5823350279515247,brute_force,1
0,1,0,88.52811222298021,0,0,0,0.0,0,0.3994808337072644,benign_sms_normal,0
0,1,0,79.86242577685597,0,0,0,0.0,1,0.5046999813788383,benign_sms_normal,0
0,1,0,22.920097143047386,1,0,0,0.0,0,0.31164175762606877,cross_session,1
0,1,0,18.69217155811629,0,0,0,0.0,1,0.31394196843244737,benign_single_use,0
9,0,0,33.82393796897111,0,0,0,3.760625196569899,0,0.9243330736720119,brute_force,1
2,0,0,15.623496556579852,0,0,0,9.185211100183942,0,0.36486738809294206,benign_retry_then_success,0
1,1,0,17.588900101684978,0,0,0,0.0,1,0.8205780063699826,benign_retry_then_success,0
0,1,0,363.0505375074475,0,0,1,0.0,0,0.9020914614327662,late_verify,1
0,2,0,75.47008313972776,0,0,0,0.0,0,0.9917167941900615,replay_attempt,1
0,1,0,47.807867094770415,0,0,0,0.0,0,0.9115660332876374,benign_sms_normal,0
0,1,1,69.66736772286342,0,1,0,0.0,1,0.8129408804339737,stale_after_reissue,1
1,0,0,6.398046433601801,0,0,0,0.0,0,0.3300430142620975,benign_retry_then_success,0
0,1,0,393.8853655691486,0,0,1,0.0,1,0.5434712225976446,late_verify,1
0,1,0,59.301203155315115,1,0,0,0.0,0,0.5031167769258234,cross_session,1
0,1,1,66.0089619639748,0,1,0,0.0,1,0.5672140504544279,stale_after_reissue,1
0,0,1,14.016039709412775,0,0,0,0.0,0,0.3723147781501985,stale_after_reissue,1
0,1,0,55.65079242820055,0,0,0,0.0,0,0.4326384050891869,replay_attempt,1
4,0,0,11.587606993079127,0,0,0,2.0717988849091395,1,0.5602094776068446,brute_force,1
0,1,0,53.049319306039315,0,0,0,0.0,1,0.35677639033318864,benign_single_use,0
1,1,0,24.05521958267171,0,0,0,0.0,1,0.6841536647923877,benign_retry_then_success,0
0,1,0,58.33002967879524,0,0,0,0.0,1,0.7085455227661777,benign_single_use,0
0,1,0,351.8606552152406,0,0,1,0.0,0,0.34012075009228776,late_verify,1
0,1,0,384.33126991091723,0,0,1,0.0,1,0.38169161468210766,late_verify,1
0,1,0,13.23415876769969,1,0,0,0.0,0,0.7836545241029157,cross_session,1
8,0,0,27.797912319606134,0,0,0,3.643857581529857,1,0.8870494074973303,brute_force,1
0,1,0,51.849833364710655,0,0,0,0.0,0,0.6840715128278093,benign_sms_normal,0
0,1,0,10.880773314277816,1,0,0,0.0,1,0.3954780634744456,cross_session,1
0,1,0,33.28645735540093,1,0,0,0.0,1,0.4851269899864327,cross_session,1
0,1,0,52.727027640153025,1,0,0,0.0,1,0.6986632111977833,cross_session,1
2,1,0,31.351594884853846,0,0,0,13.642093939836755,0,0.757870096795792,benign_retry_then_success,0
1,0,0,13.370491106956996,0,0,0,0.0,0,0.35788434112576395,benign_retry_then_success,0
0,1,0,45.06714540637735,0,0,0,0.0,1,0.8429972542866893,benign_single_use,0
0,1,0,413.682009515596,0,0,1,0.0,1,0.44025172278641667,late_verify,1
7,0,0,21.63827224361983,0,0,0,2.754352671601216,1,0.6819676612074244,brute_force,1
1,1,0,18.820390761101436,0,0,0,0.0,1,0.8913372032296425,benign_retry_then_success,0
0,1,0,362.5118109978614,0,0,1,0.0,1,0.34887046868011784,late_verify,1
0,1,0,337.86321617233676,0,0,1,0.0,0,0.3069566000127917,late_verify,1
0,1,0,38.31295976686658,1,0,0,0.0,0,0.3786146104323693,cross_session,1
2,0,0,10.801966562294588,0,0,0,3.98382647345957,1,0.5505362527744335,benign_retry_then_success,0
0,1,0,78.77045008817572,0,0,0,0.0,1,0.9960989788417871,benign_sms_normal,0
0,1,0,383.6837509121784,0,0,1,0.0,0,0.6265616900440556,late_verify,1
1,1,0,18.22552996076614,0,0,0,0.0,0,0.7345620420372116,benign_retry_then_success,0
0,1,0,36.803270801951136,1,0,0,0.0,0,0.8175774414754198,cross_session,1
0,1,0,5.310307243814508,0,0,0,0.0,1,0.49762085873166184,benign_sms_normal,0
0,1,0,5.884871466026883,0,0,0,0.0,0,0.6292073629321249,benign_sms_normal,0
5,0,0,17.012096226916633,0,0,0,3.846799006647911,0,0.4217720214765746,brute_force,1
0,2,0,57.941981795383214,0,0,0,0.0,1,0.670291664239502,replay_attempt,1
0,1,0,419.3165379686962,0,0,1,0.0,1,0.4427172849098402,late_verify,1
0,1,0,85.26419032890358,0,0,0,0.0,0,0.6003893906049002,benign_sms_normal,0
1,1,0,9.484801442055826,0,0,0,0.0,0,0.5753102397961873,benign_retry_then_success,0
1,1,0,27.484392835610063,0,0,0,0.0,1,0.5220084452710005,benign_retry_then_success,0
0,1,0,83.84895940545371,0,0,0,0.0,0,0.7944316176714579,benign_sms_normal,0
0,2,0,52.26628799336744,0,0,0,0.0,0,0.6549318219541103,replay_attempt,1
0,1,0,23.063545868480748,0,0,0,0.0,0,0.5693318740440676,benign_sms_normal,0
0,1,0,303.330348611777,0,0,1,0.0,1,0.8002087041649206,late_verify,1
0,2,0,42.746105607963585,0,0,0,0.0,1,0.8906354494226894,replay_attempt,1
0,1,0,10.06566399453859,0,0,0,0.0,1,0.3890290263318074,benign_sms_normal,0
1,0,0,5.636143574150537,0,0,0,0.0,0,0.31881717862411496,benign_retry_then_success,0
0,1,0,58.559437086840454,0,0,0,0.0,0,0.7377452790114348,benign_sms_normal,0
0,1,0,368.629810847089,0,0,1,0.0,0,0.5626220757566436,late_verify,1
0,1,0,5.065475688429045,1,0,0,0.0,0,0.4934889540795109,cross_session,1
0,0,1,30.0272335779038,0,0,0,0.0,1,0.30092267822497043,stale_after_reissue,1
0,1,0,34.4000060812494,0,0,0,0.0,1,0.3917503295603439,benign_single_use,0
0,2,0,84.16578324030104,0,0,0,0.0,1,0.669346722996478,replay_attempt,1
2,0,0,17.84439432537953,0,0,0,3.492402189031907,1,0.381034844804175,benign_retry_then_success,0
0,1,0,408.41355869194456,0,0,1,0.0,0,0.3143887554321916,late_verify,1
0,1,0,28.423976488322705,0,0,0,0.0,1,0.6293944674587426,benign_sms_normal,0
2,1,0,28.777680405249882,0,0,0,8.05464996151861,1,0.9480648435133989,benign_retry_then_success,0
0,1,0,46.45637689653038,0,0,0,0.0,1,0.9301510587969317,benign_sms_normal,0
0,1,0,56.16571819235452,1,0,0,0.0,0,0.8620455836951271,cross_session,1
0,1,1,87.52573415045325,0,1,0,0.0,0,0.7214622157073829,stale_after_reissue,1
0,1,0,51.35925906061669,0,0,0,0.0,1,0.543529906970954,benign_sms_normal,0
6,0,0,22.19680172101389,0,0,0,3.660096109632478,1,0.8927813451852022,brute_force,1
0,1,0,25.843184763980716,0,0,0,0.0,0,0.5016702910934965,benign_sms_normal,0
0,1,0,18.546719965652315,0,0,0,0.0,1,0.5277489729717778,benign_single_use,0
0,1,0,45.48407273443395,0,0,0,0.0,1,0.3040558138621885,replay_attempt,1
0,1,0,379.29890159228705,0,0,1,0.0,0,0.6067900737559989,late_verify,1
0,1,0,7.58898937439597,0,0,0,0.0,0,0.6806957785326416,benign_single_use,0
0,0,1,39.97787257858596,0,0,0,0.0,1,0.31652065886226854,stale_after_reissue,1
0,1,0,45.96904178684559,0,0,0,0.0,0,0.3144482474370698,benign_sms_normal,0
0,1,0,22.376141841460665,1,0,0,0.0,1,0.4277399037835877,cross_session,1
0,1,1,41.472227542037245,0,1,0,0.0,1,0.8854973827172326,stale_after_reissue,1
1,0,0,4.7500026853736195,0,0,0,0.0,0,0.3383755440556523,benign_retry_then_success,0
0,1,0,57.825143437502,0,0,0,0.0,0,0.7916186996072581,benign_sms_normal,0
0,2,0,37.035666247869216,0,0,0,0.0,1,0.6976662697544085,replay_attempt,1
0,1,0,23.045183237176317,0,0,0,0.0,0,0.31182359740477755,benign_single_use,0
0,2,0,56.911879346048124,0,0,0,0.0,1,0.8147437366836416,replay_attempt,1
2,1,0,22.86976989900745,0,0,0,12.703768123862666,1,0.9693497845152093,benign_retry_then_success,0
8,0,0,27.65149097752668,0,0,0,3.4178383596379764,0,0.7587523249160314,brute_force,1
0,1,0,374.6613535895657,0,0,1,0.0,1,0.6919962335337853,late_verify,1
0,1,0,309.43390688865446,0,0,1,0.0,1,0.41178886542794735,late_verify,1
0,1,0,55.99456408295932,0,0,0,0.0,1,0.31801838399982757,benign_single_use,0
1,1,0,21.736767158618576,0,0,0,0.0,0,0.8148171925187149,benign_retry_then_success,0
0,1,0,309.64067173169394,0,0,1,0.0,0,0.6567044837425665,late_verify,1
4,0,0,11.944452269530927,0,0,0,2.3433520531445238,0,0.5389012592221909,brute_force,1
0,2,0,51.82134648024145,0,0,0,0.0,1,0.8500665802142462,replay_attempt,1
0,1,1,52.853776534388025,0,1,0,0.0,1,0.543116808831939,stale_after_reissue,1
0,0,1,19.70798165509076,0,0,0,0.0,1,0.3057387821494949,stale_after_reissue,1
2,0,0,17.54721222594568,0,0,0,8.991133187879589,1,0.6039467191837876,benign_retry_then_success,0
0,2,0,92.1640287697006,0,0,0,0.0,1,0.5947614478612896,replay_attempt,1
0,1,0,42.21454103950926,0,0,0,0.0,0,0.8287147240718438,benign_single_use,0
0,1,0,13.04388841566711,0,0,0,0.0,1,0.8324843147318228,benign_single_use,0
0,1,0,15.397959787510691,0,0,0,0.0,1,0.6758123503080401,benign_single_use,0
0,1,0,20.17442560113767,0,0,0,0.0,1,0.5130308459227825,benign_sms_normal,0
0,1,0,375.3723057368519,0,0,1,0.0,0,0.395493195146291,late_verify,1
0,1,1,46.115353050734456,0,1,0,0.0,0,0.5719029236057578,stale_after_reissue,1
9,0,0,28.44498368813954,0,0,0,3.18049840151017,0,0.7292088200420594,brute_force,1
2,0,0,13.595856631557604,0,0,0,4.604606681718648,0,0.6290608267658029,benign_retry_then_success,0
0,1,0,37.357283903410554,0,0,0,0.0,0,0.8567294856100103,benign_single_use,0
9,0,0,28.830708771173324,0,0,0,2.949015172564909,0,0.9984361658718388,brute_force,1
0,2,0,43.71770920026278,0,0,0,0.0,1,0.8010469905090629,replay_attempt,1
0,1,0,11.071393030960175,0,0,0,0.0,0,0.6899272238850029,benign_single_use,0
0,1,0,7.794308811908843,0,0,0,0.0,0,0.39925943160661537,replay_attempt,1
0,1,0,51.297555867104165,0,0,0,0.0,0,0.4659612242268797,benign_sms_normal,0
0,1,0,8.847540529468539,0,0,0,0.0,0,0.6556885833762414,benign_single_use,0
0,1,0,11.971732425163072,0,0,0,0.0,1,0.7904333199118488,benign_single_use,0
3,0,0,9.966173345892,0,0,0,3.1431558979341965,0,0.47118119345702136,brute_force,1
0,2,0,18.210856043032,0,0,0,0.0,0,0.8704416896608838,replay_attempt,1
1,1,0,19.469502905538775,0,0,0,0.0,1,0.9247016818930134,benign_retry_then_success,0
0,1,1,82.82611663124169,0,1,0,0.0,1,0.8780360469138939,stale_after_reissue,1
0,0,1,59.97574403675948,0,0,0,0.0,0,0.4371223277060059,stale_after_reissue,1
5,0,0,24.801505412096297,0,0,0,4.8611853263136675,0,0.532756762591167,brute_force,1
0,1,1,53.998467561180355,0,1,0,0.0,0,0.8045906839961607,stale_after_reissue,1
0,1,1,60.73094673964587,0,1,0,0.0,0,0.7143155792913822,stale_after_reissue,1
3,0,0,6.056841398902961,0,0,0,2.384772408785458,0,0.45621063340131784,brute_force,1
0,1,0,30.445923779197308,0,0,0,0.0,0,0.65959892100279,benign_single_use,0
2,1,0,22.696923675520157,0,0,0,7.727282575649642,0,0.7969598295781275,benign_retry_then_success,0
0,1,0,37.238935073839265,1,0,0,0.0,0,0.7437609949697264,cross_session,1
0,1,1,82.52312653569182,0,1,0,0.0,1,0.5988779173931689,stale_after_reissue,1
0,1,0,43.17764083655193,0,0,0,0.0,1,0.48350578016171164,benign_sms_normal,0
7,0,0,23.24902828206322,0,0,0,3.4752829823241034,0,0.856498291758663,brute_force,1
0,2,0,62.67631863113135,0,0,0,0.0,1,0.976044871314846,replay_attempt,1
0,1,0,50.17999234453647,0,0,0,0.0,1,0.5825109509913695,benign_single_use,0
1,1,0,24.75594013110706,0,0,0,0.0,1,0.9673566397363587,benign_retry_then_success,0
0,1,0,88.00802608467035,0,0,0,0.0,0,0.6575987750817289,benign_sms_normal,0
2,0,0,18.63061976026919,0,0,0,9.753362291627093,0,0.5536541406930358,benign_retry_then_success,0
0,1,0,384.34916127610575,0,0,1,0.0,0,0.5126429511797419,late_verify,1
0,1,0,43.1418655393936,0,0,0,0.0,0,0.4504616139045293,benign_single_use,0
0,1,0,43.938534667373986,0,0,0,0.0,1,0.5809928350896051,benign_sms_normal,0
0,1,0,47.80202760867996,1,0,0,0.0,0,0.4139067975823666,cross_session,1
0,1,0,15.404831306945482,0,0,0,0.0,0,0.7781041174648952,benign_sms_normal,0
0,2,0,43.586859808460304,0,0,0,0.0,0,0.8064646296114397,replay_attempt,1
0,1,1,68.79095355219144,0,1,0,0.0,1,0.9452537749338303,stale_after_reissue,1
5,0,0,17.027637494238288,0,0,0,3.503562313755372,1,0.47015084810293417,brute_force,1
0,1,1,71.06001172249034,0,1,0,0.0,0,0.9531406559235758,stale_after_reissue,1
4,0,0,11.90294826060877,0,0,0,3.084740191459007,1,0.5966112448590014,brute_force,1
0,1,0,396.3579183604767,0,0,1,0.0,1,0.48876944125204125,late_verify,1
0,1,0,21.513610835297676,0,0,0,0.0,1,0.3471816450432929,benign_single_use,0
0,1,0,54.097057262144595,0,0,0,0.0,1,0.48631348024670024,benign_single_use,0
0,1,0,32.079019644867586,0,0,0,0.0,1,0.4547454765973544,benign_single_use,0
1,1,0,17.44383027782315,0,0,0,0.0,1,0.9114694260467893,benign_retry_then_success,0
0,1,0,12.693769613352725,0,0,0,0.0,1,0.7796858821445161,benign_single_use,0
1,1,0,10.883158254973711,0,0,0,0.0,1,0.8331613442365933,benign_retry_then_success,0
0,1,0,50.50894178844276,1,0,0,0.0,1,0.5982970004515257,cross_session,1
0,1,0,419.9436600249891,0,0,1,0.0,0,0.42155288240837624,late_verify,1
0,1,0,23.057244361831724,0,0,0,0.0,1,0.8477555892159174,benign_sms_normal,0
0,2,0,49.459407558656494,0,0,0,0.0,1,0.8836537910915154,replay_attempt,1
0,2,0,50.14077633779668,0,0,0,0.0,1,0.6123099099418247,replay_attempt,1
0,1,0,15.80658040105578,1,0,0,0.0,1,0.5840263487056021,cross_session,1
3,0,0,10.84237378939881,0,0,0,2.681076951387375,1,0.40410386811542925,brute_force,1
0,1,0,12.632479276180508,1,0,0,0.0,1,0.7404382421512883,cross_session,1
0,2,0,50.85422868250761,0,0,0,0.0,1,0.804177947457196,replay_attempt,1
0,1,0,27.33114296985528,0,0,0,0.0,0,0.849836861820789,benign_single_use,0
2,0,0,21.40916954589016,0,0,0,14.041052182630262,1,0.3638150840619582,benign_retry_then_success,0
7,0,0,24.512127209474773,0,0,0,3.3866315953583777,1,0.7977907478152517,brute_force,1
0,1,0,5.753258600630884,0,0,0,0.0,1,0.6777997342970365,benign_sms_normal,0
0,1,0,372.2483552297008,0,0,1,0.0,1,0.503228249457171,late_verify,1
0,1,0,47.41896640920801,0,0,0,0.0,0,0.9388093354421803,benign_single_use,0
0,1,0,341.3743397677702,0,0,1,0.0,1,0.7227138520540488,late_verify,1
0,1,0,8.930771174030063,0,0,0,0.0,1,0.9490009722615385,benign_single_use,0
1,0,0,8.196868377532887,0,0,0,0.0,0,0.301953623331512,benign_retry_then_success,0
0,1,0,45.744245139920594,0,0,0,0.0,0,0.8623130703437103,benign_sms_normal,0
0,1,0,345.77948999654944,0,0,1,0.0,1,0.3986338694581719,late_verify,1
5,0,0,17.16290086215268,0,0,0,3.772815722966584,0,0.429262779975062,brute_force,1
0,1,0,301.6752188947934,0,0,1,0.0,1,0.7400270748361639,late_verify,1
0,1,0,411.18952117392894,0,0,1,0.0,0,0.8276845739589473,late_verify,1
0,1,1,78.54301652959943,0,1,0,0.0,1,0.627886167646748,stale_after_reissue,1
2,0,0,17.852328323755653,0,0,0,10.123650854711453,1,0.4679613942612171,benign_retry_then_success,0
0,1,0,47.180860086358535,0,0,0,0.0,1,0.9735031407610124,benign_sms_normal,0
0,2,0,63.14827092280265,0,0,0,0.0,0,0.7430419021162216,replay_attempt,1
0,1,0,349.4331980726458,0,0,1,0.0,0,0.3583125934146703,late_verify,1
0,1,0,17.537743176315832,0,0,0,0.0,1,0.6459869445437516,benign_single_use,0
0,1,0,26.498149763627186,0,0,0,0.0,0,0.8373633118646993,benign_single_use,0
0,1,0,12.121362335171575,0,0,0,0.0,1,0.4487140776102131,replay_attempt,1
0,1,0,34.01347803106722,0,0,0,0.0,0,0.6751475498629982,benign_sms_normal,0
0,1,1,111.40639271333039,0,1,0,0.0,0,0.8270580166088579,stale_after_reissue,1
0,1,1,74.78213259641808,0,1,0,0.0,0,0.7693301691228351,stale_after_reissue,1
0,1,0,70.72228800238793,0,0,0,0.0,1,0.7262021089649952,benign_sms_normal,0
2,1,0,29.72466355199783,0,0,0,13.815227998614636,0,0.8295815166311795,benign_retry_then_success,0
0,2,0,25.980887005413813,0,0,0,0.0,0,0.8664819744533425,replay_attempt,1
0,1,1,72.35738651377446,0,1,0,0.0,1,0.9442119346430609,stale_after_reissue,1
0,1,0,58.71198839431114,0,0,0,0.0,0,0.37298228346196155,replay_attempt,1
0,1,0,366.30795834771226,0,0,1,0.0,1,0.9440251324905802,late_verify,1
0,1,0,32.76715244079091,0,0,0,0.0,1,0.31892101650903387,benign_sms_normal,0
0,1,0,42.720117758047756,0,0,0,0.0,0,0.3016426179808357,replay_attempt,1
0,1,0,20.599930737622344,1,0,0,0.0,1,0.39919199783753084,cross_session,1
0,1,0,40.08334482535058,1,0,0,0.0,0,0.7164018719198413,cross_session,1
0,1,0,16.621082558521984,0,0,0,0.0,0,0.8594085620831291,benign_sms_normal,0
2,0,0,25.53474102000951,0,0,0,12.150545649130347,1,0.5970607336066505,benign_retry_then_success,0
0,1,0,11.50959135007108,0,0,0,0.0,0,0.8342388943206294,benign_single_use,0
0,1,0,10.063525585157404,0,0,0,0.0,0,0.34669422825185275,benign_sms_normal,0
0,1,0,83.08306976827247,0,0,0,0.0,1,0.5797084595941415,benign_sms_normal,0
2,1,0,32.05792819516441,0,0,0,12.988651339706824,1,0.7742801689918029,benign_retry_then_success,0
0,1,0,55.14380694464387,0,0,0,0.0,0,0.42313786461236164,benign_sms_normal,0
0,1,0,380.23246238734373,0,0,1,0.0,1,0.4907423430640472,late_verify,1
0,1,0,55.12438869520711,0,0,0,0.0,0,0.3003879153830327,replay_attempt,1
0,1,0,39.55572262545406,0,0,0,0.0,1,0.9085543472458082,benign_single_use,0
5,0,0,18.917358155297293,0,0,0,3.320822589691476,1,0.6745063656604071,brute_force,1
1,0,0,14.147904565349188,0,0,0,0.0,1,0.3135445341121912,benign_retry_then_success,0
0,1,1,36.7933012408818,0,1,0,0.0,0,0.9057605229984838,stale_after_reissue,1
0,1,0,68.30433276404744,0,0,0,0.0,1,0.30518658135482035,benign_sms_normal,0
0,1,0,45.24007649881334,0,0,0,0.0,1,0.42426471905297525,replay_attempt,1
0,1,0,83.72538151041631,0,0,0,0.0,1,0.48413404105731594,benign_sms_normal,0
0,1,0,343.9151098998977,0,0,1,0.0,1,0.5713435708841565,late_verify,1
6,0,0,24.1440084993218,0,0,0,4.189516978128199,0,0.972392050021943,brute_force,1
0,1,0,415.13357026978036,0,0,1,0.0,1,0.4130751067177408,late_verify,1
0,1,0,28.09309153946413,0,0,0,0.0,0,0.5598103928717977,benign_single_use,0
0,2,0,54.742632100470004,0,0,0,0.0,1,0.5785024112869088,replay_attempt,1
1,1,0,15.205010532872185,0,0,0,0.0,1,0.8472790065949496,benign_retry_then_success,0
1,1,0,15.69324020892876,0,0,0,0.0,0,0.5665252270919721,benign_retry_then_success,0
0,1,0,11.180020820384257,1,0,0,0.0,1,0.6134759737217099,cross_session,1
0,1,0,400.2073777025106,0,0,1,0.0,1,0.8071858934982734,late_verify,1
0,1,0,34.681118966515285,0,0,0,0.0,0,0.46220671776009536,benign_sms_normal,0
0,1,0,20.26731891904816,1,0,0,0.0,0,0.3957940821926905,cross_session,1
2,0,0,18.122405442925057,0,0,0,6.817997152367306,1,0.4517400988612594,benign_retry_then_success,0
4,0,0,14.387313051197138,0,0,0,3.960276285535043,1,0.42266921400094026,brute_force,1
0,1,0,31.460975328474287,0,0,0,0.0,0,0.5228854428291585,benign_single_use,0
6,0,0,24.823340550936237,0,0,0,3.8072190185457897,1,0.5385356706466005,brute_force,1
0,1,0,30.722776562861974,0,0,0,0.0,0,0.8195448537479171,benign_sms_normal,0
0,1,0,39.048712692449804,0,0,0,0.0,0,0.8500093625668343,benign_sms_normal,0
0,0,1,59.38122344832615,0,0,0,0.0,1,0.4985021714914435,stale_after_reissue,1
0,1,1,93.51498183174029,0,1,0,0.0,1,0.8552709081001266,stale_after_reissue,1
0,1,1,102.23967048901402,0,1,0,0.0,1,0.9398778973499315,stale_after_reissue,1
1,1,0,11.823839496234424,0,0,0,0.0,0,0.8844856709302851,benign_retry_then_success,0
0,1,0,30.636988154577217,0,0,0,0.0,0,0.654621011102082,benign_sms_normal,0
0,1,0,40.00728658224424,0,0,0,0.0,1,0.39786406956167436,benign_single_use,0
0,1,0,34.60443372079446,1,0,0,0.0,0,0.8814438140620953,cross_session,1
0,2,0,21.052958612782824,0,0,0,0.0,1,0.5745098374475951,replay_attempt,1
0,1,0,7.2396675738377585,0,0,0,0.0,0,0.3462092891139705,benign_single_use,0
0,1,0,13.719451649510395,0,0,0,0.0,1,0.8768525783963246,benign_sms_normal,0
0,1,0,10.541086546974393,1,0,0,0.0,1,0.3092843670384491,cross_session,1
0,1,0,76.00533703498857,0,0,0,0.0,0,0.9439688251766432,benign_sms_normal,0
0,1,0,13.734034107168341,0,0,0,0.0,0,0.8364028660799872,benign_single_use,0
2,0,0,27.16670083979789,0,0,0,13.499388465102419,0,0.41480964633703526,benign_retry_then_success,0
2,1,0,28.126924296495744,0,0,0,12.359172650167531,0,0.9285690830349131,benign_retry_then_success,0
0,1,0,48.72532199722216,0,0,0,0.0,0,0.3361463259793736,benign_single_use,0
0,1,0,44.516660228960724,1,0,0,0.0,1,0.3556156791618296,cross_session,1
0,1,0,47.99617743513436,0,0,0,0.0,0,0.8242765349030396,benign_single_use,0
1,0,0,10.814775901242873,0,0,0,0.0,1,0.3197159928537989,benign_retry_then_success,0
1,0,0,8.626408741483703,0,0,0,0.0,1,0.4251050760846734,benign_retry_then_success,0
0,1,0,367.5852053434124,0,0,1,0.0,0,0.9481360060851811,late_verify,1
0,1,1,32.05104948261321,0,1,0,0.0,0,0.6811078514471899,stale_after_reissue,1
0,1,0,21.737037376609216,1,0,0,0.0,1,0.6436517071652423,cross_session,1
0,1,0,21.920560108952415,1,0,0,0.0,1,0.8168937347487817,cross_session,1
0,1,0,373.1045359051283,0,0,1,0.0,1,0.6221276045819144,late_verify,1
0,1,0,44.4094008890156,1,0,0,0.0,0,0.5639246687388612,cross_session,1
4,0,0,13.454024718031354,0,0,0,3.0186241454748175,0,0.503460688188689,brute_force,1
0,1,0,14.721210023494688,0,0,0,0.0,0,0.48469957952553794,benign_single_use,0
0,2,0,60.997486176974064,0,0,0,0.0,0,0.5660762878783361,replay_attempt,1
0,1,0,354.50236243313174,0,0,1,0.0,0,0.8767796608023901,late_verify,1
0,1,0,78.5153524328058,0,0,0,0.0,0,0.6396459161201302,benign_sms_normal,0
2,0,0,21.81068048231678,0,0,0,14.732368261034354,0,0.48754624855171935,benign_retry_then_success,0
0,1,0,15.758554524559953,1,0,0,0.0,0,0.8123660948500657,cross_session,1
0,1,0,325.46705768276996,0,0,1,0.0,0,0.6503540667120674,late_verify,1
0,1,0,56.75839314097335,0,0,0,0.0,1,0.4904788717271341,benign_sms_normal,0
0,2,0,31.0684468136791,0,0,0,0.0,0,0.5262568144889963,replay_attempt,1
1,0,0,3.510834230209171,0,0,0,0.0,0,0.3152644804240742,benign_retry_then_success,0
0,1,0,5.559416647130526,0,0,0,0.0,1,0.9192097179901644,benign_sms_normal,0
0,1,0,74.47834506148557,0,0,0,0.0,1,0.6045173009451759,benign_sms_normal,0
2,0,0,17.5465136749446,0,0,0,9.674503176251058,1,0.5328517847115425,benign_retry_then_success,0
0,1,0,24.186795483564342,0,0,0,0.0,1,0.9824994018017872,benign_single_use,0
5,0,0,18.308808914992873,0,0,0,3.9452869780752295,0,0.48848872796535087,brute_force,1
0,1,0,67.49422233238872,0,0,0,0.0,1,0.38219164063885075,benign_sms_normal,0
0,1,0,47.67765683829438,0,0,0,0.0,0,0.697253593038778,benign_single_use,0
2,0,0,6.291377498261649,0,0,0,3.242641091563044,0,0.3816834240845648,benign_retry_then_success,0
0,1,0,38.15067932365455,0,0,0,0.0,0,0.7238187262541362,benign_single_use,0
0,1,1,36.89911529067347,0,1,0,0.0,0,0.9927787017673075,stale_after_reissue,1
0,1,0,6.880340734928981,1,0,0,0.0,1,0.5433607411754457,cross_session,1
0,1,0,86.97818514147899,0,0,0,0.0,0,0.5977055885236409,benign_sms_normal,0
0,1,0,50.9481239921015,0,0,0,0.0,0,0.773332737046776,benign_sms_normal,0
5,0,0,15.206410338306489,0,0,0,2.424187375244614,1,0.36890451324913975,brute_force,1
0,1,0,55.58082242261398,0,0,0,0.0,0,0.5457734467572546,benign_single_use,0
0,1,0,45.63153018506837,0,0,0,0.0,1,0.6200533309358143,benign_sms_normal,0
0,1,0,68.31241296462873,0,0,0,0.0,1,0.5970642512532569,benign_sms_normal,0
0,1,0,7.920213697359648,0,0,0,0.0,0,0.4457681238850885,benign_single_use,0
0,1,0,355.0388021851155,0,0,1,0.0,1,0.3713134789622838,late_verify,1
0,1,0,49.18965157210736,0,0,0,0.0,1,0.7372782708030533,benign_single_use,0
0,1,0,5.861840498778668,0,0,0,0.0,0,0.4864856412139397,replay_attempt,1
1,0,0,4.229230905395996,0,0,0,0.0,1,0.32094605646427077,benign_retry_then_success,0
0,1,0,26.1475421441509,1,0,0,0.0,1,0.7672074489669176,cross_session,1
0,1,0,56.55745869120101,0,0,0,0.0,1,0.6635805699232782,benign_single_use,0
0,1,0,39.914450329753734,1,0,0,0.0,1,0.7060482653832764,cross_session,1
2,1,0,28.98637567867438,0,0,0,10.33280135496941,1,0.9397384282654457,benign_retry_then_success,0
0,1,0,59.83818059851237,0,0,0,0.0,1,0.44939168611711977,benign_single_use,0
0,1,0,52.77061292389055,0,0,0,0.0,0,0.8790356205724952,benign_sms_normal,0
0,1,0,8.7676287251344,0,0,0,0.0,0,0.600083782522498,benign_single_use,0
0,1,0,12.542117997318105,0,0,0,0.0,0,0.951714716401151,benign_single_use,0
2,0,0,28.03355832203997,0,0,0,14.16222397186185,1,0.5148638206639381,benign_retry_then_success,0
0,2,0,36.600370480241324,0,0,0,0.0,1,0.510856471541176,replay_attempt,1
0,0,1,47.97343259665017,0,0,0,0.0,0,0.487501004663687,stale_after_reissue,1
0,1,0,27.955273372698958,0,0,0,0.0,1,0.6093457817622323,benign_single_use,0
0,1,0,51.73495727256453,1,0,0,0.0,1,0.6578014355822693,cross_session,1
1,1,0,24.03587056353322,0,0,0,0.0,0,0.803723423346635,benign_retry_then_success,0
0,1,0,25.292238032194323,0,0,0,0.0,1,0.615044082624943,benign_single_use,0
5,0,0,15.778780541793575,0,0,0,3.257988587529604,1,0.3642028061039174,brute_force,1
6,0,0,22.035102829749093,0,0,0,3.6518186405498354,1,0.5808945871485571,brute_force,1
0,1,0,369.24137357255734,0,0,1,0.0,1,0.6559534839687011,late_verify,1
0,1,0,38.82463735499967,0,0,0,0.0,1,0.8319184931170522,benign_sms_normal,0
1,1,0,17.608743768621242,0,0,0,0.0,1,0.5783563769382724,benign_retry_then_success,0
0,1,0,410.9227107403275,0,0,1,0.0,0,0.39006761592233463,late_verify,1
1,1,0,11.126590399890427,0,0,0,0.0,0,0.7434983111328874,benign_retry_then_success,0
0,1,0,55.00025898835278,0,0,0,0.0,0,0.3592210124285521,benign_single_use,0
5,0,0,15.434479149366329,0,0,0,3.5242392266843643,1,0.7954747801573774,brute_force,1
0,1,0,50.95581675141787,0,0,0,0.0,1,0.8732619564844921,benign_sms_normal,0
1,1,0,19.608289113597618,0,0,0,0.0,1,0.7935243027381055,benign_retry_then_success,0
0,1,0,18.743110971537984,0,0,0,0.0,0,0.7864706615582503,benign_sms_normal,0
0,1,0,51.10272243139943,0,0,0,0.0,1,0.7385533893064562,benign_single_use,0
0,1,0,46.504522451665714,0,0,0,0.0,0,0.5875977507948494,benign_single_use,0
0,1,0,31.30324937041568,0,0,0,0.0,1,0.3044227725757124,benign_sms_normal,0
2,0,0,16.748883822581742,0,0,0,6.218227629221783,1,0.6412267871812557,benign_retry_then_success,0
0,1,0,350.51242696147614,0,0,1,0.0,0,0.7757387926484284,late_verify,1
0,0,1,33.0891123368838,0,0,0,0.0,1,0.36015728345685055,stale_after_reissue,1
0,1,0,17.358112997286618,0,0,0,0.0,0,0.46185532096476273,replay_attempt,1
0,1,0,40.74186603289265,0,0,0,0.0,1,0.5076370860642003,benign_sms_normal,0
0,1,0,10.232730862720238,0,0,0,0.0,1,0.3035229801684783,benign_single_use,0
1,0,0,8.16110094526307,0,0,0,0.0,0,0.34391881056088386,benign_retry_then_success,0
0,1,0,15.018050641785063,0,0,0,0.0,0,0.5216126688083802,benign_single_use,0
0,0,1,55.7221084349209,0,0,0,0.0,1,0.4178795219088528,stale_after_reissue,1
0,1,0,46.72488822665938,0,0,0,0.0,1,0.33307781106648,benign_sms_normal,0
0,1,0,417.2985050471006,0,0,1,0.0,1,0.956814633693607,late_verify,1
0,2,0,60.29243045843312,0,0,0,0.0,1,0.9219270305703324,replay_attempt,1
1,1,0,13.151295082638987,0,0,0,0.0,1,0.6678037233604261,benign_retry_then_success,0
0,1,0,74.309107767024,0,0,0,0.0,0,0.3106985271788945,benign_sms_normal,0
0,1,0,38.732454105814895,0,0,0,0.0,1,0.5320643649396741,benign_sms_normal,0
1,0,0,5.201107837199702,0,0,0,0.0,1,0.45943081016145315,benign_retry_then_success,0
0,1,0,7.83903533509521,0,0,0,0.0,0,0.9167506941312815,benign_sms_normal,0
0,1,0,395.7320026813827,0,0,1,0.0,1,0.8664337365533188,late_verify,1
2,0,0,9.017856857029559,0,0,0,3.868031171300098,1,0.5057560661769803,benign_retry_then_success,0
1,0,0,7.002289902012041,0,0,0,0.0,0,0.3994304210283523,benign_retry_then_success,0
0,1,0,48.04305570208214,0,0,0,0.0,0,0.882550144389445,benign_single_use,0
0,1,1,90.87017607854418,0,1,0,0.0,0,0.8762528932398301,stale_after_reissue,1
0,1,0,33.86751914698679,0,0,0,0.0,0,0.7038699228076002,benign_single_use,0
0,1,0,50.785950791184916,0,0,0,0.0,0,0.7658405031651172,benign_sms_normal,0
0,1,0,21.091153190423295,1,0,0,0.0,0,0.9093501903103898,cross_session,1
0,1,0,35.32006428747427,1,0,0,0.0,1,0.9610501981143971,cross_session,1
1,0,0,10.70103697432739,0,0,0,0.0,0,0.31649077914910895,benign_retry_then_success,0
1,1,0,23.485728488491755,0,0,0,0.0,1,0.9558926450786964,benign_retry_then_success,0
0,1,0,361.7321074836993,0,0,1,0.0,1,0.9325676445313087,late_verify,1
0,1,0,12.046194355290213,0,0,0,0.0,0,0.8039215084552893,benign_sms_normal,0
3,0,0,9.372626790350107,0,0,0,3.4865253140764936,0,0.49489196895102416,brute_force,1
0,1,0,40.56145404146137,0,0,0,0.0,1,0.6891316892195325,benign_sms_normal,0
0,1,0,56.9857393494656,0,0,0,0.0,1,0.488307813790791,benign_single_use,0
0,1,0,35.069379934972005,0,0,0,0.0,1,0.4596025228274562,benign_single_use,0
2,1,0,20.813629238188742,0,0,0,8.400767196427065,1,0.6758228129433934,benign_retry_then_success,0
3,0,0,7.192661948239802,0,0,0,1.8435858097536957,1,0.36694424981294765,brute_force,1
0,1,0,43.73851918871138,1,0,0,0.0,1,0.45737519555152145,cross_session,1
2,1,0,31.799461222190992,0,0,0,4.325106131159805,0,0.9456904766156875,benign_retry_then_success,0
0,2,0,45.42225147047914,0,0,0,0.0,0,0.5252178466917943,replay_attempt,1
2,0,0,11.69536224476677,0,0,0,8.352255935185728,0,0.6081629784548593,benign_retry_then_success,0
3,0,0,7.06079910364091,0,0,0,2.1636842790655564,1,0.3687794873829005,brute_force,1
0,1,0,31.66085884497719,0,0,0,0.0,1,0.5078150445329672,benign_single_use,0
0,1,0,33.89979780919754,0,0,0,0.0,0,0.312235955541012,benign_single_use,0
1,0,0,8.121977414826846,0,0,0,0.0,1,0.4479517219093543,benign_retry_then_success,0
0,1,0,42.5151290348047,0,0,0,0.0,1,0.9092074394487664,benign_single_use,0
1,1,0,15.383795156599211,0,0,0,0.0,1,0.7152145013225346,benign_retry_then_success,0
1,1,0,9.448271661755639,0,0,0,0.0,1,0.5233971374725399,benign_retry_then_success,0
2,0,0,8.800335923002898,0,0,0,3.6655743663297553,1,0.40975838871802217,benign_retry_then_success,0
0,1,0,88.37370284319476,0,0,0,0.0,1,0.8989666726836456,benign_sms_normal,0
0,1,0,55.651822089379884,0,0,0,0.0,0,0.7396415328600939,benign_single_use,0
0,1,0,89.73702212248865,0,0,0,0.0,0,0.42617310448545054,benign_sms_normal,0
0,1,0,84.50254682890804,0,0,0,0.0,0,0.559379599677603,benign_sms_normal,0
0,1,0,13.192701534715882,0,0,0,0.0,1,0.54865640822483,benign_single_use,0
1,1,0,15.924034132146778,0,0,0,0.0,0,0.8887812918614038,benign_retry_then_success,0
0,2,0,77.37150359253354,0,0,0,0.0,1,0.9322418755150998,replay_attempt,1
0,1,0,54.99662406171514,0,0,0,0.0,1,0.8034444198267534,benign_single_use,0
0,0,1,38.76803709838663,0,0,0,0.0,0,0.49240325041398914,stale_after_reissue,1
2,1,0,24.212835346443896,0,0,0,5.330246410145108,0,0.7116027532084639,benign_retry_then_success,0
7,0,0,28.769908303382437,0,0,0,4.267207304990078,0,0.6698930811499082,brute_force,1
0,1,0,40.43676915711725,0,0,0,0.0,1,0.3859556951919122,benign_sms_normal,0
0,1,0,29.435054632175362,0,0,0,0.0,0,0.904493497041158,benign_single_use,0
0,1,0,13.522414255767831,0,0,0,0.0,0,0.5073475678882213,benign_sms_normal,0
0,2,0,69.00225294623363,0,0,0,0.0,0,0.8502114020332414,replay_attempt,1
2,1,0,33.05230454070498,0,0,0,5.880339357476352,1,0.798272624050218,benign_retry_then_success,0
0,1,0,52.04458858695467,0,0,0,0.0,0,0.8456532570277082,benign_single_use,0
0,1,0,12.681879210106775,1,0,0,0.0,0,0.778238920739002,cross_session,1
0,1,0,27.015370682476,0,0,0,0.0,0,0.30376452214293526,benign_single_use,0
0,1,0,50.91759441986026,0,0,0,0.0,1,0.35472190445025553,benign_sms_normal,0
1,1,0,12.673947553796237,0,0,0,0.0,0,0.6498762753609515,benign_retry_then_success,0
2,1,0,24.889247028808953,0,0,0,10.043526948155849,0,0.800476875261283,benign_retry_then_success,0
6,0,0,21.255609973797732,0,0,0,3.3648531395818266,1,0.9311566938145217,brute_force,1
2,1,0,38.67134474077008,0,0,0,14.8756458104434,0,0.7929917499522079,benign_retry_then_success,0
0,1,0,51.79231847964272,1,0,0,0.0,1,0.5787707325566376,cross_session,1
2,0,0,10.660170129156784,0,0,0,5.041129067641835,1,0.3563713832896407,benign_retry_then_success,0
0,1,0,88.83083433730069,0,0,0,0.0,0,0.8559519956902604,benign_sms_normal,0
0,1,0,35.98752405947113,0,0,0,0.0,0,0.7764115799010777,benign_sms_normal,0
0,1,0,41.888001732970835,0,0,0,0.0,0,0.9500128524559419,benign_sms_normal,0
0,0,1,15.698689348656982,0,0,0,0.0,0,0.43680517113448014,stale_after_reissue,1
0,1,0,372.84565433284587,0,0,1,0.0,1,0.825552261707811,late_verify,1
2,1,0,32.2091174543954,0,0,0,10.198019198478496,0,0.8415498363374132,benign_retry_then_success,0
0,1,0,78.67176038232411,0,0,0,0.0,1,0.4826293812596846,benign_sms_normal,0
1,1,0,11.233005602257482,0,0,0,0.0,1,0.701473970520488,benign_retry_then_success,0
0,1,0,50.57749289330715,0,0,0,0.0,0,0.7775444067943333,benign_single_use,0
0,1,0,48.31426001090289,1,0,0,0.0,0,0.9238636260867952,cross_session,1
0,1,1,59.931788266258486,0,1,0,0.0,0,0.7736838415258378,stale_after_reissue,1
0,1,0,5.932830453100205,0,0,0,0.0,0,0.780924612188634,benign_sms_normal,0
2,0,0,17.115273988165576,0,0,0,12.229968669975852,0,0.6388688086995166,benign_retry_then_success,0
0,1,0,46.73502838275879,0,0,0,0.0,1,0.6830355541003134,benign_single_use,0
7,0,0,15.667761172583027,0,0,0,2.0726072162511096,0,0.9069916734678911,brute_force,1
0,0,1,27.935014418106807,0,0,0,0.0,0,0.3163487901479058,stale_after_reissue,1
0,0,1,49.948669921040846,0,0,0,0.0,0,0.3499148555144349,stale_after_reissue,1
0,1,0,12.452141226584986,1,0,0,0.0,1,0.6824365648442763,cross_session,1
3,0,0,13.558003235511858,0,0,0,4.253347104617333,1,0.30800445713124824,brute_force,1
0,1,0,413.18053675119165,0,0,1,0.0,1,0.49690015974758905,late_verify,1
2,1,0,27.303775165927682,0,0,0,10.030879681493992,1,0.7764745632760717,benign_retry_then_success,0
0,0,1,37.308518111684855,0,0,0,0.0,0,0.4324803892897805,stale_after_reissue,1
0,1,0,374.5368585415407,0,0,1,0.0,0,0.5102050379899139,late_verify,1
0,1,0,52.190916801037865,0,0,0,0.0,1,0.6251804642065004,benign_single_use,0
2,0,0,22.111465428256416,0,0,0,9.101938405767433,1,0.43858928547320714,benign_retry_then_success,0
0,1,0,50.733835568285016,1,0,0,0.0,0,0.764290983315379,cross_session,1
0,1,0,75.08077354261926,0,0,0,0.0,1,0.9908786521820769,benign_sms_normal,0
0,2,0,24.727429766798203,0,0,0,0.0,1,0.7128235498762567,replay_attempt,1
0,1,0,30.80215528467071,0,0,0,0.0,1,0.8038143935340152,benign_sms_normal,0
0,1,1,71.54530087649368,0,1,0,0.0,0,0.7035631467827448,stale_after_reissue,1
0,1,0,36.44158134616187,0,0,0,0.0,0,0.5960465157943665,benign_single_use,0
0,1,0,56.889944253326796,0,0,0,0.0,0,0.7823770462365717,benign_sms_normal,0
0,1,0,36.74388139354117,0,0,0,0.0,1,0.5324448379602776,benign_single_use,0
0,1,0,338.8014069971892,0,0,1,0.0,0,0.6117296478295902,late_verify,1
0,1,0,89.46014006789017,0,0,0,0.0,0,0.563311072336783,benign_sms_normal,0
1,1,0,25.807838281587806,0,0,0,0.0,1,0.6581783051842223,benign_retry_then_success,0
0,2,0,94.32861040408412,0,0,0,0.0,0,0.9978977107152591,replay_attempt,1
0,0,1,29.05206661402073,0,0,0,0.0,0,0.35099920709015986,stale_after_reissue,1
0,1,0,54.42405552694619,0,0,0,0.0,0,0.44878319753581597,benign_sms_normal,0
0,1,0,76.45712129317458,0,0,0,0.0,0,0.5437913363745699,benign_sms_normal,0
1,1,0,14.826220083443518,0,0,0,0.0,1,0.892181164324535,benign_retry_then_success,0
0,1,0,307.6148483384532,0,0,1,0.0,1,0.7991226036449267,late_verify,1
0,1,0,30.769638438891203,0,0,0,0.0,0,0.640540849985195,benign_single_use,0
0,1,0,28.153024132121118,0,0,0,0.0,0,0.3355148309032262,benign_sms_normal,0
2,1,0,19.050134812004984,0,0,0,3.7745760439143066,0,0.7630547450640092,benign_retry_then_success,0
6,0,0,15.545681216872982,0,0,0,2.7039940761602543,0,0.5203559482904797,brute_force,1
0,1,0,5.883865955145842,1,0,0,0.0,0,0.3890767037031444,cross_session,1
0,0,1,12.598895373328663,0,0,0,0.0,1,0.4839494777943613,stale_after_reissue,1
0,1,0,401.02995089308774,0,0,1,0.0,1,0.8231990370173519,late_verify,1
2,0,0,25.900912363566455,0,0,0,13.391886649134078,1,0.3361996373280514,benign_retry_then_success,0
0,1,0,64.83478408397654,0,0,0,0.0,1,0.9601528779273196,benign_sms_normal,0
0,1,0,42.90030750892723,0,0,0,0.0,0,0.9151088798322062,benign_single_use,0
0,1,0,51.8849995203395,1,0,0,0.0,1,0.5517027429258962,cross_session,1
0,1,0,49.827842886488455,0,0,0,0.0,1,0.39215498437503593,benign_single_use,0
0,1,0,88.94226469069362,0,0,0,0.0,1,0.9265104130568809,benign_sms_normal,0
0,1,0,314.860698033809,0,0,1,0.0,1,0.6491836337594988,late_verify,1
0,1,0,48.048266779425774,1,0,0,0.0,1,0.49781534199809613,cross_session,1
0,1,1,82.94573259010872,0,1,0,0.0,1,0.6370427854770794,stale_after_reissue,1
0,1,1,80.32743866974207,0,1,0,0.0,1,0.8045216252438365,stale_after_reissue,1
0,1,0,54.45575373855761,1,0,0,0.0,1,0.461704989341003,cross_session,1
0,1,0,12.981607259851756,0,0,0,0.0,1,0.8286108598744693,benign_single_use,0
0,1,0,36.03339182553707,0,0,0,0.0,1,0.4424599771234613,benign_single_use,0
0,1,0,53.358641399360636,1,0,0,0.0,0,0.7763705437064183,cross_session,1
0,1,0,59.69371191575541,0,0,0,0.0,1,0.6942414449087926,benign_sms_normal,0
0,1,1,59.34075975126663,0,1,0,0.0,1,0.8841455055583722,stale_after_reissue,1
0,2,0,37.66628589075556,0,0,0,0.0,0,0.8186175833503455,replay_attempt,1
0,1,0,68.56970289299375,0,0,0,0.0,0,0.6717359398496038,benign_sms_normal,0
0,1,0,26.39211610340116,1,0,0,0.0,0,0.8507778527686756,cross_session,1
0,1,1,69.78116247421622,0,1,0,0.0,0,0.9717385944359864,stale_after_reissue,1
0,1,0,417.47709988904626,0,0,1,0.0,0,0.6497064143977052,late_verify,1
1,1,0,25.38342686038102,0,0,0,0.0,1,0.9849147476935776,benign_retry_then_success,0
0,1,0,17.778512142106308,1,0,0,0.0,0,0.3204797050130439,cross_session,1
0,1,0,21.795847745414687,1,0,0,0.0,0,0.7057341799924661,cross_session,1
0,0,1,24.475008555542708,0,0,0,0.0,0,0.3730288021336769,stale_after_reissue,1
0,1,0,368.68261958490797,0,0,1,0.0,0,0.9202612871496787,late_verify,1
0,1,0,6.907261562454153,0,0,0,0.0,1,0.4660221517314706,replay_attempt,1
4,0,0,19.17624556106828,0,0,0,4.871628069813633,1,0.3762059119089497,brute_force,1
1,0,0,9.805116601642894,0,0,0,0.0,0,0.44102725030390244,benign_retry_then_success,0
0,0,1,33.388918067747184,0,0,0,0.0,1,0.45923321042043025,stale_after_reissue,1
2,1,0,21.927309926680984,0,0,0,6.942796210493423,1,0.9449493681275694,benign_retry_then_success,0
0,0,1,29.10271260358064,0,0,0,0.0,1,0.320318475295522,stale_after_reissue,1
0,1,0,45.631047316690655,0,0,0,0.0,1,0.45906414376254484,benign_single_use,0
2,1,0,20.639510727429283,0,0,0,7.8646050280199145,0,0.7053414272375437,benign_retry_then_success,0
1,0,0,12.037706223195325,0,0,0,0.0,0,0.46640247260625767,benign_retry_then_success,0
0,1,0,63.587423655867234,0,0,0,0.0,1,0.6338065143580093,benign_sms_normal,0
0,1,0,7.058165821248705,1,0,0,0.0,0,0.896655750593869,cross_session,1
1,0,0,4.903048774737053,0,0,0,0.0,1,0.4841501113996698,benign_retry_then_success,0
0,1,0,26.96939927527758,0,0,0,0.0,1,0.9175516229833764,benign_single_use,0
0,1,0,403.67541639397484,0,0,1,0.0,1,0.9449583934454189,late_verify,1
0,1,0,338.09187612907607,0,0,1,0.0,1,0.4467764226975619,late_verify,1
0,1,1,49.54774306391952,0,1,0,0.0,0,0.8747501177128438,stale_after_reissue,1
0,0,1,39.566066326318385,0,0,0,0.0,1,0.40756010186319713,stale_after_reissue,1
6,0,0,18.757390117504066,0,0,0,2.9464992384118798,1,0.9745223807968013,brute_force,1
0,1,0,5.03762272154506,0,0,0,0.0,0,0.45169835706439676,benign_single_use,0
0,1,1,84.42615122366541,0,1,0,0.0,1,0.8082650165987779,stale_after_reissue,1
2,1,0,31.659445202699665,0,0,0,12.526708648747174,0,0.9003807953545906,benign_retry_then_success,0
0,1,0,363.00996767327365,0,0,1,0.0,0,0.5766562956753316,late_verify,1
9,0,0,29.3869889846928,0,0,0,3.276560926889913,1,0.997215253504746,brute_force,1
0,1,1,22.078178010499357,0,1,0,0.0,0,0.8478590148151537,stale_after_reissue,1
2,0,0,24.872738772579982,0,0,0,10.321378324504852,1,0.364854608558327,benign_retry_then_success,0
0,2,0,89.5184311437367,0,0,0,0.0,0,0.7394664485891821,replay_attempt,1
