country,country_risk,asn_reputation_risk,device_type,is_new_country,is_new_device,round_trip_time_ms,hour_of_day,is_attack_ip,login_successful,is_account_takeover
Netherlands,0.08,0.07347365687756408,desktop,1,0,76.36326985810885,13,0,1,1
France,0.07,0.1110497901843744,desktop,0,0,88.71752808768704,19,0,1,0
Netherlands,0.08,0.2218089308841341,desktop,0,0,59.06339712125115,11,0,1,0
Japan,0.05,0.3040267840935938,tablet,0,0,166.01690904732817,6,0,1,0
United States,0.05,0.07039747686143777,mobile,0,0,43.254262902566666,20,1,1,0
Indonesia,0.3,0.34072360663821327,desktop,1,0,44.319702223748806,16,0,1,1
Netherlands,0.08,0.2530689548387919,desktop,0,0,42.10780170790725,17,0,1,0
Netherlands,0.08,0.23567150751073507,desktop,1,0,73.80023519522584,6,0,1,0
United Kingdom,0.06,0.14313326280233024,mobile,0,0,86.96747501760788,2,0,1,0
France,0.07,0.2270453665107097,desktop,1,0,65.65014026293282,5,0,1,1
Canada,0.05,0.0846186964876308,desktop,0,0,86.876827373522,17,0,1,0
India,0.18,0.1395523604540578,desktop,0,1,86.46978111492304,5,0,1,0
Australia,0.06,0.35584142236082383,tablet,0,0,64.95747149412728,18,0,1,0
Netherlands,0.08,0.2401336163544973,desktop,0,0,85.59190346586018,10,1,1,1
France,0.07,0.25253610379619235,mobile,0,0,68.80276126111885,7,0,1,1
Germany,0.05,0.6953374549385267,tablet,1,0,136.68689689515142,6,1,0,1
Australia,0.06,0.12827890235154102,desktop,1,0,61.900103345946945,1,0,1,0
United States,0.05,0.2645417387280725,desktop,0,0,79.96313699684275,8,0,1,0
Netherlands,0.08,0.04387794218666821,desktop,0,0,112.86889195937331,22,0,1,0
Australia,0.06,0.3851203885597405,mobile,0,0,183.50970762464942,13,1,0,1
Japan,0.05,0.18292771963527324,desktop,0,0,62.295879613671914,18,0,1,0
Canada,0.05,0.21456640402065374,desktop,0,0,78.01751040159472,19,0,1,1
Indonesia,0.3,0.019045072446761756,desktop,0,0,136.30580299026477,16,0,1,0
Vietnam,0.35,0.13106054450035287,mobile,0,0,85.7205107811033,18,0,1,0
Netherlands,0.08,0.06976918725507728,mobile,1,0,55.4539677320944,10,0,0,0
United Kingdom,0.06,0.5408747026735828,desktop,0,0,204.14189645025462,10,0,1,1
France,0.07,0.16126886857882128,mobile,0,0,104.04081599562458,10,0,1,0
United States,0.05,0.09323127821928012,desktop,0,0,66.03790548925913,7,0,1,0
United Kingdom,0.06,0.1508066522232585,desktop,1,0,47.90316283252063,1,0,1,1
Japan,0.05,0.09257414947119585,desktop,0,0,105.0914546340547,15,0,1,0
Japan,0.05,0.002854781767607675,mobile,0,0,82.093973498123,15,0,1,0
Indonesia,0.3,0.4113193688891027,mobile,1,0,205.3062679537745,10,1,1,0
Germany,0.05,0.28345179126595704,desktop,0,0,46.103339625712174,15,0,1,0
Canada,0.05,0.18783051619598548,desktop,0,1,34.51266966164742,18,0,1,0
France,0.07,0.151666323532231,desktop,0,0,59.273839582456915,21,0,1,0
United Kingdom,0.06,0.06836919273569234,desktop,0,0,81.9904517218596,20,0,1,0
United Kingdom,0.06,0.0179360269646568,desktop,0,0,103.15098311135262,8,0,1,0
France,0.07,0.05126761596048148,desktop,0,0,85.51827354595774,6,0,1,0
Germany,0.05,0.334531184650785,desktop,0,0,46.679744149350874,11,0,1,0
Japan,0.05,0.2501364554134172,desktop,0,0,66.73322269387171,9,0,1,0
France,0.07,0.1372552551461921,desktop,0,0,121.54460813063247,16,0,1,0
Netherlands,0.08,0.13864801773148397,desktop,0,0,61.60622207342813,0,0,1,0
Japan,0.05,0.1488575217565193,mobile,0,0,96.45770128489376,6,1,1,1
Germany,0.05,0.03826959472489872,desktop,0,0,92.37640691260235,10,0,1,0
Netherlands,0.08,0.029369533639485135,mobile,0,0,96.15254360692204,2,0,1,0
Netherlands,0.08,0.23288718777243225,desktop,1,0,85.70560260039416,10,0,0,1
Canada,0.05,0.14199554612143164,desktop,1,0,96.04884963591464,3,0,1,0
Germany,0.05,0.1277228533409426,desktop,0,0,43.87991319451361,22,0,1,0
Japan,0.05,0.1167084979646168,desktop,0,0,125.25675603128401,2,0,1,0
United Kingdom,0.06,0.10241968842267266,mobile,0,0,39.161632563534575,9,0,1,0
United Kingdom,0.06,0.10722863710796006,desktop,0,1,82.19810124969477,6,0,1,0
United States,0.05,0.3755740478675901,desktop,0,1,72.46048738109783,10,0,1,0
Netherlands,0.08,0.04233373036562907,desktop,0,0,59.206339320773296,17,0,1,0
Japan,0.05,0.09392697254340018,desktop,0,0,52.388856810247376,7,0,1,0
Japan,0.05,0.5630323846055076,tablet,0,1,198.48133714123227,17,1,1,1
Netherlands,0.08,0.3155726727370494,tablet,0,0,97.56007245940458,2,0,1,0
France,0.07,0.16606890796945203,desktop,0,0,71.08838310426141,23,0,1,0
Australia,0.06,0.22439124553370474,desktop,0,0,66.60387517348072,14,0,1,0
United Kingdom,0.06,0.17243406135893274,desktop,0,0,115.41100727475647,21,0,1,0
United Kingdom,0.06,0.34635696620972733,desktop,0,0,63.58655333529584,5,0,1,0
Japan,0.05,0.09312916346209338,desktop,0,0,72.61970878726046,16,0,1,0
France,0.07,0.08809424994894205,desktop,0,0,68.63054126282744,12,0,1,0
Australia,0.06,0.12945707448238086,desktop,0,0,174.9985526233344,6,0,1,0
Netherlands,0.08,0.35672242021429945,desktop,0,1,54.92716157457913,18,0,0,0
Australia,0.06,0.057051277939607674,desktop,0,0,98.59301419103859,11,0,1,0
Australia,0.06,0.33393069157452854,mobile,0,0,40.65929013473865,17,0,1,0
Australia,0.06,0.1932812755973812,mobile,0,0,52.705815580699536,0,0,1,0
Germany,0.05,0.11227327906153411,desktop,0,1,66.14017084759624,2,0,1,0
United States,0.05,0.3810685697600693,mobile,0,0,163.22399701403083,19,1,1,1
France,0.07,0.08774031959031736,desktop,0,0,66.95040686825858,10,0,1,0
United Kingdom,0.06,0.369102528391346,desktop,0,0,71.17965206752112,4,0,1,1
Canada,0.05,0.25388748686730167,mobile,0,1,57.90712022956429,19,1,0,1
Netherlands,0.08,0.1543814734578907,desktop,0,0,115.6594461901758,3,0,1,0
Germany,0.05,0.6265005030755262,tablet,0,0,436.85367821518514,0,1,0,1
United States,0.05,0.05457834924624012,tablet,0,1,95.63696215611736,13,0,1,0
Germany,0.05,0.10665536479892411,desktop,0,0,93.42579175508541,3,0,1,0
Germany,0.05,0.27119588855208887,desktop,0,0,52.8922385019192,16,0,1,0
Japan,0.05,0.3973232965943038,desktop,0,0,326.09248696468933,10,1,0,1
Australia,0.06,0.5081920176285637,tablet,0,0,174.69344191108013,21,0,1,0
Netherlands,0.08,0.35544222573509165,desktop,0,0,132.4752349823244,12,0,1,0
Japan,0.05,0.297030182502589,mobile,0,1,64.76652939481136,4,0,1,0
Canada,0.05,0.4418873500242679,desktop,0,0,377.92420004429874,12,0,1,0
Netherlands,0.08,0.033067488837733576,mobile,0,0,96.42415548529281,15,0,1,0
United Kingdom,0.06,0.0853388756592774,desktop,1,0,83.11496801526134,21,0,1,0
United States,0.05,0.05034128755016321,mobile,1,0,100.43136264584727,3,0,1,1
United States,0.05,0.19428707142726728,mobile,0,0,40.38654891092859,17,1,1,1
Japan,0.05,0.28927025071035134,desktop,0,0,111.06959439949384,14,0,1,0
France,0.07,0.06819328805698066,desktop,0,0,46.38677464966784,22,0,1,0
United Kingdom,0.06,0.2800986043014698,desktop,0,0,99.92108858780287,14,0,1,1
France,0.07,0.1963884770938138,desktop,0,0,59.8963007644483,23,0,0,1
United Kingdom,0.06,0.17199819989966447,mobile,0,0,55.715387608165486,13,0,1,0
Japan,0.05,0.2114611960087147,desktop,0,0,137.05446140260185,1,0,1,0
France,0.07,0.17818362180762862,tablet,0,0,71.17347537803765,2,0,0,1
Canada,0.05,0.16026302550146612,desktop,0,0,43.12617993823418,2,0,0,0
Germany,0.05,0.03992633857912305,mobile,0,0,103.66609541845015,12,0,1,1
Australia,0.06,0.06561096544422085,tablet,0,0,48.07544570438371,19,0,1,1
Canada,0.05,0.040078877895322176,mobile,0,0,118.6599488531573,13,0,1,1
United States,0.05,0.0966595425997316,tablet,0,0,73.28289689477168,22,0,1,0
United Kingdom,0.06,0.2990202459984446,desktop,0,0,47.188974795645656,12,0,1,0
Romania,0.4,0.06924035606041722,mobile,1,0,98.24524044765886,16,0,1,1
Brazil,0.2,0.12830382116201006,desktop,0,0,88.4481791409966,4,0,1,0
Japan,0.05,0.23610464841427353,desktop,0,0,35.05167489788083,0,0,1,1
Germany,0.05,0.18684235762800744,mobile,1,0,72.08200733990556,17,0,1,1
Indonesia,0.3,0.11989826135709708,mobile,0,0,81.82636019177083,2,0,1,0
Netherlands,0.08,0.26519758448488295,tablet,1,0,80.17283852979915,23,0,1,1
Japan,0.05,0.23695564525003943,mobile,0,0,69.08537325877542,23,0,0,0
France,0.07,0.3442873292346706,mobile,1,0,95.65457323789197,5,0,1,0
Germany,0.05,0.10177396071294524,mobile,1,0,89.93879882367038,2,0,1,0
United States,0.05,0.0902362642634884,mobile,0,0,74.50756935457783,21,0,1,0
Brazil,0.2,0.2003778425111406,desktop,0,0,67.84828000469236,21,0,1,1
France,0.07,0.09983393685916533,desktop,0,0,77.62123704040465,12,0,1,0
United Kingdom,0.06,0.011850149844198132,desktop,0,0,59.662608280496265,8,0,1,0
Germany,0.05,0.24422937834545244,mobile,0,0,51.527959169781674,10,0,1,1
Australia,0.06,0.4372596995785592,mobile,0,0,361.7122247585463,22,1,1,1
United Kingdom,0.06,0.1253839421202422,mobile,0,0,71.16460536935612,13,0,1,0
Netherlands,0.08,0.16768035598914177,tablet,0,0,54.586864819285324,4,1,1,1
Japan,0.05,0.10968153176172928,mobile,1,1,69.71530905073426,16,0,1,1
Japan,0.05,0.4081567913308515,mobile,0,0,257.52612483414714,23,1,1,1
Canada,0.05,0.021576790659068427,mobile,0,0,68.5475343410976,1,1,1,1
Australia,0.06,0.37904351021931,mobile,0,0,200.03263305348923,12,1,1,1
Australia,0.06,0.352507151553707,desktop,0,1,68.03020275546383,12,0,0,1
Australia,0.06,0.1784444645258701,tablet,0,0,116.42850229636568,18,0,1,0
United States,0.05,0.11825968514650487,mobile,0,0,131.66057234634528,13,0,1,0
Canada,0.05,0.3262609008020116,mobile,1,0,62.53112537813903,5,1,1,1
United States,0.05,0.3070416055851697,desktop,0,0,95.08104146425535,14,0,1,0
France,0.07,0.1979258023140915,desktop,0,0,153.2241115284478,3,0,0,1
Canada,0.05,0.03545177342881064,mobile,0,0,49.09600585993885,12,0,1,0
United Kingdom,0.06,0.46934052141190036,tablet,0,0,396.9909778797437,5,1,0,1
United States,0.05,0.15117793151367256,tablet,0,0,40.07480016286378,23,0,1,0
Australia,0.06,0.22572253157712868,mobile,0,0,74.46792910585289,17,0,1,0
United Kingdom,0.06,0.02434087304065227,mobile,0,0,70.1735530319104,17,0,1,0
India,0.18,0.025929829133836027,desktop,0,0,40.55037723114837,0,0,1,0
Australia,0.06,0.03652909234652645,mobile,1,0,107.9027456929228,10,0,1,0
Canada,0.05,0.22467888373587977,desktop,0,0,77.60814705068357,16,0,1,0
Australia,0.06,0.36692840860589093,mobile,0,0,53.27472385781971,11,0,1,0
United States,0.05,0.027114677592573785,desktop,1,0,82.68212068892069,2,1,0,1
Romania,0.4,0.17728938017993137,tablet,0,0,101.12345770000522,12,0,1,1
France,0.07,0.4038399271397261,desktop,0,0,276.82648547427743,15,1,0,1
Netherlands,0.08,0.01565585888703597,desktop,0,0,24.48574162567404,17,0,1,0
United States,0.05,0.4535343365932082,mobile,1,1,199.73057344280943,7,1,0,1
France,0.07,0.1185467679659157,mobile,0,0,56.32279318282059,13,0,0,0
France,0.07,0.4499897782082538,mobile,1,0,202.88454815774685,21,1,0,1
Russia,0.6,0.12852191539796373,mobile,1,0,64.73832192978651,22,0,0,1
Australia,0.06,0.23920738317545265,mobile,0,0,82.12998358201371,7,0,1,0
France,0.07,0.1759469653140199,desktop,0,0,69.03112075348407,16,0,1,0
Germany,0.05,0.10304646133103439,mobile,0,0,42.9018986886492,21,0,1,0
Canada,0.05,0.08694581055065174,tablet,0,0,74.49121175213904,1,0,1,0
France,0.07,0.13179581372921528,mobile,0,1,46.33198117390974,13,0,0,1
France,0.07,0.21394555918682936,desktop,0,0,45.54523304527906,18,0,1,1
United States,0.05,0.38757340638676113,mobile,0,0,222.2157186061513,5,1,1,1
Netherlands,0.08,0.1444019613529453,desktop,0,0,48.67355891043929,7,0,1,0
Vietnam,0.35,0.47471307595322937,tablet,0,0,298.12584501888455,20,0,0,1
United Kingdom,0.06,0.3553985587626106,desktop,0,0,64.25134798876623,4,1,1,1
Australia,0.06,0.1998693223304727,desktop,0,0,81.40603934348225,7,0,1,0
United States,0.05,0.16248854365017887,desktop,0,0,42.480074655656665,19,0,1,0
Japan,0.05,0.27016235080752105,mobile,1,0,67.48513654079278,14,0,1,0
Germany,0.05,0.05792362119743838,mobile,0,0,62.27333097914874,15,0,1,0
Japan,0.05,0.053843768896900096,mobile,0,0,79.08243804120808,13,0,1,0
Japan,0.05,0.14158103797907415,desktop,0,0,80.42105316199812,9,0,1,0
Netherlands,0.08,0.16890801594537558,mobile,0,0,77.8433325233785,18,0,1,0
United States,0.05,0.23352414409379132,desktop,0,0,52.11251264006761,6,0,1,0
Brazil,0.2,0.12321758374833955,desktop,0,1,74.33944450566116,6,0,0,0
Germany,0.05,0.4313305946415822,mobile,0,0,164.4600386428328,10,1,1,1
United States,0.05,0.04475359218261859,desktop,0,0,116.74243516095143,3,1,1,1
Australia,0.06,0.24098872141248778,mobile,0,0,76.60108482018413,15,0,1,0
Canada,0.05,0.14733438850669822,desktop,0,0,75.7760879148355,21,0,1,0
Netherlands,0.08,0.38625237720837546,mobile,0,0,312.2602621784411,17,1,0,1
Netherlands,0.08,0.5033772998025556,desktop,0,0,281.5639080063335,7,1,1,1
Germany,0.05,0.05591649038848132,desktop,0,0,80.68705295943536,2,0,1,0
Romania,0.4,0.021451406720865786,desktop,0,0,71.69668834713559,14,0,1,1
Germany,0.05,0.11936618695253047,mobile,0,0,71.4264053945811,12,0,1,0
France,0.07,0.18773467221844764,desktop,1,0,39.893125267580096,20,1,1,0
Germany,0.05,0.0748870770651364,desktop,0,0,55.42739527591793,11,0,1,0
Russia,0.6,0.11616061937045458,desktop,0,1,66.93871466075313,1,0,1,1
United Kingdom,0.06,0.15856157062379633,desktop,0,0,112.23431823951469,21,0,1,0
United States,0.05,0.3786280748832579,desktop,0,0,444.9036607499797,7,1,0,1
France,0.07,0.052933163298621855,mobile,0,0,51.14017841410317,18,0,1,1
Pakistan,0.45,0.09327053481319011,desktop,0,0,37.92557128512588,2,0,1,0
Vietnam,0.35,0.06464093346133225,desktop,0,0,82.59035750492512,23,0,1,1
Japan,0.05,0.20199319551906456,mobile,0,0,111.62611436246911,22,0,1,1
Vietnam,0.35,0.3541883512354908,desktop,0,0,83.61157456763581,1,0,1,0
Vietnam,0.35,0.17385774566435133,mobile,0,0,90.19974638157032,22,0,1,0
France,0.07,0.10848730465279299,mobile,0,1,51.35629936126044,19,0,1,0
Germany,0.05,0.04529441511877802,mobile,0,0,83.87275914381003,21,0,1,0
Netherlands,0.08,0.20973888066881013,desktop,0,0,56.24046137476293,5,0,1,0
Japan,0.05,0.12243190823070285,desktop,0,0,75.25721188627458,8,0,1,0
Canada,0.05,0.0934180883170924,desktop,0,0,87.86907078255669,12,0,1,0
United States,0.05,0.12595501878307083,desktop,0,0,66.54146435873355,11,0,1,0
Japan,0.05,0.09475573004759405,mobile,1,0,98.20504840425961,17,0,1,0
Germany,0.05,0.0740360630575223,desktop,0,0,69.59848391184846,21,0,1,0
Russia,0.6,0.09446245272729666,desktop,0,0,81.10699426288865,20,1,1,1
Germany,0.05,0.11249827453574784,mobile,0,0,142.85644021562345,21,0,1,0
United Kingdom,0.06,0.10038905551221676,mobile,1,0,87.7174555162713,7,0,1,0
Netherlands,0.08,0.29738352955278574,tablet,0,1,56.696643141873516,0,0,1,0
United Kingdom,0.06,0.13740119941266055,desktop,0,0,62.29202819132556,4,0,1,0
United Kingdom,0.06,0.04891357323889656,mobile,0,1,100.04146514644015,4,1,0,0
Australia,0.06,0.06601457617466272,mobile,0,0,106.15998027858548,18,0,1,0
Nigeria,0.55,0.08329504192325682,mobile,1,0,72.76537190184588,9,1,0,1
United Kingdom,0.06,0.7810387802159745,desktop,0,1,167.43498894076188,9,1,1,1
Germany,0.05,0.10415129332634557,desktop,0,0,52.84754569213219,18,0,1,0
Netherlands,0.08,0.16613030640534932,desktop,0,0,78.51272939799571,1,0,1,0
Indonesia,0.3,0.02453991452499077,mobile,0,0,90.29954158004756,9,0,1,0
France,0.07,0.12650468206232635,desktop,0,0,104.7597733603001,9,0,1,0
United Kingdom,0.06,0.3916949557087078,desktop,0,0,169.2714496355123,4,1,1,0
United States,0.05,0.10289093180789458,desktop,0,0,99.98442832988276,7,0,1,1
Germany,0.05,0.4164736220225267,mobile,0,0,328.4696282273645,19,1,1,0
United Kingdom,0.06,0.057404058842189486,desktop,1,0,31.88879097632326,16,1,1,1
Japan,0.05,0.1517110814040506,desktop,0,0,73.5629449629119,8,0,1,0
United Kingdom,0.06,0.1421744066969087,mobile,0,0,96.08390168357603,20,0,1,1
France,0.07,0.0761075392662362,mobile,1,0,44.97027025510143,2,0,1,1
Japan,0.05,0.20100067327234988,mobile,0,0,61.880587846591844,21,0,0,1
Australia,0.06,0.27565950130553946,desktop,0,0,89.66430363557194,15,0,1,0
United Kingdom,0.06,0.2533294545901939,desktop,0,0,61.37764178606535,5,0,0,0
Netherlands,0.08,0.4569671712084842,desktop,0,0,165.57297558505059,20,1,0,1
Japan,0.05,0.16578094981630073,desktop,0,1,79.62136727212716,3,1,1,1
Japan,0.05,0.33411263040632533,desktop,0,0,48.93878541975897,13,0,1,0
United Kingdom,0.06,0.14887095507164205,desktop,0,0,50.73352997555574,14,0,1,0
United Kingdom,0.06,0.17513942823944506,desktop,0,1,86.82886866094023,23,0,1,0
India,0.18,0.06803997154786477,desktop,0,1,102.7325888536418,5,0,1,0
Canada,0.05,0.13326237701232643,mobile,0,0,84.7310548006957,20,0,1,0
Germany,0.05,0.3449993303435376,desktop,0,0,118.68018523197544,3,0,1,1
France,0.07,0.1910356289824521,tablet,0,0,85.36081532051145,5,0,0,1
Japan,0.05,0.3443438961201169,mobile,0,0,140.6762644879244,0,0,1,0
Romania,0.4,0.15189896641263595,desktop,0,0,75.41651984548601,7,0,1,0
Germany,0.05,0.2939822257118014,desktop,0,0,80.51496341611656,17,0,1,0
India,0.18,0.2408763027166245,tablet,0,0,84.87002497916436,4,0,1,0
United States,0.05,0.07051879514726664,tablet,0,0,59.156598102326775,1,0,1,0
Australia,0.06,0.03020790937287153,desktop,0,0,56.16962432754544,13,1,0,1
Australia,0.06,0.060446313771425605,desktop,0,0,53.78369943959344,0,0,1,0
United States,0.05,0.02495293369722672,tablet,0,1,60.672721175955544,15,0,1,0
United Kingdom,0.06,0.21496618274851015,mobile,1,0,152.13430629781928,18,1,0,1
Canada,0.05,0.2351579696797035,mobile,0,0,139.42374219754754,17,0,1,0
Romania,0.4,0.11855487488950366,desktop,0,0,65.70829666493604,2,0,1,1
Australia,0.06,0.19113139764044834,mobile,0,1,63.61273315580352,12,0,1,0
India,0.18,0.253828606472145,mobile,0,0,34.76465493771427,7,0,1,0
Netherlands,0.08,0.16290537052951268,desktop,0,0,52.039798553698134,2,0,1,0
France,0.07,0.10126125090995504,mobile,1,0,55.51937737145677,3,0,1,0
Netherlands,0.08,0.07214679645467945,desktop,1,0,63.18775235178376,6,0,1,0
United States,0.05,0.4099815502820058,desktop,0,0,195.72780671591607,18,1,1,1
United Kingdom,0.06,0.13309304333379465,mobile,0,0,79.45299557462002,11,0,1,0
Netherlands,0.08,0.2701717111090109,mobile,0,0,96.66313352551123,2,0,1,0
Netherlands,0.08,0.14112879236111123,tablet,1,0,57.126679248479775,6,0,0,1
Germany,0.05,0.36184951510256536,mobile,0,0,121.86625102995596,4,0,1,0
France,0.07,0.14529879940165963,desktop,0,0,83.17804387598406,1,0,1,0
Australia,0.06,0.3810091102329015,desktop,1,0,323.51846096357497,21,1,1,1
Netherlands,0.08,0.19543533139784003,desktop,0,0,63.190792196194835,21,1,0,1
Australia,0.06,0.028879239242642036,desktop,0,0,89.2339042027695,1,0,1,0
Canada,0.05,0.10169171753000684,mobile,0,0,86.37762327415037,12,0,1,0
Canada,0.05,0.16740300797553392,desktop,0,0,123.18100449865594,20,1,1,0
Canada,0.05,0.18904655008522708,desktop,0,0,92.6142046552213,14,0,1,0
Australia,0.06,0.35308711781009006,desktop,0,1,99.3648055822772,8,0,1,0
Netherlands,0.08,0.32368145345520205,desktop,0,0,61.24279002578118,2,0,1,0
France,0.07,0.2023440775653563,desktop,0,0,112.00831182605536,2,0,1,1
Germany,0.05,0.11707997871380572,mobile,0,0,47.15056745890615,21,0,1,0
Germany,0.05,0.04230166030545541,desktop,0,0,60.3062673915899,15,0,1,0
Japan,0.05,0.08945085743234199,tablet,0,0,81.32515834032597,20,0,1,0
Netherlands,0.08,0.08863914422222384,desktop,0,0,49.23244200034188,23,0,1,0
United States,0.05,0.09557264733739357,mobile,0,0,53.35070871960144,9,0,0,1
United States,0.05,0.12171358499896627,mobile,0,0,53.360042374923786,16,0,1,0
Australia,0.06,0.060378712514701394,mobile,0,0,84.14424373304001,4,0,0,1
United Kingdom,0.06,0.21049701374186022,mobile,0,0,69.71156110743166,16,0,1,0
Netherlands,0.08,0.027219153208103777,desktop,0,0,103.26579868035046,19,0,1,0
Germany,0.05,0.07988205245097525,desktop,0,1,142.33829953009223,12,0,0,1
United Kingdom,0.06,0.14690582601506827,mobile,0,0,81.01651783835719,13,0,1,0
India,0.18,0.054221671146282284,desktop,0,0,61.61976556407256,10,0,1,1
United Kingdom,0.06,0.03461863053578105,mobile,0,0,83.8405332739541,19,0,1,0
Germany,0.05,0.4612886183187437,mobile,0,0,421.4466967939962,12,0,1,0
United Kingdom,0.06,0.1988932326257602,desktop,0,0,72.07573951653303,11,0,1,0
United Kingdom,0.06,0.09908891257819329,desktop,0,0,174.47616144031107,9,0,1,0
United States,0.05,0.3329596204476619,mobile,0,0,68.64280470474834,21,0,0,0
United States,0.05,0.3353030419904087,mobile,0,0,81.93512526164089,2,0,1,0
United Kingdom,0.06,0.16364473074262492,mobile,0,1,69.64882993195049,17,0,1,0
United States,0.05,0.24338341879586356,mobile,0,0,63.85699936325262,10,0,1,1
Australia,0.06,0.08713569197078103,desktop,0,0,87.2097138027899,8,0,1,0
Japan,0.05,0.20702291648632123,desktop,0,0,47.237203211919066,10,0,1,0
Canada,0.05,0.2980360016487217,desktop,0,0,69.53529861721354,18,1,1,0
Germany,0.05,0.13794649158633618,desktop,0,0,45.827910050084284,8,0,1,0
France,0.07,0.45594940563623043,mobile,0,0,192.37639885013516,7,1,1,1
Nigeria,0.55,0.09115187565663764,mobile,1,0,104.11775747482575,23,0,1,1
Netherlands,0.08,0.11539098352665206,mobile,0,0,56.32508147579706,10,0,1,1
United States,0.05,0.10640857948781586,desktop,0,0,38.49232589961193,19,0,1,0
United Kingdom,0.06,0.12852974649403484,desktop,0,0,87.49914919344262,9,0,1,0
Germany,0.05,0.04479477814051619,desktop,0,0,72.58069974197781,23,1,1,0
Germany,0.05,0.1652354114128209,desktop,0,0,161.63157743155838,10,0,1,1
Australia,0.06,0.22734218111808124,desktop,0,0,120.3744380524047,8,0,1,0
Canada,0.05,0.11507217144564863,desktop,0,0,92.04726026057371,17,0,1,0
United States,0.05,0.47665861215739913,desktop,0,0,150.98185901818746,19,1,1,1
Canada,0.05,0.23070583943638573,desktop,0,0,67.25167499919502,5,0,1,0
France,0.07,0.017702285033827533,mobile,0,0,81.91958595725711,22,0,1,0
United States,0.05,0.16672490791432365,mobile,0,0,83.45115798698549,7,0,1,0
Netherlands,0.08,0.4621377209880846,desktop,0,0,272.3842316212473,21,1,0,1
United States,0.05,0.06777131851742406,mobile,0,0,45.72196383752969,12,0,1,0
India,0.18,0.027760642798298582,desktop,0,0,144.73137638179008,13,0,0,1
United States,0.05,0.45348680493276605,desktop,0,0,163.43271529649456,6,1,0,1
Netherlands,0.08,0.20325780248014202,mobile,1,1,85.4957205250876,3,0,1,1
Brazil,0.2,0.26746312902623515,desktop,1,0,54.59256520521621,3,0,1,1
Indonesia,0.3,0.02246041921225484,mobile,1,0,118.88647568193942,2,0,1,0
Netherlands,0.08,0.22241984205682572,desktop,0,0,106.06243000697356,16,0,1,0
Netherlands,0.08,0.11885023414275943,desktop,0,0,75.2763947148038,14,0,1,0
Australia,0.06,0.1677880908940437,desktop,0,0,79.32390139099718,14,0,1,1
Netherlands,0.08,0.40547914932569457,desktop,0,0,194.6822502791448,22,1,0,1
United Kingdom,0.06,0.11457622107557197,desktop,0,1,76.27646353398023,22,0,1,0
France,0.07,0.2510514148606811,desktop,0,1,89.59208201614179,11,0,1,0
France,0.07,0.2005313591061476,desktop,1,0,84.08305906336139,17,0,1,1
Netherlands,0.08,0.30736929595551277,desktop,0,0,69.2992487020016,1,1,1,1
France,0.07,0.06817302448293214,mobile,0,0,48.959699457272215,13,0,1,0
Canada,0.05,0.14455515872189487,mobile,0,0,73.04906665375397,10,0,1,0
Australia,0.06,0.02739777767082885,mobile,0,0,95.83144092216367,6,0,1,0
Germany,0.05,0.13564493150354495,mobile,0,1,93.24732541380996,9,0,1,0
United Kingdom,0.06,0.18380517585939618,mobile,1,1,116.6694779083561,4,0,1,0
France,0.07,0.20353553371363317,mobile,0,0,121.07157215511394,12,0,1,0
Canada,0.05,0.0972433874375824,mobile,0,0,94.2139762277651,12,0,1,0
Germany,0.05,0.17154210548260174,mobile,0,0,78.69698479220739,2,0,1,0
Canada,0.05,0.3143852628586186,mobile,0,0,83.11508746343532,11,0,0,1
Canada,0.05,0.10093902668937473,mobile,0,0,60.27814067692289,7,0,1,0
Canada,0.05,0.05198999643388192,tablet,0,0,97.48971878842579,9,0,1,0
Canada,0.05,0.08954336196326375,desktop,0,0,117.13019610440176,21,0,1,0
Japan,0.05,0.22331780812411495,tablet,0,0,106.1199111906507,10,0,1,0
Germany,0.05,0.09560759421115882,desktop,0,0,89.5436436773733,15,0,1,0
Russia,0.6,0.19015024284730625,desktop,0,0,67.74638643737809,5,0,1,0
Brazil,0.2,0.14236505775037245,desktop,0,0,65.06649786165386,23,0,1,1
France,0.07,0.3146781007792227,mobile,0,0,69.69128726280873,10,0,1,0
Canada,0.05,0.17932033507662576,desktop,1,0,57.07929698718147,7,0,0,1
France,0.07,0.2674671855484798,desktop,0,0,81.13675209800437,0,0,1,0
Netherlands,0.08,0.4436335104684955,desktop,1,0,264.298508606859,20,1,0,1
Japan,0.05,0.06896387895394296,mobile,0,0,61.03356104933929,13,0,1,0
Netherlands,0.08,0.1528389099916854,desktop,0,0,75.4787259432326,3,0,1,1
France,0.07,0.19991184121002795,mobile,0,0,176.8991697207125,13,0,0,0
Australia,0.06,0.20539433379056332,mobile,0,0,73.81406013121504,6,0,1,0
Germany,0.05,0.15765562150082083,mobile,0,0,74.77223304252965,16,0,1,0
Japan,0.05,0.04179603855486876,mobile,0,0,55.051248233642504,4,0,1,0
United Kingdom,0.06,0.10998823596007835,desktop,0,0,134.5367820409244,17,0,1,0
Japan,0.05,0.26993770515587917,tablet,0,1,55.4406744513021,4,0,1,0
Netherlands,0.08,0.05981960376067723,mobile,0,0,150.1266819485258,16,0,1,0
United Kingdom,0.06,0.2634837336465002,desktop,0,0,56.88434637417181,6,0,1,0
Australia,0.06,0.21486125759435476,desktop,0,0,102.47007115917295,19,0,0,0
United States,0.05,0.11946733443044527,desktop,1,0,72.25170061240165,12,1,0,1
Japan,0.05,0.17308518582217763,mobile,0,0,60.5317419418394,3,0,1,0
United States,0.05,0.15510963215020956,mobile,1,0,104.93660744750453,20,0,1,0
Russia,0.6,0.2230311338383352,mobile,0,1,117.32817950133324,21,0,1,1
United Kingdom,0.06,0.060666391779312136,tablet,0,0,69.06614803410638,7,0,1,0
Romania,0.4,0.19494783755181122,mobile,0,1,73.07856758483683,9,0,0,1
Netherlands,0.08,0.1948038975257989,desktop,0,0,63.78940893597774,0,0,1,0
Australia,0.06,0.2057062404650912,desktop,0,0,79.71195214594955,16,0,1,0
Netherlands,0.08,0.13255436648713995,desktop,0,0,50.24284746147877,10,0,1,1
Netherlands,0.08,0.17591610401527014,desktop,0,0,28.71200897066798,2,0,1,0
Russia,0.6,0.13460901081409077,desktop,1,0,38.298860458305384,15,0,0,1
Germany,0.05,0.3858514192447354,desktop,0,0,375.9653408180033,5,1,1,1
Australia,0.06,0.18815414753406878,mobile,0,0,50.68050037972793,5,0,1,0
United States,0.05,0.1911436619444474,desktop,0,0,70.72814957366786,22,0,0,1
Australia,0.06,0.284266638399585,mobile,0,0,61.598152515537556,17,0,0,1
United Kingdom,0.06,0.09334513926626765,tablet,0,0,57.55671627847178,3,0,1,0
Australia,0.06,0.114646938300668,desktop,0,0,58.72728657002189,13,0,1,0
Australia,0.06,0.15438020644101152,desktop,0,0,103.39134234983538,11,0,1,0
France,0.07,0.4117070145550663,desktop,0,0,277.23879482049836,3,0,1,1
France,0.07,0.20552791185840863,mobile,0,0,127.45104672144994,2,0,1,0
Netherlands,0.08,0.136323671702601,mobile,0,0,76.41210439057237,20,0,1,0
Netherlands,0.08,0.10496954675269894,desktop,0,0,37.77008220687292,2,0,1,0
France,0.07,0.1113491234843976,mobile,0,0,51.14524153356957,14,0,1,0
Australia,0.06,0.07813337589805848,mobile,0,0,76.73013563763618,23,0,1,0
India,0.18,0.19553066940042244,desktop,1,0,80.2135438381315,9,0,1,0
United Kingdom,0.06,0.1647800671878261,mobile,0,0,60.033550827081484,15,0,1,0
United Kingdom,0.06,0.03938880716433278,desktop,0,0,55.784232228223345,10,0,1,0
United States,0.05,0.4220077716596756,desktop,0,0,357.99781120955265,15,1,1,0
Japan,0.05,0.17220117558289644,tablet,1,0,70.06613517310736,6,0,1,0
Canada,0.05,0.3388565986081071,desktop,0,0,72.44628658996955,6,0,1,0
Netherlands,0.08,0.0953701728729154,mobile,0,0,50.18636042654415,13,0,1,0
Japan,0.05,0.2609983398201365,mobile,0,0,80.3336693519281,3,0,1,0
Canada,0.05,0.01826330295520242,desktop,1,0,80.07468017241015,13,0,1,0
Vietnam,0.35,0.2669222256968909,mobile,1,0,70.91755106899339,14,0,0,1
Netherlands,0.08,0.2575632946727799,desktop,0,0,57.86732644938878,23,0,1,0
Germany,0.05,0.09935491287758814,desktop,0,0,93.22821096165819,5,0,1,0
Canada,0.05,0.07862676488211007,desktop,1,0,117.12800503121126,2,0,1,0
Germany,0.05,0.15492306645355453,mobile,0,0,62.998852812155086,6,0,1,0
United Kingdom,0.06,0.21787657182603612,tablet,0,0,59.14704938194212,19,0,1,0
United Kingdom,0.06,0.09934073835350761,desktop,1,0,86.75354616290271,10,0,1,0
Russia,0.6,0.017001739526321863,desktop,0,0,48.92533794009146,3,1,0,1
France,0.07,0.09669315633276968,tablet,0,0,47.143804190753045,5,0,0,0
Canada,0.05,0.1396593276146094,mobile,0,0,58.72733141534846,19,0,1,0
Japan,0.05,0.16523068046192702,desktop,0,0,82.131310088079,22,1,1,0
Australia,0.06,0.22229745985376093,desktop,0,0,54.15472520185395,3,0,1,0
Russia,0.6,0.300040147940008,desktop,1,0,73.21765121248197,13,0,1,1
Netherlands,0.08,0.4999905545602371,desktop,1,1,128.04087261042108,23,0,0,1
France,0.07,0.16948191437989069,desktop,1,0,91.45776856435111,1,0,1,0
Canada,0.05,0.27776372496180907,mobile,0,0,122.01691379460638,3,1,1,0
Pakistan,0.45,0.056335095595953774,mobile,1,0,53.59980770584387,11,0,1,1
Japan,0.05,0.04742616459615094,desktop,0,0,86.0936840189839,1,0,1,1
Romania,0.4,0.3270586509600565,mobile,0,0,68.52373588548501,13,0,1,0
United Kingdom,0.06,0.08993276281415719,desktop,1,0,76.48991235921196,16,0,1,1
Netherlands,0.08,0.30248156497974343,mobile,1,0,67.62228397967432,8,0,1,1
Australia,0.06,0.006719853489597609,desktop,0,1,66.27239639835317,22,0,1,0
United Kingdom,0.06,0.38472902705051365,desktop,0,0,216.75390187306567,20,1,1,1
Australia,0.06,0.036631434134467594,desktop,0,0,50.27433617144749,17,0,0,1
Japan,0.05,0.3528176699396177,desktop,0,0,108.28708316529708,12,0,1,1
United States,0.05,0.10924180509990895,mobile,0,0,40.94908573737288,2,0,1,1
France,0.07,0.26297736376996633,mobile,0,0,73.21939113247453,5,0,1,0
Netherlands,0.08,0.17308826239408706,desktop,0,1,72.06425871178573,23,0,1,0
Germany,0.05,0.15811043634085856,desktop,0,0,72.49924011013042,12,0,1,0
France,0.07,0.11528204055925644,mobile,0,0,93.00966253076813,10,0,1,0
France,0.07,0.24457519013603157,mobile,0,0,64.73108569441233,17,0,1,0
Germany,0.05,0.46131329685089734,mobile,0,0,331.14120143110756,5,1,1,1
Brazil,0.2,0.29935104973103926,mobile,0,0,147.68138411394563,7,0,0,1
Netherlands,0.08,0.10368853634272182,mobile,0,0,69.87625571998448,9,0,1,0
United Kingdom,0.06,0.23823847161193812,desktop,0,0,36.19089092510021,20,0,1,0
Pakistan,0.45,0.0636847088045305,mobile,0,0,70.1130368305925,11,0,1,0
Nigeria,0.55,0.07816316784976113,desktop,0,1,67.74404002509472,1,0,0,1
Germany,0.05,0.13284726999190577,mobile,0,0,84.83480539916047,11,0,1,0
Netherlands,0.08,0.12078017328279347,tablet,0,0,36.67428487508886,7,0,0,0
United States,0.05,0.1371220230246855,desktop,0,0,82.56402448430647,11,0,1,0
Pakistan,0.45,0.2008631154936017,desktop,0,0,63.5928547733926,22,0,1,1
Japan,0.05,0.2620389736239534,desktop,0,0,97.60781743156643,7,0,1,0
Australia,0.06,0.19105032856036447,tablet,0,1,61.469474360166856,6,0,1,0
United States,0.05,0.35035717953567846,desktop,0,0,99.86255598927073,11,0,1,0
Vietnam,0.35,0.495983214166909,mobile,0,0,220.00349807600247,1,1,0,1
United States,0.05,0.35646544494708016,desktop,0,0,74.159938374847,4,0,1,0
Germany,0.05,0.22966106442843612,desktop,0,0,52.44994367050358,1,0,1,0
United Kingdom,0.06,0.15264271663780055,desktop,0,0,62.125752134522656,21,0,1,0
Netherlands,0.08,0.42924164534189035,mobile,1,0,279.70513233611075,18,0,1,1
United Kingdom,0.06,0.19030417039968203,desktop,0,0,52.86019788960144,3,0,1,0
Brazil,0.2,0.25274309045971804,tablet,0,0,64.68902852092212,8,0,1,1
Japan,0.05,0.3589256467017074,mobile,0,0,49.38716013900145,2,0,1,0
United States,0.05,0.11373161125259824,tablet,0,0,66.19146974807525,18,0,1,0
United States,0.05,0.029779518379409214,desktop,0,0,69.93132590270818,3,0,1,0
United States,0.05,0.20348845825971534,desktop,0,0,56.99136014675723,15,0,1,0
Australia,0.06,0.24865978708880657,desktop,0,0,127.96131481766338,13,0,1,1
Netherlands,0.08,0.16896039709119903,desktop,0,0,110.42197652981702,18,0,1,0
Germany,0.05,0.5118407141554517,mobile,0,0,185.06480802829554,20,1,1,1
Netherlands,0.08,0.1682167950464768,desktop,0,0,98.08630460986903,22,0,1,0
United States,0.05,0.35470902356468526,tablet,0,0,62.30046014818597,7,0,1,0
Netherlands,0.08,0.19882381022321557,desktop,0,0,47.92997384522438,19,1,1,1
India,0.18,0.04046593097010479,desktop,0,0,57.32580833255028,4,0,1,1
Netherlands,0.08,0.03193310759742205,mobile,0,0,47.48491448513,3,0,1,0
Japan,0.05,0.3956173850216354,desktop,1,0,166.29946978665936,21,1,0,1
Netherlands,0.08,0.1944574534667622,desktop,0,0,54.231516596931215,21,0,1,0
United States,0.05,0.14051481524926898,tablet,1,0,115.68217574514284,16,0,1,0
United Kingdom,0.06,0.19428902222192165,desktop,0,0,77.4246633060211,8,0,1,0
United Kingdom,0.06,0.12203949898032869,mobile,0,0,63.991395153143955,9,0,1,0
France,0.07,0.31694524048212497,desktop,0,1,61.822410395088184,19,0,1,0
Japan,0.05,0.273155564920853,desktop,0,0,136.10475652166295,5,0,1,0
Australia,0.06,0.1145609069870552,desktop,0,0,73.96613157024682,12,0,1,0
Netherlands,0.08,0.24571070450966723,mobile,0,0,61.77396382604933,9,0,1,1
United Kingdom,0.06,0.37588160854743596,desktop,0,0,203.12362836273095,4,1,1,1
Japan,0.05,0.24121770012963248,desktop,0,0,90.46308005901174,13,0,1,0
United Kingdom,0.06,0.030183671951836077,desktop,0,0,52.15226434806995,16,0,1,0
Germany,0.05,0.19751570235713883,tablet,1,0,73.83524622835466,5,0,1,0
Japan,0.05,0.1105658446138801,desktop,0,0,39.1326720922332,16,0,1,0
Indonesia,0.3,0.38828694825305066,mobile,0,0,234.5104359537285,22,1,0,1
Australia,0.06,0.39791945881375806,desktop,0,0,141.127934844432,21,0,1,0
United States,0.05,0.36916018806316786,desktop,0,0,86.20711881548505,21,0,1,1
Australia,0.06,0.16696251371108659,desktop,1,0,51.944991436961935,9,0,1,1
United States,0.05,0.13103412836450937,desktop,0,0,56.91206459385401,16,0,1,0
Nigeria,0.55,0.44606471988587076,desktop,1,0,155.53189160706728,17,1,0,1
Japan,0.05,0.0245266016228754,desktop,0,0,114.16776101939591,23,0,1,0
United Kingdom,0.06,0.09873749897892303,mobile,1,0,76.11326812777689,12,0,1,0
United States,0.05,0.20813528436132364,desktop,0,0,60.622279262940125,20,0,1,0
United Kingdom,0.06,0.28659940829479424,desktop,1,0,103.5006955445579,13,0,1,1
Indonesia,0.3,0.1589923160226884,desktop,0,0,77.10605026862693,19,1,0,1
France,0.07,0.18948717918777855,desktop,1,0,78.45749795962882,8,0,1,0
Netherlands,0.08,0.048913590129473404,desktop,0,0,97.43640684831377,1,0,0,1
Australia,0.06,0.14415510135276705,desktop,0,0,71.25706426611612,8,0,1,0
Australia,0.06,0.4908573921600327,desktop,0,0,236.46600092556045,8,1,1,1
United Kingdom,0.06,0.4008545594164121,desktop,0,0,201.2628079017766,19,1,1,0
Russia,0.6,0.2821975242215911,desktop,0,0,108.77135925272282,16,0,1,0
Germany,0.05,0.06019587872889803,desktop,0,0,142.94153911197887,15,0,1,1
Australia,0.06,0.0992145633849688,desktop,0,0,48.10768804416215,4,0,1,0
Japan,0.05,0.09606852081855707,desktop,0,0,130.71737543481902,16,0,1,0
Australia,0.06,0.2183623923657822,desktop,1,0,64.81801295985,16,0,0,1
Russia,0.6,0.11417055965276783,desktop,0,0,74.22939526594207,22,0,1,0
United Kingdom,0.06,0.047377634294000055,desktop,0,0,133.61390125748915,6,0,1,0
France,0.07,0.18673016711225035,tablet,0,0,63.854283931690304,16,0,1,0
Canada,0.05,0.3937878040088802,desktop,0,0,158.1477515600238,1,0,1,1
France,0.07,0.05624168931905723,desktop,0,0,58.85189736169905,17,0,1,1
United Kingdom,0.06,0.2813146839117926,mobile,0,0,74.68322561018337,19,0,1,1
United Kingdom,0.06,0.1977616989576806,desktop,0,0,82.1968101489175,18,0,1,0
Germany,0.05,0.44373275055082073,desktop,0,0,237.9547854998412,10,1,1,0
Germany,0.05,0.0503576823769885,mobile,0,0,122.4406201246247,10,0,1,0
Canada,0.05,0.15961154262894736,desktop,0,0,56.73749835071487,0,0,1,0
Australia,0.06,0.2848874720485632,mobile,0,0,87.7453508744904,11,0,1,0
Australia,0.06,0.03368772215902804,desktop,0,0,74.3877197765162,17,0,1,0
Canada,0.05,0.07176356641876781,desktop,1,0,113.89794703350253,23,0,1,0
Canada,0.05,0.05216497023285636,desktop,0,0,55.624519748115105,2,0,1,0
Germany,0.05,0.027091191242366267,mobile,0,0,90.05193025233817,13,0,1,0
Australia,0.06,0.1990534526878072,desktop,0,0,171.97997719452547,5,0,0,0
Germany,0.05,0.05283546987785997,mobile,0,0,44.49758719527531,9,0,1,0
United States,0.05,0.03657720133845847,tablet,0,0,53.77425660563021,18,0,1,0
Canada,0.05,0.20121406609303433,tablet,0,1,152.8398180282494,1,1,0,1
France,0.07,0.1813851586550582,desktop,0,0,70.31900021364409,1,0,1,0
Germany,0.05,0.05785111592546569,mobile,0,0,76.68894620444622,5,0,1,0
Australia,0.06,0.3629387459435276,mobile,0,0,65.60862538959337,6,0,1,0
Australia,0.06,0.37736926162468215,mobile,0,0,317.685672091068,18,1,1,1
Japan,0.05,0.00524336357960405,tablet,0,0,41.89810016452422,6,0,1,0
Australia,0.06,0.2811491838245642,mobile,0,0,113.63161449853322,22,0,1,0
Japan,0.05,0.1736036286791477,mobile,0,0,43.942078121062664,23,0,1,0
Germany,0.05,0.030243803072632126,desktop,0,0,42.587802669876744,18,0,1,0
Netherlands,0.08,0.12224059321140096,desktop,0,0,50.37825153780537,11,0,1,0
Australia,0.06,0.0699247702118482,mobile,0,0,70.47492957780608,19,0,1,0
Canada,0.05,0.21828210995445027,mobile,0,0,57.396794978994095,3,0,0,1
Australia,0.06,0.17465741679037577,mobile,1,0,56.217721526381716,21,0,1,0
Canada,0.05,0.08032314145487122,desktop,1,0,53.26847170879557,8,0,1,1
France,0.07,0.1918149690445134,desktop,0,0,53.591908900097714,10,0,1,0
Japan,0.05,0.18852763491961355,tablet,0,0,53.170571917765685,21,0,1,0
Vietnam,0.35,0.05964494336185471,desktop,1,0,80.01399036518936,3,0,1,0
India,0.18,0.3003932307046432,mobile,0,0,58.9938478976088,2,0,1,0
France,0.07,0.1340575501537098,mobile,0,0,28.996653085697364,14,0,1,0
France,0.07,0.1577789805435207,desktop,1,0,72.74407528378748,23,0,1,1
Netherlands,0.08,0.341381664915017,desktop,0,0,95.80320691603409,21,0,0,1
Germany,0.05,0.4250208777271597,desktop,1,0,223.94607708617585,23,1,1,1
Netherlands,0.08,0.2645776670369348,mobile,0,0,47.40480066734315,10,0,1,1
France,0.07,0.10829287917984456,desktop,0,0,95.6562986197769,14,0,1,0
United Kingdom,0.06,0.3957481996434681,tablet,0,0,211.2905968053254,19,1,0,1
United States,0.05,0.04727725226820829,mobile,0,0,65.8637569329233,4,0,1,0
Netherlands,0.08,0.04479038991313315,desktop,0,0,73.13808072795719,21,0,1,0
United States,0.05,0.033262231903701825,desktop,0,1,107.52304248054047,20,0,1,0
Germany,0.05,0.07643848323209929,desktop,0,0,90.2160385724726,1,0,1,0
Canada,0.05,0.2393537152762447,desktop,0,0,80.11412590298642,11,0,1,0
United Kingdom,0.06,0.32697384420108627,desktop,0,0,102.07506288243775,10,0,1,0
Germany,0.05,0.11552971447216803,desktop,0,0,49.14126263003451,19,0,1,0
Japan,0.05,0.3822818890855369,tablet,1,0,223.4127375911823,10,1,0,0
United States,0.05,0.02012589209732925,mobile,1,1,25.209911843995528,22,0,0,1
Netherlands,0.08,0.26113614656799866,mobile,0,0,121.47630824171861,10,0,1,1
Netherlands,0.08,0.08366258188125578,mobile,0,1,54.90257292145387,11,0,1,1
Canada,0.05,0.1604358629481817,mobile,0,0,84.18886862887753,6,0,1,0
United Kingdom,0.06,0.19058480227986804,mobile,0,0,122.35934911793946,20,0,1,0
Australia,0.06,0.19217579735945728,desktop,0,0,89.68742776139847,11,0,1,0
United Kingdom,0.06,0.22318472418239815,mobile,1,0,83.96050602977753,11,0,1,1
Canada,0.05,0.07189019028337092,mobile,0,0,99.80463907208333,17,0,1,0
Romania,0.4,0.18451700326002135,tablet,0,0,43.904689114799176,18,0,1,0
Pakistan,0.45,0.08508361119373364,desktop,0,0,46.27115476525378,16,0,1,0
Netherlands,0.08,0.050621371640171935,mobile,0,1,81.04260793437015,3,0,0,1
Germany,0.05,0.20637165417927356,desktop,0,0,68.77479125942054,22,0,0,1
Japan,0.05,0.16638307424517465,desktop,0,0,66.056902885299,19,0,1,0
Japan,0.05,0.02197130060343645,desktop,0,0,113.67801534880614,17,0,1,0
Canada,0.05,0.048829110216704344,desktop,0,0,110.27953322068589,13,0,1,1
Australia,0.06,0.030561192940115903,desktop,0,0,53.39636688329415,18,0,1,0
United States,0.05,0.4191623999166042,desktop,0,0,196.70669859390006,16,1,0,1
United Kingdom,0.06,0.04024889835592462,desktop,0,0,42.62698897863648,6,0,1,0
France,0.07,0.19445832240021788,mobile,0,0,42.269634923399266,11,0,1,0
United Kingdom,0.06,0.16999386138193184,mobile,0,0,53.92010539398757,0,1,1,1
United Kingdom,0.06,0.34943062326160856,mobile,0,1,72.34599362725008,0,0,1,0
Netherlands,0.08,0.020387524910747634,mobile,0,0,58.64074223981076,12,0,1,0
Pakistan,0.45,0.3918915353650345,tablet,1,0,189.37826993429593,18,0,0,1
Australia,0.06,0.3058944733289595,desktop,1,1,73.30534806088673,18,0,1,1
Netherlands,0.08,0.24584905209885674,desktop,0,0,108.84568620887411,19,0,1,0
Pakistan,0.45,0.2397380952123953,desktop,0,1,89.20824534721146,9,0,0,1
United Kingdom,0.06,0.2455115750784554,desktop,0,1,51.23968981020758,12,0,1,0
France,0.07,0.05486128440668664,mobile,0,0,101.0099067899227,19,0,1,0
Canada,0.05,0.14947830547548566,desktop,0,0,54.50629220398246,0,0,1,0
United States,0.05,0.30989812709167913,tablet,0,0,85.11594737268149,14,0,1,0
Japan,0.05,0.2661893760000692,desktop,0,0,62.03501751790928,9,0,1,0
Canada,0.05,0.19961722026888945,desktop,0,0,117.14683527916914,7,0,0,0
France,0.07,0.10677698509703046,desktop,0,0,95.19380126276133,13,0,1,0
United Kingdom,0.06,0.1313133894688072,desktop,0,0,57.83434724362173,8,0,0,1
United Kingdom,0.06,0.03490835431572881,tablet,0,0,64.38592870418525,14,0,1,0
Brazil,0.2,0.22986886216055125,mobile,0,0,231.42588309589578,16,0,1,1
United States,0.05,0.057958826573666536,desktop,0,0,47.40211577503071,12,0,1,0
Germany,0.05,0.09567825981973471,mobile,0,0,57.284536888874285,13,0,1,0
Germany,0.05,0.013841929208105187,desktop,0,0,58.27332061150555,9,0,1,0
France,0.07,0.05979919936446711,desktop,0,0,49.12527176855684,1,0,1,0
Australia,0.06,0.09386277226308133,desktop,0,0,50.965617454828234,8,0,1,0
France,0.07,0.04139351805966329,desktop,0,0,70.94941426905059,13,0,1,1
United States,0.05,0.38347627022845043,mobile,0,0,208.0468484692463,8,1,1,0
Germany,0.05,0.018091552283177683,mobile,0,0,42.19911484942329,1,0,1,0
Netherlands,0.08,0.09915447954317043,desktop,0,0,61.83663817406803,12,0,1,1
Australia,0.06,0.05226179823592854,mobile,0,0,55.62342858757346,13,0,1,0
Australia,0.06,0.16976137057099774,mobile,0,0,48.92704026121048,21,1,0,1
Japan,0.05,0.24635397196497427,desktop,0,0,104.4308893108855,22,0,1,0
Netherlands,0.08,0.16922187125763768,desktop,0,0,56.387354263779166,13,0,1,0
United States,0.05,0.27511931937390327,desktop,0,1,45.62872693809898,2,0,1,1
Canada,0.05,0.43932375397848317,desktop,0,0,412.6386086099343,18,1,1,1
France,0.07,0.2905572874270398,desktop,0,0,114.1980500384189,11,0,1,0
Canada,0.05,0.023993131943656387,desktop,0,0,80.09228991014066,14,0,1,0
Netherlands,0.08,0.2738976894573466,desktop,0,0,53.021778786313455,18,0,1,0
France,0.07,0.10386846132204411,mobile,0,1,66.87450776652466,15,0,1,0
Netherlands,0.08,0.2972109529952441,desktop,0,1,58.60015285279974,10,0,1,0
Netherlands,0.08,0.13433818354000188,tablet,0,0,72.4366979389709,20,0,1,0
France,0.07,0.23807163268454454,desktop,0,0,94.68622556818727,8,0,1,0
Brazil,0.2,0.36688034416527704,desktop,0,0,73.05191112093726,15,0,1,0
Australia,0.06,0.21462127704278733,mobile,0,0,73.60885815840045,13,0,1,0
Netherlands,0.08,0.3170356512703169,desktop,0,0,61.58512992298918,19,0,1,0
Canada,0.05,0.05298711177717698,tablet,0,0,93.0096073735568,20,0,1,0
France,0.07,0.16156566051934135,desktop,0,1,83.83915356761125,5,0,1,0
France,0.07,0.07973556052700626,desktop,0,0,38.730746704031915,20,0,0,1
United States,0.05,0.13957783459808915,mobile,0,0,39.50709052026977,14,0,0,0
Canada,0.05,0.06910622301628888,mobile,0,0,65.62286469146386,6,0,1,0
Brazil,0.2,0.42259191102614135,mobile,1,0,384.09971178654956,14,1,1,1
Australia,0.06,0.05118846265204696,mobile,0,0,110.86649739352741,23,0,1,0
United Kingdom,0.06,0.31159222168318934,desktop,0,0,96.25799864629379,14,0,1,1
Canada,0.05,0.2156940668973804,mobile,0,0,69.91402866537918,3,1,0,1
United Kingdom,0.06,0.1749107150196251,mobile,1,0,123.06537075697702,11,0,1,0
United States,0.05,0.3359812528957177,mobile,0,0,57.23276848839501,5,0,1,0
India,0.18,0.21491789128981353,desktop,1,0,65.40784206165772,6,0,1,0
France,0.07,0.2779656035222051,tablet,0,1,44.82084046520747,16,0,1,1
Germany,0.05,0.4335730133430589,mobile,0,0,217.97346919863875,2,0,0,1
Australia,0.06,0.11641822888210926,desktop,0,0,54.51073209564158,20,1,1,0
United States,0.05,0.23654932334087309,desktop,1,0,126.2488284255881,21,0,1,0
Germany,0.05,0.028730848213543346,mobile,0,0,117.84264340373308,4,0,0,0
Japan,0.05,0.11278519743143306,tablet,0,0,75.35029840323773,7,0,1,0
Australia,0.06,0.1080570874494837,desktop,1,0,86.7847552582422,7,0,1,0
Indonesia,0.3,0.4419578056989698,mobile,1,0,144.71059099042134,1,0,1,0
Australia,0.06,0.2406011519832721,desktop,0,0,30.331053107168774,1,1,1,1
France,0.07,0.09638603002473842,desktop,0,0,56.43770241013095,17,0,1,0
Netherlands,0.08,0.08246359282626378,mobile,0,0,95.754436463922,11,0,1,0
Brazil,0.2,0.17041612036221518,desktop,0,0,85.91469878311368,5,0,1,0
Japan,0.05,0.2621357101289764,desktop,0,0,64.24957647626984,12,1,1,0
Romania,0.4,0.07360775244044367,mobile,0,0,95.47131947237449,5,0,1,1
Netherlands,0.08,0.39075808164589254,desktop,1,0,154.6740378290683,14,0,1,1
Netherlands,0.08,0.043993851071958065,desktop,0,0,49.42398242538751,4,0,1,1
United Kingdom,0.06,0.029998063769798255,desktop,0,0,95.4743073017966,4,0,1,0
Japan,0.05,0.08333199654175003,desktop,0,0,59.493224042237024,20,0,1,0
France,0.07,0.4766356469309996,desktop,0,0,268.3600048488924,6,1,1,1
Australia,0.06,0.11359674338988472,desktop,0,0,36.62814501975769,6,0,1,0
Japan,0.05,0.15309180651725882,tablet,0,0,60.380112086445486,18,0,1,0
Indonesia,0.3,0.35009270306411805,mobile,0,0,90.83201084743499,9,0,1,0
Pakistan,0.45,0.16533047303115855,mobile,0,0,87.60628493229736,2,0,1,1
Germany,0.05,0.39557239964228463,desktop,0,0,196.64184554000462,18,0,1,0
Japan,0.05,0.07229420517601058,desktop,0,0,81.49670492618958,0,0,1,0
Japan,0.05,0.34132407962353084,mobile,0,0,77.40533310382273,10,0,1,0
Canada,0.05,0.21075675466201818,mobile,0,0,43.76512120825974,9,1,1,0
United Kingdom,0.06,0.0019091278392222826,mobile,0,0,64.89253396210819,15,1,1,1
United States,0.05,0.20298535539161372,desktop,1,0,79.80505427181761,13,1,1,0
Netherlands,0.08,0.10971413432550997,mobile,0,0,87.98588210960273,13,0,1,0
France,0.07,0.15832440789921587,desktop,0,1,72.03897818889529,21,0,1,0
Pakistan,0.45,0.07019559014385261,desktop,0,0,60.75283458600863,14,0,1,1
France,0.07,0.34831766053843877,mobile,0,0,46.19751469682999,0,0,1,0
Indonesia,0.3,0.46459396010895665,desktop,0,0,225.30441584759086,1,1,0,1
Canada,0.05,0.0724988247395894,desktop,0,0,92.29562191955861,8,0,0,1
Netherlands,0.08,0.28712260598225847,desktop,1,0,104.11872624659304,0,0,0,1
United States,0.05,0.13853436712218548,mobile,0,0,50.53015228556279,20,0,1,0
Australia,0.06,0.10309308265860741,mobile,0,0,76.9152562031147,18,0,1,0
Netherlands,0.08,0.19913576335166008,desktop,0,0,57.84151710607608,17,0,0,0
India,0.18,0.17917179915777154,tablet,0,0,74.90773225628719,16,0,1,0
Netherlands,0.08,0.13276317662678547,desktop,0,0,203.8392671732905,15,0,1,0
United States,0.05,0.35836243580804017,mobile,0,0,101.11678576722424,8,0,1,1
Canada,0.05,0.1982107113118162,mobile,0,0,56.57271765841081,0,0,1,0
United States,0.05,0.29408144061990504,tablet,0,0,67.46304968733729,2,0,1,1
United Kingdom,0.06,0.20590805384941194,mobile,0,0,64.92751137272813,11,0,1,1
Japan,0.05,0.10098085622686316,desktop,0,0,76.96631550566104,6,0,1,0
Japan,0.05,0.23192662543679582,desktop,1,1,43.233622671999,23,0,0,1
Netherlands,0.08,0.16712197954997832,mobile,0,0,82.54104914400895,19,0,1,0
Netherlands,0.08,0.4149178766665738,mobile,0,1,144.92469738649783,16,1,1,1
Japan,0.05,0.3216096608853755,mobile,0,0,41.040248275545515,9,0,1,0
Netherlands,0.08,0.527771601806369,mobile,0,0,290.8410995754308,19,1,0,1
United States,0.05,0.43526703567654745,desktop,0,0,307.56822560507567,9,1,1,1
Germany,0.05,0.10462192453099967,desktop,0,0,121.41154992768791,12,0,1,0
Australia,0.06,0.06821977527879751,desktop,0,0,55.50332078121115,17,0,1,0
Netherlands,0.08,0.03009432411364023,mobile,0,0,35.320820433374365,8,0,1,0
United States,0.05,0.08140558281935871,mobile,0,0,51.0222539444696,12,0,0,0
France,0.07,0.20594099821796624,mobile,0,0,188.8210787370192,7,0,1,0
Japan,0.05,0.18535758325506038,mobile,1,0,44.981953575053026,4,0,1,0
United States,0.05,0.047298388210976455,desktop,1,1,137.24535573268204,19,0,1,1
Canada,0.05,0.19135981644854294,desktop,0,0,83.16485621761011,23,0,1,1
Vietnam,0.35,0.19841408525483537,desktop,0,1,76.85667274653143,11,0,0,1
Japan,0.05,0.1791693368599978,desktop,0,0,56.71229454482042,1,0,1,0
Germany,0.05,0.08494353504497704,mobile,0,0,53.762464778665525,7,1,1,0
Netherlands,0.08,0.386621873828371,mobile,0,0,183.1008485637126,21,1,1,0
Canada,0.05,0.13478546992992005,tablet,0,0,116.95000055812201,15,0,1,0
Netherlands,0.08,0.1361046532668203,desktop,0,0,78.94108255841503,6,0,0,1
Germany,0.05,0.057839117879942205,mobile,0,0,95.47352813343956,23,0,1,0
Australia,0.06,0.5378215583756252,mobile,0,1,208.23542710174925,3,1,1,1
Canada,0.05,0.22143307104461582,desktop,0,1,157.6818888620581,10,0,0,0
Germany,0.05,0.10184645489477528,mobile,0,0,80.11838444474616,11,0,1,0
Vietnam,0.35,0.17549873697097254,tablet,0,0,150.1478169947612,3,0,1,1
United Kingdom,0.06,0.23974896458355247,desktop,0,0,52.57176090418446,4,0,0,0
United States,0.05,0.16483445657167442,mobile,0,0,72.54784355194171,15,0,1,0
Canada,0.05,0.2753492537773992,desktop,0,0,107.23507549028793,1,0,1,0
Japan,0.05,0.08321899880280956,desktop,0,0,77.45560755128376,9,0,1,0
Netherlands,0.08,0.10856448751236654,desktop,0,0,88.34131632303242,16,0,1,0
Pakistan,0.45,0.22034711581482688,desktop,0,0,52.34086455259758,14,0,1,0
Germany,0.05,0.40643680620057965,mobile,1,1,142.64156208958423,9,1,0,1
Canada,0.05,0.10914298551213752,desktop,0,0,54.251849381183206,23,0,1,0
United Kingdom,0.06,0.186573005167643,mobile,0,0,71.52631927936764,11,0,1,0
Australia,0.06,0.26284878428881464,mobile,0,0,68.99678833860162,10,0,1,0
Pakistan,0.45,0.14075234409090687,mobile,1,0,61.24214998909011,15,0,1,0
Japan,0.05,0.03647178773160322,desktop,0,0,91.95701448559218,7,0,1,0
Australia,0.06,0.6277172956258077,desktop,0,0,201.02970596488407,9,1,1,1
Canada,0.05,0.06755877725152491,desktop,0,0,34.73621560838611,23,0,1,0
Brazil,0.2,0.20529496316655593,desktop,0,0,60.337254952313884,5,0,1,0
France,0.07,0.08267899809363044,desktop,0,0,156.54462443924476,16,0,1,0
United Kingdom,0.06,0.15138613152542194,mobile,0,0,88.09927722298916,18,0,1,0
Canada,0.05,0.16666088354157033,mobile,0,0,54.80686824994817,7,0,1,0
United States,0.05,0.06930356019623196,desktop,0,0,86.12178491636591,7,0,1,0
United Kingdom,0.06,0.061785417688527015,desktop,1,0,70.31944038977257,7,0,1,0
United States,0.05,0.10678118975108164,mobile,0,0,84.40859510788756,10,0,1,0
France,0.07,0.1505888764475352,tablet,0,0,100.30912596685526,14,0,1,0
Australia,0.06,0.3392832497807008,mobile,0,0,78.86438293418169,18,0,1,1
Canada,0.05,0.07069244431790803,mobile,0,1,76.87585040923791,8,0,1,0
Canada,0.05,0.13794324403414013,mobile,0,0,123.99926102935258,11,0,1,0
Romania,0.4,0.11091746928032736,desktop,1,0,89.02200371054269,18,0,1,1
Japan,0.05,0.18395343080095325,mobile,0,0,78.90096421727415,0,0,1,0
France,0.07,0.35351875031409363,desktop,0,1,74.79678529828347,4,0,1,0
Germany,0.05,0.2506931027466923,mobile,0,0,60.457192257773016,2,0,1,0
Vietnam,0.35,0.1198855295297959,desktop,0,0,47.65855983552535,4,0,1,0
Germany,0.05,0.2683656692553646,mobile,0,1,93.18993674461647,20,0,1,0
Germany,0.05,0.042214111621726086,mobile,0,0,115.21565540170111,5,0,1,0
Brazil,0.2,0.11709344988924167,mobile,0,0,85.60484654947898,23,0,1,0
France,0.07,0.2636359970024088,desktop,0,0,89.84418213866576,20,0,1,1
Japan,0.05,0.24034241751822666,mobile,0,0,54.028760472587976,9,0,1,0
Australia,0.06,0.12498597637858297,mobile,0,0,59.819511256895396,2,0,1,0
Japan,0.05,0.11609108079552057,mobile,0,0,47.05719631010153,5,0,1,0
Germany,0.05,0.036758735054243465,desktop,0,0,67.53651091184966,14,0,1,0
Germany,0.05,0.2080634339266489,desktop,0,0,103.97199090647919,11,1,0,1
Germany,0.05,0.04861926236287694,mobile,0,0,57.73714692900064,20,0,1,0
United Kingdom,0.06,0.07247031368912885,desktop,0,0,71.79882700570671,8,0,1,0
Nigeria,0.55,0.20359796905932556,mobile,0,1,94.24130873531574,4,0,1,1
Germany,0.05,0.5037395166988269,desktop,0,0,180.47720677578434,16,1,0,1
Australia,0.06,0.2128753614401789,mobile,0,1,41.41065854355126,22,0,0,0
Netherlands,0.08,0.17083019063052735,desktop,0,1,62.37469171156407,13,0,1,0
Netherlands,0.08,0.025388458251873063,mobile,0,0,56.917476532102995,17,0,1,0
France,0.07,0.10894878427186472,desktop,0,0,54.22568845737011,14,0,1,0
France,0.07,0.5512581903907897,desktop,0,0,149.40010383067286,5,1,1,1
Pakistan,0.45,0.16538290788771481,desktop,0,0,37.27716673544138,13,0,1,0
Japan,0.05,0.33355338146846436,mobile,0,0,64.8022218589893,23,0,0,1
Netherlands,0.08,0.19842559024021772,desktop,0,0,74.60845049251148,23,0,0,1
Brazil,0.2,0.20912313937910196,desktop,0,1,51.15719191671825,19,0,1,1
Netherlands,0.08,0.33857471982868087,desktop,0,0,62.265117179189176,12,1,1,0
United Kingdom,0.06,0.27501411219380756,mobile,0,0,74.20600522252137,1,0,1,0
Australia,0.06,0.006905678154776844,desktop,0,0,76.85622568230356,10,0,1,0
United States,0.05,0.0069656475639757985,mobile,0,0,41.59386834491145,19,0,1,0
Japan,0.05,0.1090686117381563,desktop,0,0,94.16885901012982,22,0,1,0
Romania,0.4,0.42055071803442884,desktop,1,0,293.3592050735862,13,1,1,1
France,0.07,0.2251433819570634,desktop,0,1,56.83468747650229,0,0,1,0
Canada,0.05,0.199081919919658,mobile,1,0,132.5926782513062,21,0,0,1
United States,0.05,0.12344287292686798,desktop,0,0,86.44776999116698,20,1,1,0
Romania,0.4,0.06857265004857677,tablet,0,0,82.18276191543211,14,0,1,0
United States,0.05,0.04952518839364594,desktop,0,0,93.60395138777126,9,1,0,1
United States,0.05,0.5576465718544678,mobile,0,0,402.9132949152205,19,1,1,1
Germany,0.05,0.1362668231349456,desktop,0,0,65.12426327569788,7,0,1,1
United States,0.05,0.07572264507792603,desktop,0,0,91.48363856771634,19,0,0,1
France,0.07,0.1415480251303167,mobile,0,0,55.744309215360396,7,0,1,0
France,0.07,0.37440460674413256,mobile,0,0,65.14695988668944,19,0,1,0
Germany,0.05,0.31966532813530957,mobile,1,0,90.95435622704933,16,0,1,1
United States,0.05,0.444151525379685,mobile,0,0,179.00977130855756,1,0,1,0
United Kingdom,0.06,0.134357574907767,desktop,0,0,74.24167504717758,0,0,1,0
Canada,0.05,0.2829130794392489,tablet,0,0,75.33166577891865,15,0,1,0
United States,0.05,0.08737478759730714,desktop,1,0,69.3239007599356,10,0,1,0
Japan,0.05,0.23643280012427154,mobile,0,0,99.33236186049086,21,0,1,0
United Kingdom,0.06,0.040874688599913805,mobile,0,0,153.1659876550629,18,0,1,0
Germany,0.05,0.2778066109666183,desktop,1,0,81.64945426543672,22,0,1,1
Canada,0.05,0.575732611967409,mobile,0,0,220.24524398699418,4,0,1,0
Canada,0.05,0.0994499604699181,tablet,0,0,63.25363446954681,18,0,1,0
United States,0.05,0.04496360980408409,desktop,0,0,58.05849686617433,10,1,1,0
United Kingdom,0.06,0.6328213771766658,desktop,0,0,203.4897711476629,7,1,0,1
Netherlands,0.08,0.3438278688250354,mobile,0,0,53.44107356807267,9,0,1,0
United States,0.05,0.190355972966703,desktop,0,0,66.5040378847063,20,0,1,0
France,0.07,0.4324672776965886,desktop,0,0,270.3088068083944,12,1,1,1
France,0.07,0.3414757880950527,mobile,0,0,104.69248265648848,0,0,1,1
Canada,0.05,0.12380511158279815,tablet,0,0,61.659148676072746,11,0,1,0
Canada,0.05,0.06559815259024807,desktop,0,0,65.80045178353731,18,0,1,0
Netherlands,0.08,0.3449284629936746,tablet,0,0,73.64707406590502,18,0,1,0
Netherlands,0.08,0.05515618207596768,desktop,0,0,79.99251855222788,11,0,1,0
Germany,0.05,0.09581360347554768,desktop,0,0,90.49984204647838,19,0,1,0
Germany,0.05,0.4953914161583861,desktop,0,0,366.6481660520774,21,1,1,1
Germany,0.05,0.07884715920873053,desktop,0,0,68.70704397836998,1,0,1,0
France,0.07,0.1860479465578816,mobile,0,0,118.40847104420267,12,0,1,1
Japan,0.05,0.45455576083505583,desktop,0,0,180.6227322665383,21,1,1,1
Germany,0.05,0.023658982297697428,desktop,1,0,60.27307249859311,10,1,1,0
Canada,0.05,0.3949375843455208,mobile,0,0,256.0242675997205,23,0,1,0
India,0.18,0.023287467674679763,mobile,0,0,75.7434604525946,20,0,1,1
United States,0.05,0.12464354887463729,mobile,0,1,42.97817272416113,4,0,1,1
France,0.07,0.04460598868054673,mobile,0,0,63.09945001397237,7,0,1,0
Japan,0.05,0.17059184653252904,tablet,0,0,85.36938927479213,9,0,1,0
United Kingdom,0.06,0.14686024954002783,mobile,0,0,148.64702624404856,11,0,1,0
United States,0.05,0.040469498426601594,tablet,0,0,61.245481107094555,16,0,1,0
United Kingdom,0.06,0.2217820320356052,tablet,0,0,96.32305904339837,20,0,1,0
India,0.18,0.05217082276523297,mobile,0,0,78.47045396631842,13,0,1,0
United States,0.05,0.2611205613763177,desktop,0,0,110.60931437198629,0,0,1,0
United Kingdom,0.06,0.08386716911075504,desktop,0,0,59.347047267715254,20,1,1,0
United States,0.05,0.2408130434168711,desktop,0,0,108.43116109844307,8,0,1,0
United Kingdom,0.06,0.029593552298441107,desktop,0,0,120.38866132796262,8,0,1,1
Australia,0.06,0.15932577795022462,mobile,0,0,122.19444642189934,19,0,1,0
Germany,0.05,0.0861898663892998,desktop,0,0,121.46094130375396,19,0,1,0
Australia,0.06,0.11349204580367342,mobile,0,1,78.79138356591726,21,1,1,0
Australia,0.06,0.21996203736010767,mobile,0,0,90.44401372566132,21,0,1,0
Netherlands,0.08,0.05341300794020231,desktop,0,0,63.633984856604755,3,0,1,0
United States,0.05,0.009223975052989901,tablet,0,0,33.85119473305636,4,0,0,0
Netherlands,0.08,0.006631749046118128,mobile,0,0,80.60463150090402,10,0,1,0
Australia,0.06,0.14097858992507875,mobile,0,0,69.66176569181475,23,1,0,1
United Kingdom,0.06,0.3161870123002623,desktop,0,0,103.24163872690116,8,0,1,0
Netherlands,0.08,0.312150545811534,tablet,0,0,99.65277108631076,8,0,1,0
Netherlands,0.08,0.37233262009436724,desktop,0,0,50.81754824871432,23,0,1,0
Germany,0.05,0.1245745760797882,mobile,0,0,167.11876265509179,23,0,1,0
India,0.18,0.5378372806025007,desktop,0,0,241.43690566550208,13,1,1,1
France,0.07,0.439134669143442,desktop,0,0,239.2537249267465,14,0,1,1
Australia,0.06,0.4315828422514787,desktop,1,0,443.2549857554535,9,1,1,1
Pakistan,0.45,0.0835898438838605,mobile,1,0,34.390663405024085,19,0,0,1
Canada,0.05,0.37466181441947016,mobile,0,0,96.28148541940205,20,0,1,0
Netherlands,0.08,0.2155928707653477,mobile,0,0,61.28878285328898,6,0,1,0
Germany,0.05,0.11090895122713162,mobile,0,0,54.9192934530638,16,0,1,0
Netherlands,0.08,0.4326258067821592,desktop,0,0,198.25810137769264,12,1,1,0
Australia,0.06,0.05200992336204582,tablet,0,0,66.33954142078811,17,0,1,0
United Kingdom,0.06,0.05014829654592038,desktop,0,0,90.15044086894515,10,0,1,0
Canada,0.05,0.2592590298121936,tablet,0,0,41.44793164333608,14,0,1,0
Germany,0.05,0.0635682374509841,mobile,0,1,50.68195539324523,15,0,1,0
United States,0.05,0.1273650589767579,desktop,0,0,86.72670592484097,10,0,1,0
United States,0.05,0.11443413133530927,desktop,1,0,59.86386420449209,5,0,1,0
Canada,0.05,0.2860627808760148,mobile,0,1,90.35980577320346,2,0,0,1
United States,0.05,0.4891339551554865,tablet,0,0,167.2846905588873,23,1,1,1
United Kingdom,0.06,0.24950648415961568,mobile,0,0,127.89178621512677,15,0,1,0
Japan,0.05,0.1572238565970395,mobile,0,0,79.28385226141454,10,0,1,0
Japan,0.05,0.14829680392867284,tablet,0,0,113.20419728528616,9,0,1,1
Japan,0.05,0.15651618938409428,desktop,0,1,88.34210815059602,9,0,1,0
Germany,0.05,0.20577554244787932,desktop,0,0,90.23326547975638,10,0,1,0
Vietnam,0.35,0.032310357908888206,mobile,1,0,56.636457655206804,10,0,1,0
Australia,0.06,0.11667277355634886,desktop,0,0,110.89497119136604,22,0,1,0
United Kingdom,0.06,0.07030445163346169,mobile,0,0,79.4808564475256,10,0,1,0
United Kingdom,0.06,0.11785377800702904,desktop,0,0,52.78202857413747,17,0,1,1
Japan,0.05,0.22963550210964376,mobile,0,0,35.21608798843573,11,0,1,0
United Kingdom,0.06,0.2127401900034267,desktop,0,0,77.39939095122857,18,0,1,1
France,0.07,0.44825252284966494,mobile,0,1,241.0782926514927,0,0,0,1
Pakistan,0.45,0.2987246031564378,desktop,0,0,53.65091634485525,18,0,1,0
United States,0.05,0.010112607642466022,mobile,0,0,53.022563394503315,5,0,1,0
United States,0.05,0.2297321464291702,desktop,0,0,65.9771906015741,10,0,1,1
Pakistan,0.45,0.3907686260547831,mobile,1,0,234.33283489687977,15,1,1,1
Australia,0.06,0.2756136231084423,desktop,0,0,38.749749405101106,13,1,1,0
United Kingdom,0.06,0.3149392037286636,mobile,0,1,58.699854609489286,1,1,1,0
Vietnam,0.35,0.2788535613232432,mobile,0,0,51.83075545904741,13,0,1,0
Nigeria,0.55,0.34323489909096205,desktop,0,0,89.72374340373004,3,0,1,1
France,0.07,0.21708219169882617,desktop,0,0,70.10889084137807,5,0,1,0
Australia,0.06,0.21487009255630132,desktop,0,0,65.28074001300347,11,0,1,0
Germany,0.05,0.3051419278515588,mobile,1,0,69.19799157478141,15,0,1,0
United States,0.05,0.11348177979831654,desktop,0,0,96.99783261937485,12,0,1,0
Australia,0.06,0.09003467110308555,desktop,0,0,109.13228779562733,8,0,1,0
Germany,0.05,0.18376632594508283,desktop,0,0,105.49044418121422,2,0,1,0
Japan,0.05,0.13773435107996404,desktop,1,0,90.14254367142156,1,0,0,1
Netherlands,0.08,0.36091013855289567,desktop,0,0,119.62558874623043,10,0,1,0
United States,0.05,0.5010387915705169,desktop,0,0,218.0610182683307,23,0,1,0
Australia,0.06,0.07120612479485752,mobile,0,0,84.41018606305644,19,0,1,0
Germany,0.05,0.012334006705986982,mobile,0,1,167.67137174354207,9,0,1,0
Nigeria,0.55,0.07662098183960332,desktop,1,0,38.750416531543024,5,0,1,0
Germany,0.05,0.08840533201544518,tablet,0,0,61.130969531671056,8,0,1,0
Australia,0.06,0.46745160550458115,desktop,0,1,141.72830410357417,11,1,1,1
Australia,0.06,0.3822878730064318,mobile,0,0,246.54976582421378,15,1,0,1
Canada,0.05,0.06113074772944661,mobile,0,0,121.90488889747111,13,0,0,1
Japan,0.05,0.3582512506070506,desktop,0,0,88.9547176324885,10,0,1,0
Japan,0.05,0.11173132056196454,mobile,0,0,68.30198683283261,15,0,1,0
Australia,0.06,0.09622004566895763,desktop,0,0,89.20950539744544,23,0,1,0
Japan,0.05,0.09359444383733978,tablet,1,0,66.59292835036536,9,0,1,1
Indonesia,0.3,0.41105698012237635,mobile,0,0,237.7904668422663,1,1,1,1
Canada,0.05,0.13454815430365685,desktop,0,1,91.51603157038036,20,0,1,0
France,0.07,0.15815290086234746,desktop,0,0,136.1133292327085,19,0,1,0
United States,0.05,0.3265476197247667,mobile,0,0,86.25446818519214,14,0,1,0
Netherlands,0.08,0.0545771344739881,desktop,0,0,79.53470782195946,0,0,1,0
France,0.07,0.08121751138259493,desktop,1,0,150.26353234156093,21,0,1,0
Canada,0.05,0.032916079086468465,tablet,0,1,37.166647108964405,4,0,1,0
United States,0.05,0.08684021615558722,desktop,0,0,71.36406917112235,23,0,1,0
Vietnam,0.35,0.16531937633917998,desktop,0,0,56.85769273938195,4,0,1,0
Canada,0.05,0.1252235837636933,desktop,0,0,67.79963732043117,0,1,1,0
Japan,0.05,0.43394940150104766,mobile,0,0,322.94010018290646,8,1,1,1
United Kingdom,0.06,0.24682859192270204,mobile,1,0,103.87954470490855,11,0,1,0
Romania,0.4,0.017412251708665314,mobile,0,1,61.427621690014014,21,0,0,1
United Kingdom,0.06,0.06103745155931143,tablet,0,0,93.14860534893154,1,0,0,1
United Kingdom,0.06,0.3496084579742029,desktop,0,0,53.82964528936032,5,0,1,0
Netherlands,0.08,0.15652760489701026,desktop,0,0,47.079111392284744,15,0,1,0
Brazil,0.2,0.3394405615271928,desktop,1,0,75.55040061661992,12,0,1,1
United Kingdom,0.06,0.15979045159475408,desktop,0,0,68.2727833191414,20,0,1,0
France,0.07,0.24585032765688716,desktop,0,0,124.17437105753704,11,0,1,0
Japan,0.05,0.08854389076507284,desktop,0,0,155.23774141732397,14,0,1,0
Nigeria,0.55,0.23808851743584694,mobile,0,0,59.56138798077944,5,0,0,1
Canada,0.05,0.018949132452859577,desktop,0,0,39.09385417940838,9,0,1,0
France,0.07,0.38341114617347,tablet,0,0,259.3019809001179,11,0,1,0
Japan,0.05,0.2545673990515771,tablet,1,0,55.00948533678503,14,0,0,1
Japan,0.05,0.24914712683662865,desktop,0,0,79.24599681622036,20,0,1,0
Netherlands,0.08,0.06566769660109546,mobile,0,0,67.2611522559567,7,0,1,0
Australia,0.06,0.24214756759751402,mobile,0,0,47.442637534241015,16,0,1,0
United States,0.05,0.1505822991620212,desktop,0,0,137.7097636076918,4,0,0,0
Brazil,0.2,0.08493139956735761,mobile,0,0,92.94431923510986,9,0,1,0
Netherlands,0.08,0.22114100438160023,desktop,0,0,136.40887120287684,1,0,1,1
Netherlands,0.08,0.056389583896513884,desktop,0,1,39.23690369900012,6,0,1,1
United States,0.05,0.13385472745453067,mobile,0,0,115.05810157303065,19,0,1,0
United Kingdom,0.06,0.015715524135619913,mobile,0,0,69.95416434140034,12,0,1,0
Japan,0.05,0.3771280835434227,desktop,1,1,556.6928817061668,21,1,1,1
United States,0.05,0.1708063105267903,mobile,0,0,74.33005500831126,5,0,1,0
Indonesia,0.3,0.13587884711343973,tablet,0,0,57.69533271031913,10,0,1,0
Canada,0.05,0.23803965503700775,desktop,0,0,70.10203671847702,3,0,1,0
Japan,0.05,0.33783762131087425,desktop,0,0,102.64207080842141,6,0,1,0
Vietnam,0.35,0.06922049311717714,desktop,0,0,37.075122882100466,1,0,1,0
Canada,0.05,0.29782627415152424,tablet,0,0,124.46935094547219,5,0,1,0
Germany,0.05,0.06721667358356825,desktop,0,0,84.54946906262738,0,0,1,0
Australia,0.06,0.24608366399168596,desktop,0,0,70.91087886993864,16,0,1,1
Australia,0.06,0.036155730666358014,mobile,0,0,102.25449216509438,23,0,1,0
Canada,0.05,0.37685164398724724,desktop,0,0,272.65880523448186,1,1,0,1
Australia,0.06,0.06910064983388398,desktop,0,0,62.30435445206401,8,0,1,0
Russia,0.6,0.28516789384558244,mobile,1,0,56.232798035239334,21,0,1,1
France,0.07,0.09996878295101355,mobile,0,0,124.56684678130868,0,0,1,0
United Kingdom,0.06,0.46896271363971337,desktop,0,0,178.48225764611354,17,0,1,1
Canada,0.05,0.06429430968063997,tablet,0,0,68.79167144540837,13,0,1,0
Canada,0.05,0.09020234328001041,desktop,0,0,44.98611225208772,19,0,1,0
United Kingdom,0.06,0.1133241172774952,desktop,0,0,87.42013840386859,11,0,1,0
United Kingdom,0.06,0.06064114158471739,desktop,0,0,71.2385394470359,1,0,1,0
Japan,0.05,0.29347437847425545,desktop,1,0,47.59215209360345,13,1,0,1
Canada,0.05,0.08201882477666114,mobile,0,0,54.37206821692079,23,1,0,1
Romania,0.4,0.29504345373520846,desktop,0,0,74.85424360254852,12,0,0,1
Germany,0.05,0.15585633902050766,desktop,0,0,81.43267400300459,1,1,0,1
United States,0.05,0.11908502105356254,tablet,0,0,37.411958482884266,2,0,1,0
Japan,0.05,0.6047883269980969,desktop,1,1,207.17392640142188,11,1,1,1
Nigeria,0.55,0.03747791454707284,desktop,1,0,77.95708858840602,17,0,1,0
Germany,0.05,0.362326184568327,desktop,0,1,112.55459985151624,5,0,1,0
United Kingdom,0.06,0.09333048939634495,mobile,0,0,98.86360975364819,9,0,0,0
United Kingdom,0.06,0.09430179501968677,desktop,0,0,62.850828698513595,23,0,1,0
France,0.07,0.3332241469175851,desktop,0,0,104.55182150350062,23,0,1,1
France,0.07,0.05135081713863065,mobile,1,0,66.00474151237351,21,0,1,1
Germany,0.05,0.14694908723583752,desktop,0,0,24.708888207973516,14,0,1,0
United States,0.05,0.08056303794794403,mobile,1,0,122.03483588088999,21,0,1,1
France,0.07,0.3524430269871993,mobile,1,0,86.5030150073987,11,0,0,0
Romania,0.4,0.10122003177805113,mobile,0,0,78.71383280795352,23,0,1,1
Japan,0.05,0.06662278222463491,desktop,0,0,73.91225385470072,8,0,1,0
France,0.07,0.21178843981022416,tablet,0,0,81.93701399217964,21,0,1,1
United Kingdom,0.06,0.09967034776013463,desktop,0,0,73.88844636439809,12,0,1,0
Germany,0.05,0.35657985767637457,desktop,0,0,66.60704602962964,22,0,1,0
Germany,0.05,0.07710937918205761,mobile,0,0,58.639816019809956,11,0,1,0
Netherlands,0.08,0.005960504792514821,desktop,0,0,75.71173733129427,21,0,1,0
Nigeria,0.55,0.23110892432061617,desktop,1,0,54.13895904274978,12,0,1,1
Vietnam,0.35,0.12478819127780702,mobile,0,0,49.40911205658902,19,0,1,0
Pakistan,0.45,0.5006159485524296,desktop,0,0,522.6725063358635,23,1,1,1
Indonesia,0.3,0.07659709037411444,desktop,0,1,103.85529530804271,1,0,0,1
Romania,0.4,0.09250074196262165,desktop,0,0,55.77533047141238,9,0,1,1
United States,0.05,0.4154385308266822,desktop,0,1,186.21161763732863,0,0,1,0
United Kingdom,0.06,0.14722593354228855,mobile,0,0,40.709056585893364,6,0,1,0
Germany,0.05,0.21890652805237748,mobile,0,0,46.49471782318412,1,0,1,0
Australia,0.06,0.29897884019407867,desktop,0,0,47.11404993275758,10,1,0,1
United States,0.05,0.08894123452850553,desktop,0,1,103.64726153075773,8,0,0,0
Netherlands,0.08,0.2834865889468053,desktop,0,0,40.135867243980734,1,0,1,0
Australia,0.06,0.11026424861847035,desktop,0,0,86.54912965506921,9,0,1,0
France,0.07,0.18800691384331067,desktop,0,0,67.1667636679743,10,0,1,0
United Kingdom,0.06,0.3036116403097671,mobile,0,0,91.09072103700997,0,0,1,0
Germany,0.05,0.17183047597125334,desktop,0,0,110.84852787164787,22,0,1,0
United Kingdom,0.06,0.23115997406217123,mobile,0,0,72.93153137164958,7,0,1,0
Netherlands,0.08,0.2550578381270149,desktop,1,0,109.59661457043781,4,0,1,1
Australia,0.06,0.20466738727790626,desktop,0,0,126.77947074933435,1,0,1,0
Japan,0.05,0.11832059168210045,desktop,0,0,118.06331099991642,2,0,1,0
Germany,0.05,0.2463903995854994,desktop,0,0,58.24944183428681,16,0,1,0
Canada,0.05,0.1820574157866402,mobile,0,0,36.99178999389141,0,1,1,1
Canada,0.05,0.1704200455698608,mobile,0,0,70.54875647836367,2,1,1,1
Japan,0.05,0.2893260263084551,tablet,0,0,78.4480429381265,15,0,1,0
Netherlands,0.08,0.2996128107522289,desktop,1,1,37.200017016261185,8,0,1,1
United Kingdom,0.06,0.171297537748997,desktop,1,0,75.29242214183746,18,0,1,0
Russia,0.6,0.08996191181686862,mobile,0,0,29.950363267222272,16,0,1,0
United Kingdom,0.06,0.15586777669620264,mobile,1,0,126.5998310849908,16,0,0,1
Vietnam,0.35,0.3477602655606661,desktop,1,0,87.10350386444563,1,0,1,0
United States,0.05,0.2635652759411829,desktop,0,0,55.35194430940604,15,0,1,0
Germany,0.05,0.38538069912034023,desktop,1,0,238.15202299937363,21,1,1,1
Netherlands,0.08,0.5499599693496987,desktop,0,0,234.91518372612768,19,0,1,1
United Kingdom,0.06,0.20376121798419425,mobile,0,0,87.27116316518821,22,0,1,0
Canada,0.05,0.2256654223621329,desktop,0,0,75.511772997972,20,1,1,0
France,0.07,0.15248820877249744,tablet,0,0,102.5904254667516,22,0,1,0
Germany,0.05,0.5277931846520949,desktop,0,0,551.5421871536163,8,1,0,1
Japan,0.05,0.6408392151539815,mobile,0,0,235.86066063642352,6,1,1,1
Netherlands,0.08,0.18255710294931848,desktop,1,0,137.73487445781126,13,0,1,1
Nigeria,0.55,0.10797891159888738,mobile,0,0,65.16291289346563,4,0,1,1
Canada,0.05,0.056587183793763984,mobile,0,0,80.1969429553823,15,0,1,0
France,0.07,0.25866733292994887,desktop,0,0,52.02184632851511,23,0,0,1
Germany,0.05,0.16658929925035482,desktop,0,0,156.7891464442921,8,1,1,1
Germany,0.05,0.30083621239075314,desktop,0,0,81.43856897857574,8,0,1,0
United Kingdom,0.06,0.15207117064359946,desktop,0,0,47.43926608334057,15,0,1,0
Russia,0.6,0.16325642406555538,mobile,1,1,107.94571608945853,14,0,0,1
Vietnam,0.35,0.31116775293697546,mobile,0,0,50.62128926772063,15,0,0,1
Netherlands,0.08,0.2993155240418819,mobile,0,0,93.62799576633488,9,0,1,0
France,0.07,0.23759420247937518,desktop,0,0,105.68798043530147,0,0,1,1
France,0.07,0.48430930580588405,mobile,0,0,272.1694801776653,5,1,1,1
France,0.07,0.18789835132597918,mobile,0,1,79.70602342409518,2,0,1,0
France,0.07,0.1796993608190641,desktop,0,0,74.97059292423477,3,0,1,0
Canada,0.05,0.03873479495393577,mobile,0,0,36.255203379637514,17,0,1,0
United Kingdom,0.06,0.22531814351481233,desktop,0,0,62.81320670153226,2,0,1,0
United Kingdom,0.06,0.1486296627829848,desktop,0,0,57.3979355389075,1,0,1,0
Romania,0.4,0.06809362421705924,mobile,0,1,69.18167008877586,4,0,0,1
France,0.07,0.3348306701420434,desktop,0,0,61.43438309977057,12,0,1,0
Romania,0.4,0.2751008565361577,desktop,0,0,97.04480527418394,0,0,1,0
United Kingdom,0.06,0.635402925842829,desktop,0,0,250.18580057155668,1,0,1,1
Australia,0.06,0.4649892432236758,mobile,0,0,345.0179825748258,21,1,1,1
United Kingdom,0.06,0.009458509836072177,desktop,0,0,70.7791545544939,19,0,1,0
Germany,0.05,0.22567745043702706,desktop,0,0,59.266295040609876,5,0,1,0
United States,0.05,0.4588009108093433,desktop,0,0,240.60607152612073,13,1,1,1
United Kingdom,0.06,0.18292916673025394,desktop,0,0,79.96153766742869,18,0,1,0
Brazil,0.2,0.17989518426498735,desktop,0,0,119.07527599189939,4,0,1,0
Germany,0.05,0.2003897510002337,mobile,0,0,57.06589148292439,12,0,1,0
Australia,0.06,0.019814409093438998,mobile,0,0,74.93631146675914,20,0,1,0
France,0.07,0.271510093984229,mobile,0,0,87.29938984105276,1,0,1,0
Canada,0.05,0.09385209379490356,mobile,0,0,73.19046387777279,2,0,1,0
France,0.07,0.0230574103267331,desktop,0,0,39.802498396198686,20,0,1,0
United Kingdom,0.06,0.047453998501254945,desktop,0,1,87.15250638093032,21,0,1,0
Pakistan,0.45,0.16069677795117937,desktop,1,0,43.4998719259502,16,0,1,0
Netherlands,0.08,0.24917366699707588,desktop,0,0,43.7108540855039,23,0,1,0
Japan,0.05,0.039574465307258035,mobile,0,0,46.68182835645809,17,0,1,0
France,0.07,0.1778369290901394,desktop,0,1,69.64225384726453,15,0,1,0
United Kingdom,0.06,0.30919237815850037,mobile,0,0,52.60105294524235,0,0,1,0
India,0.18,0.042515844141739145,desktop,0,0,44.593819314349275,20,0,1,1
Canada,0.05,0.2698866011113158,desktop,0,0,84.18306708974265,7,0,1,0
United States,0.05,0.19517045352445261,tablet,0,0,73.0077548672029,19,0,1,0
Canada,0.05,0.14771309664200016,desktop,0,0,96.07990367837874,0,0,1,1
Netherlands,0.08,0.1075861611542439,desktop,0,0,57.09244703163178,10,0,1,0
Australia,0.06,0.10857781236912345,desktop,0,0,72.07802662614304,14,0,1,0
Japan,0.05,0.3854071677605033,desktop,0,0,354.28483793166424,2,1,1,1
Netherlands,0.08,0.23375494213374087,desktop,0,0,46.540538969361506,8,0,1,0
United Kingdom,0.06,0.49247479413431805,tablet,0,1,187.8255429815252,1,0,1,0
India,0.18,0.23842273443212292,mobile,0,0,104.3214197139014,11,0,1,1
France,0.07,0.048603000999598904,mobile,0,0,74.20609730547629,2,0,1,0
Australia,0.06,0.37027814209699844,mobile,1,0,69.91661635650433,5,0,1,1
United States,0.05,0.2588417480684865,desktop,0,1,72.71108293438893,12,0,1,0
Pakistan,0.45,0.46300540600715095,tablet,0,0,291.919073002066,10,1,0,1
Germany,0.05,0.20402964948759172,desktop,0,0,73.0815010269744,0,0,1,0
United States,0.05,0.464289003941608,desktop,0,0,332.39538320560195,19,1,1,1
France,0.07,0.09613971397964743,tablet,0,1,73.26913782668204,11,0,0,0
United Kingdom,0.06,0.09568827811592139,desktop,0,0,41.86392467232872,7,0,1,0
United Kingdom,0.06,0.2561995093253882,desktop,0,0,87.87496988572508,6,0,1,0
Australia,0.06,0.11255527739511806,mobile,1,0,55.290284996043994,2,0,0,1
Canada,0.05,0.3969126147009609,desktop,0,0,155.7253464718379,20,0,0,0
India,0.18,0.05774224761752801,desktop,0,0,39.994451705119616,18,0,1,0
Germany,0.05,0.049563204849396233,desktop,0,0,43.00992678991726,2,1,1,0
Japan,0.05,0.1269580275534899,mobile,0,0,33.305821524705145,21,0,1,0
France,0.07,0.12686557086872854,desktop,0,0,51.481645374514535,16,0,0,1
Japan,0.05,0.1767771311389365,desktop,0,0,63.299262563530846,16,0,1,0
Australia,0.06,0.38228567066361663,desktop,1,0,319.68332636518016,1,0,0,1
France,0.07,0.43418556469657743,desktop,0,0,612.5527615262508,6,0,1,1
Russia,0.6,0.35759264006179303,desktop,0,0,80.53757595122529,12,0,1,1
Canada,0.05,0.6346844964994077,desktop,0,0,252.3533057934771,16,0,1,0
United Kingdom,0.06,0.33304856503860636,desktop,1,0,27.16885173111803,8,0,0,0
Japan,0.05,0.13746345250557473,desktop,0,1,84.52801997576697,19,0,1,0
Netherlands,0.08,0.1330450390792939,desktop,1,0,82.28717536198002,13,0,1,0
United States,0.05,0.08314472321013092,desktop,0,0,98.32486654185837,20,0,1,0
France,0.07,0.15743006248670782,mobile,0,0,39.30285527345277,1,0,1,0
Vietnam,0.35,0.1552115147728457,desktop,0,1,60.285715754006816,6,0,1,1
Japan,0.05,0.0659009208384238,desktop,0,0,53.20516279427938,12,0,1,0
Pakistan,0.45,0.24554607963018393,desktop,0,0,46.95724836551254,18,0,1,1
France,0.07,0.24068940263919666,mobile,0,0,165.57541475049715,12,0,1,0
Japan,0.05,0.13718024354627445,desktop,0,0,60.45390925840396,6,0,1,0
Germany,0.05,0.1112241388363804,mobile,0,0,101.95495692189311,20,0,1,0
Russia,0.6,0.2765887828309397,mobile,1,0,94.34835409455442,0,0,0,1
Canada,0.05,0.023491813580495468,desktop,0,0,44.51959733255638,1,0,0,1
Japan,0.05,0.5866646703148589,desktop,0,0,122.31418459496513,8,1,0,1
Canada,0.05,0.26236956972409226,tablet,0,0,75.27101406234301,2,0,1,1
Australia,0.06,0.07399957279942466,desktop,0,0,84.64053755481947,7,0,1,0
Japan,0.05,0.05656790783501648,desktop,0,0,82.74353745542105,23,0,1,0
France,0.07,0.11185860194349964,desktop,0,0,136.12851057124698,10,0,1,0
Brazil,0.2,0.175373398281525,desktop,0,0,101.35623190866131,11,0,1,0
Canada,0.05,0.17940607059672367,mobile,0,0,92.75176780188394,9,0,1,0
Australia,0.06,0.1312128052102243,desktop,0,0,103.43068681835827,17,0,1,0
Canada,0.05,0.04155676045159093,desktop,0,0,118.3296927622671,9,0,1,0
Canada,0.05,0.27033282960973215,mobile,0,0,59.260516883004726,7,0,1,0
France,0.07,0.40108210758104546,tablet,0,1,209.61881947306682,0,0,1,0
United Kingdom,0.06,0.24332031972458257,desktop,0,0,59.601239703255814,15,1,1,0
United States,0.05,0.40126149034808156,mobile,0,0,263.1158629701099,19,1,1,1
Japan,0.05,0.07018449210293061,desktop,0,0,52.24572712276409,10,0,1,0
Japan,0.05,0.012431310481780939,mobile,0,0,76.31989711522519,7,0,1,0
Japan,0.05,0.36462029954603636,desktop,1,0,60.72121799732763,19,0,0,0
United States,0.05,0.5007668898251856,desktop,0,0,280.7579467851514,22,0,0,1
Canada,0.05,0.06831011679115054,tablet,0,0,81.9625270656957,10,0,1,0
United Kingdom,0.06,0.38269729390116203,mobile,0,0,290.71268546610804,4,1,1,0
Netherlands,0.08,0.13641582486383208,desktop,0,1,47.335686425672996,16,0,1,0
Netherlands,0.08,0.019895949271910497,tablet,0,0,54.20877067679771,14,0,1,0
Germany,0.05,0.07364557787142642,desktop,0,0,37.76978220901582,7,0,1,0
Japan,0.05,0.10719867228380253,mobile,0,0,89.91039655362046,19,0,1,0
United Kingdom,0.06,0.1565921786426706,mobile,0,0,144.42401614024425,4,0,0,0
Germany,0.05,0.13049236276688858,mobile,0,0,78.45940359961517,1,0,1,0
United Kingdom,0.06,0.026305495227842257,desktop,1,0,80.93879197749823,5,1,1,1
Germany,0.05,0.35977299495710885,mobile,0,1,61.187459534356364,17,0,0,1
Japan,0.05,0.11688098497886518,mobile,0,0,68.31998229487552,13,0,1,0
Brazil,0.2,0.09621267700803866,desktop,1,0,115.13780464080308,16,0,1,1
United Kingdom,0.06,0.09454896070742082,tablet,0,0,76.07828512636787,11,0,1,0
France,0.07,0.030564866195166834,desktop,0,0,92.18112428531616,2,0,1,0
Japan,0.05,0.38208391175349166,desktop,0,0,183.79713784767324,16,1,0,1
Romania,0.4,0.04454690305623964,mobile,1,0,108.32727073492858,16,0,0,0
Australia,0.06,0.14880664816549116,desktop,0,0,74.53854000990106,20,0,1,0
Germany,0.05,0.33112449129374366,mobile,0,0,76.48077893521803,3,0,1,1
Australia,0.06,0.041988283119689475,desktop,0,0,64.37900575579502,0,0,1,0
Germany,0.05,0.16928827715715047,desktop,0,0,87.7616423775862,7,0,1,0
Indonesia,0.3,0.2061035608375626,mobile,0,0,63.77344602172856,19,0,1,0
Canada,0.05,0.15666814996236342,mobile,0,0,83.30751217345636,2,0,1,0
Japan,0.05,0.18341691868882334,mobile,0,0,105.99604140807776,20,0,1,0
United States,0.05,0.07260302827463246,desktop,0,0,40.848052426994,22,0,1,0
Canada,0.05,0.13105926118357464,desktop,0,1,38.47015544885999,17,0,1,0
Nigeria,0.55,0.20570726711157958,mobile,1,0,72.55676000422736,23,0,1,1
Australia,0.06,0.2032247039333258,tablet,0,1,93.1392587407416,16,0,1,0
France,0.07,0.14025863309942294,mobile,0,0,81.48417201028515,2,0,1,0
Russia,0.6,0.17986321188528637,mobile,1,1,48.23962945446108,22,0,1,1
Netherlands,0.08,0.07244831891563994,desktop,0,0,100.97754380177753,19,0,1,0
Germany,0.05,0.1971167735994706,desktop,0,0,143.72497793718412,21,0,1,0
Australia,0.06,0.14439352273596257,desktop,0,0,54.37805250791992,2,1,1,1
France,0.07,0.620037361050753,desktop,1,0,152.53131269211076,8,1,1,1
Australia,0.06,0.04503953663145014,desktop,0,1,74.36370449734297,4,0,1,0
Canada,0.05,0.27773676893451865,mobile,0,0,70.52626810916126,15,0,1,1
Germany,0.05,0.2586958068434917,desktop,0,0,112.28916085514221,14,0,1,0
Brazil,0.2,0.015392220697287382,desktop,1,0,81.39034046911766,12,0,1,0
India,0.18,0.17477602486499508,mobile,0,0,66.5491152842942,3,0,1,0
Netherlands,0.08,0.34967280531078454,desktop,0,0,59.95578420392286,2,0,1,0
Indonesia,0.3,0.20107896110268214,mobile,0,0,43.17875109202681,23,0,1,1
Japan,0.05,0.4010185323110272,mobile,1,0,253.72225697850385,5,0,1,0
Netherlands,0.08,0.283036099793537,mobile,0,0,91.80581972878493,22,0,0,1
Netherlands,0.08,0.14776306511071322,mobile,0,0,71.40231947666966,12,0,1,0
France,0.07,0.12734156245045097,mobile,0,0,76.55871574576888,0,1,0,1
France,0.07,0.08887096743767695,desktop,0,1,70.97432973867043,10,0,1,0
Germany,0.05,0.12050594749046446,mobile,0,0,39.7281357600593,21,0,1,0
Australia,0.06,0.06921451039942336,mobile,0,0,44.81626602702342,13,0,1,0
Germany,0.05,0.038792545531302056,desktop,0,0,68.61516422197451,22,0,1,0
Germany,0.05,0.1897283266159919,mobile,0,0,68.20945259323327,19,1,0,1
Australia,0.06,0.07931585697983692,desktop,0,0,73.3876906506184,21,0,1,0
Canada,0.05,0.45179406263566074,mobile,0,0,340.6813395989858,19,0,1,0
Germany,0.05,0.1594233617238018,desktop,0,0,66.67174654071805,16,0,0,0
Netherlands,0.08,0.06400296395624083,mobile,0,0,56.43192909962351,6,0,1,0
Netherlands,0.08,0.3901825626095972,desktop,0,0,314.0638246949752,14,1,1,1
United Kingdom,0.06,0.18348319203554458,desktop,0,0,45.20019955624908,6,0,1,0
United States,0.05,0.22154612354692166,desktop,0,0,77.82386683604669,15,0,1,1
Canada,0.05,0.06268991146535662,mobile,0,0,57.18612758470561,14,0,1,0
Netherlands,0.08,0.045106325378036924,tablet,1,0,79.73979275476907,19,0,1,1
Netherlands,0.08,0.18949735730117054,desktop,1,1,69.19386704145082,9,0,1,1
United Kingdom,0.06,0.1648357137904838,desktop,0,0,70.13886874299615,7,0,1,0
Netherlands,0.08,0.03996983264870067,mobile,0,0,91.76932068002849,23,0,1,0
United Kingdom,0.06,0.26856304617081156,mobile,0,0,95.30056290405801,7,0,1,0
Canada,0.05,0.21095398818613748,desktop,1,0,150.1444155865641,15,0,1,0
Pakistan,0.45,0.44274780768737515,mobile,0,0,186.27389331750487,21,1,0,1
United Kingdom,0.06,0.3129785918320554,mobile,0,1,67.64404915176797,6,0,1,0
United Kingdom,0.06,0.24223792686924747,desktop,0,1,59.06162909195875,9,0,1,1
Canada,0.05,0.11981946670960986,desktop,0,0,83.21274558265183,2,0,1,0
Australia,0.06,0.21214976337184102,desktop,0,0,122.916200713827,4,0,1,0
India,0.18,0.5199549440415443,tablet,0,0,186.85465508347164,17,1,0,1
Indonesia,0.3,0.027263096189155324,mobile,0,0,57.43744584380077,2,0,1,0
United States,0.05,0.5425896068839909,desktop,0,0,270.068723738296,7,0,1,1
United Kingdom,0.06,0.12602222859480902,tablet,0,0,79.65500561533307,3,0,0,1
Netherlands,0.08,0.10485518097924608,desktop,0,0,106.39821088601704,4,0,1,0
Germany,0.05,0.35622966898663766,mobile,0,0,81.89951128491366,19,0,1,0
Nigeria,0.55,0.4634829885086122,mobile,0,0,250.0484260486645,6,1,1,1
Japan,0.05,0.47656291116437255,mobile,0,0,390.164639062648,11,1,0,1
United Kingdom,0.06,0.507826222249531,mobile,1,0,255.02020599141474,16,1,0,1
Netherlands,0.08,0.022647780533915248,desktop,0,0,45.29932207620457,22,0,1,0
United Kingdom,0.06,0.2568624352487028,desktop,0,0,76.04757506031275,15,0,1,0
Canada,0.05,0.21291359858215916,desktop,0,0,60.77812869221788,9,0,1,0
Australia,0.06,0.3159561635939681,mobile,0,0,59.53605759160066,2,0,1,0
France,0.07,0.159020476887658,desktop,0,0,90.36959656436326,10,0,1,0
Japan,0.05,0.2756626929262266,desktop,1,0,73.6167081089964,15,0,1,1
Japan,0.05,0.08208885037544199,desktop,0,0,31.890334066343296,0,0,1,0
Pakistan,0.45,0.29316281649726755,desktop,0,0,68.76904724636844,14,0,1,1
Pakistan,0.45,0.3620235931213686,desktop,1,0,64.33388182420421,0,0,1,1
France,0.07,0.07562067002158507,desktop,0,0,114.44576564636348,19,0,1,0
United States,0.05,0.1878122995750169,desktop,0,0,47.71090447018133,23,0,1,0
Japan,0.05,0.5309414012887939,desktop,0,0,278.6380435957935,2,1,0,1
Indonesia,0.3,0.11857617039087218,desktop,0,0,99.46959009506689,22,0,1,0
Germany,0.05,0.3311855052924698,tablet,0,0,66.8659437304246,6,0,1,0
France,0.07,0.11270731899951325,mobile,0,0,63.649786340721086,1,0,1,0
Canada,0.05,0.1532527817699615,mobile,0,0,58.945039537278895,19,0,1,0
United States,0.05,0.10177033682387268,tablet,0,0,82.41584812112058,7,0,1,0
Japan,0.05,0.2818553285747236,mobile,0,0,55.938361690337395,10,0,1,0
Canada,0.05,0.15740983950430745,mobile,0,0,70.73437594540135,23,0,1,0
Netherlands,0.08,0.2781757528810755,desktop,0,1,50.384830526688056,21,0,1,0
Netherlands,0.08,0.1456398115946192,desktop,0,0,94.58214487821718,12,0,1,0
Netherlands,0.08,0.14106576137762297,desktop,0,0,78.2036159077393,16,0,1,0
Canada,0.05,0.21669908840239738,mobile,0,0,62.56517555772375,6,0,1,0
Germany,0.05,0.06337313335762426,desktop,0,0,67.72038278372182,1,0,0,1
Japan,0.05,0.3349821159248277,desktop,0,0,57.82902727285938,16,1,1,0
Netherlands,0.08,0.04136659300019391,mobile,0,1,82.24090802622804,10,0,0,1
France,0.07,0.06449778380055324,desktop,0,0,47.49992487886895,22,0,1,0
Vietnam,0.35,0.2959483642977888,mobile,1,0,101.05689884467392,7,0,0,1
United Kingdom,0.06,0.25053273807906906,mobile,0,0,78.30829721074106,5,0,1,0
Nigeria,0.55,0.41327184057083655,desktop,0,0,436.9335425128202,18,1,0,1
United States,0.05,0.3998431621976666,desktop,0,0,213.63567199984072,12,1,1,0
United Kingdom,0.06,0.2741318401613879,desktop,1,0,84.43785089097975,3,0,1,0
France,0.07,0.16875365819370372,mobile,0,0,51.112540055084665,15,0,0,1
United States,0.05,0.2800403388216584,mobile,0,0,116.46375974037733,21,0,1,0
United States,0.05,0.12715194351903017,mobile,0,0,30.759736888613872,15,0,1,0
United States,0.05,0.4118341322294943,desktop,0,0,218.50929186014153,17,1,0,1
France,0.07,0.43332832056181086,desktop,0,0,255.7606902233524,3,1,1,1
Netherlands,0.08,0.11105999498252492,mobile,0,0,104.23958827361778,14,0,1,0
United States,0.05,0.1689282944312558,mobile,0,0,122.01534994358491,16,1,0,1
Japan,0.05,0.430569530519213,desktop,0,0,304.52662090037,13,0,1,0
Netherlands,0.08,0.11840284091099072,desktop,1,1,64.51110887938162,22,0,0,1
United Kingdom,0.06,0.23230310898242573,desktop,1,1,82.27938283595805,22,0,1,1
United Kingdom,0.06,0.2872264829691206,desktop,0,0,49.562048609620604,12,0,1,0
Netherlands,0.08,0.13662937814566842,mobile,1,0,65.62209857804089,20,0,1,0
Netherlands,0.08,0.23020865581287517,tablet,0,0,63.700674674087814,1,0,1,0
France,0.07,0.36068619767643817,desktop,0,0,48.659457872163124,22,0,0,0
Netherlands,0.08,0.01971068363899062,desktop,0,1,62.539537997385864,3,0,1,0
United States,0.05,0.12305499615609798,desktop,0,0,95.92495018494056,19,0,1,0
Canada,0.05,0.06579462840984455,desktop,0,0,93.53220143051931,10,0,1,0
Japan,0.05,0.08755119754371823,desktop,0,0,69.26762066270048,8,0,1,0
Germany,0.05,0.011599202493275526,desktop,0,0,75.32643212180231,20,0,1,0
Japan,0.05,0.08272946557630921,desktop,0,0,66.25634613393763,4,0,1,0
France,0.07,0.16481572776101183,mobile,0,0,39.78626962754139,13,0,1,0
Japan,0.05,0.20746741115865724,mobile,0,0,51.63272286833599,7,0,1,0
France,0.07,0.27561980220607335,mobile,0,1,103.09454169383804,6,0,1,0
Canada,0.05,0.0878627012965036,desktop,1,0,112.05964201099859,23,0,1,0
Germany,0.05,0.36115035272270524,desktop,0,0,54.57551373141187,3,0,1,0
United Kingdom,0.06,0.46128372963100484,desktop,0,0,261.97559677799023,23,1,1,1
Japan,0.05,0.494045610480378,desktop,0,0,317.6326610225601,0,0,1,0
United Kingdom,0.06,0.4378495225063746,desktop,1,0,191.71160236867735,4,1,1,1
United States,0.05,0.16805501230852635,desktop,0,1,70.69803204236793,8,0,1,0
United Kingdom,0.06,0.14059949291223514,tablet,0,0,66.97964705497336,5,0,1,0
United Kingdom,0.06,0.04584684727473507,tablet,0,0,57.84344136336874,6,0,1,0
Netherlands,0.08,0.2729559472665941,mobile,0,0,77.04261727255542,15,0,0,1
Canada,0.05,0.18895007894125748,mobile,0,0,96.71408539824306,1,0,1,0
Pakistan,0.45,0.41518342469681757,mobile,0,0,313.00686725218316,13,0,1,1
United Kingdom,0.06,0.09284674160887234,mobile,0,0,77.02859315999227,9,0,1,0
Japan,0.05,0.20973964307401194,mobile,0,0,103.30858418474239,13,0,1,0
France,0.07,0.14897504709898476,desktop,0,0,63.786561964788916,8,0,1,0
Canada,0.05,0.138525662521044,tablet,0,0,60.861033952358454,21,0,1,0
Nigeria,0.55,0.5177836597824789,mobile,0,0,228.8555394986147,7,0,1,1
Indonesia,0.3,0.048487793868594954,desktop,0,0,148.43155761280295,13,0,1,0
Nigeria,0.55,0.13376054248771313,desktop,0,0,124.29005741749255,10,0,1,1
United Kingdom,0.06,0.14397732956700682,mobile,1,0,66.47268622040741,13,0,0,1
Germany,0.05,0.20772591867105292,tablet,0,0,111.39678231799324,9,0,1,0
Japan,0.05,0.05659248049834868,desktop,0,0,61.30522129977587,15,0,1,0
Germany,0.05,0.29133798144985373,desktop,0,1,69.79321694358512,4,0,0,1
Japan,0.05,0.13927963830620696,desktop,0,1,50.85694253571493,12,0,1,0
Australia,0.06,0.33733096905698134,desktop,0,0,38.66403703102923,20,0,1,0
Australia,0.06,0.04100748370204916,desktop,0,0,60.15579457569335,13,0,1,0
Netherlands,0.08,0.006486864284278045,desktop,0,0,63.51296351136446,4,0,1,0
Japan,0.05,0.13987754442368674,desktop,1,0,85.56727910076083,17,1,1,1
United States,0.05,0.21518215198245536,desktop,0,0,92.68704589374212,7,0,1,0
United States,0.05,0.05175351552607759,mobile,0,0,70.60180261942351,21,0,1,0
Australia,0.06,0.2981281480971584,desktop,0,1,52.096715619238644,19,0,1,0
France,0.07,0.28980062313998056,desktop,0,0,58.54056279465062,22,0,1,0
Germany,0.05,0.07013215322954548,desktop,0,0,128.6229987342468,20,1,0,1
Canada,0.05,0.12238551947019445,mobile,0,0,91.85407192461656,16,0,1,1
Japan,0.05,0.05281191142247688,desktop,0,0,121.26702409392048,15,0,1,1
Netherlands,0.08,0.26173017016062716,mobile,0,0,137.26837462848894,6,0,1,0
Australia,0.06,0.030783206052843074,desktop,0,0,58.550324197904025,8,0,1,0
Canada,0.05,0.0580197812923613,desktop,0,0,98.20543933621278,20,0,1,0
Germany,0.05,0.3223375926952252,tablet,0,0,53.74406822252123,14,0,1,0
France,0.07,0.29790991644032494,desktop,0,0,105.8111814615208,16,0,1,0
Germany,0.05,0.08079046158261403,desktop,0,0,98.4688804007902,5,0,1,0
Australia,0.06,0.17510003102824642,desktop,1,0,35.165813384232614,8,0,0,1
Japan,0.05,0.12130145623629116,desktop,0,0,84.85725896239862,6,0,1,0
United States,0.05,0.04368489717402988,mobile,0,0,54.60907339115358,15,0,1,0
United States,0.05,0.40796172561574423,mobile,0,0,185.25353604700803,12,0,1,0
United Kingdom,0.06,0.0010569323692324916,mobile,0,0,58.5047064716856,10,0,1,0
Vietnam,0.35,0.3376893019371906,desktop,1,0,101.26902914863587,18,0,0,1
Australia,0.06,0.27856492947520717,desktop,1,0,58.019165443003445,20,0,1,0
United Kingdom,0.06,0.04596164810375784,tablet,0,0,47.10310875586385,22,0,0,0
Vietnam,0.35,0.1303081811068901,desktop,1,0,55.553833677406104,8,0,1,1
France,0.07,0.051682060825016474,mobile,0,0,68.36888801143671,11,1,1,1
France,0.07,0.23204875517432205,mobile,0,0,85.07923851966251,10,0,1,1
Russia,0.6,0.6059286854117446,desktop,1,0,330.1962337031368,22,1,0,1
United States,0.05,0.0694002013391343,tablet,0,0,88.21349189903185,19,0,1,0
United Kingdom,0.06,0.39580204535742225,desktop,0,0,179.26582713970606,22,1,0,1
Australia,0.06,0.14168478990094976,mobile,0,1,95.43748927886458,4,0,1,0
United Kingdom,0.06,0.15651036692647002,desktop,0,0,98.10825001939581,13,0,1,0
Japan,0.05,0.12960495254650456,mobile,0,0,105.81437004329857,13,1,1,0
United Kingdom,0.06,0.23145200156243695,desktop,0,0,177.11150702536264,10,0,1,0
United States,0.05,0.06879916158464894,desktop,0,0,97.54397080099668,10,1,1,0
United Kingdom,0.06,0.16298004225252744,tablet,1,0,81.47351044849486,20,0,1,1
Canada,0.05,0.141046677691687,desktop,0,0,62.62567699848148,8,0,1,0
United Kingdom,0.06,0.25985808148269895,desktop,1,0,82.14451715169909,10,0,1,0
United Kingdom,0.06,0.1716855157228791,desktop,0,0,110.37204610078031,2,0,1,0
Netherlands,0.08,0.2092830875564937,mobile,0,0,48.11555795101843,15,0,1,0
Germany,0.05,0.4661610311278186,desktop,0,0,238.31726302078818,0,1,1,0
Canada,0.05,0.02783856133410215,mobile,0,0,63.47463395048108,17,0,1,0
United States,0.05,0.32412212301377025,mobile,0,0,67.95362548974569,14,0,1,0
Canada,0.05,0.5379517559879372,mobile,0,0,314.2380480074039,23,1,0,1
Germany,0.05,0.502254595756297,tablet,0,1,321.8298698431834,13,1,1,1
Australia,0.06,0.27186701862697926,mobile,0,0,86.53807761752523,17,0,1,0
United Kingdom,0.06,0.38546163621533713,desktop,0,0,232.17000318464184,22,1,0,1
Vietnam,0.35,0.3908924169535322,mobile,0,1,265.5834977332205,5,1,1,1
India,0.18,0.18443983386128368,desktop,0,0,78.9323363709018,7,0,1,1
United States,0.05,0.2986226253287191,desktop,0,0,73.6050833522471,12,0,1,0
United States,0.05,0.07643826245323936,desktop,1,0,81.13738816890776,0,0,1,1
United Kingdom,0.06,0.1847773242290083,desktop,0,0,73.18190439257063,5,1,1,1
Australia,0.06,0.03062149169844839,desktop,0,0,86.01699165612888,11,0,1,0
United Kingdom,0.06,0.2866909616309886,desktop,0,0,68.54265981009924,5,0,1,0
Netherlands,0.08,0.050997426235652656,mobile,0,1,66.56642122792013,1,0,1,0
Japan,0.05,0.11327446071497045,tablet,1,0,39.69449144656644,17,0,1,0
Netherlands,0.08,0.43093397973748476,desktop,0,0,298.78845746326556,6,0,1,1
France,0.07,0.02453216684759417,desktop,0,0,49.05502912753724,0,0,1,0
Pakistan,0.45,0.27335124250522197,desktop,1,0,129.72406960399198,16,0,0,1
United States,0.05,0.15888012116439343,desktop,0,0,67.70657120227779,5,0,0,0
Canada,0.05,0.1585913617369659,tablet,0,0,112.85828915495107,10,0,1,1
Germany,0.05,0.0954080886565103,desktop,0,0,106.14215842235996,18,0,1,0
Russia,0.6,0.4012176352630465,desktop,1,0,267.9868813252228,7,1,0,1
Australia,0.06,0.1918560385367996,desktop,1,0,74.90740762088706,14,0,1,1
Netherlands,0.08,0.33217617177353537,desktop,0,0,48.51491222589733,19,0,1,0
United Kingdom,0.06,0.03167101096292893,desktop,0,0,69.15092856618273,17,0,1,0
Indonesia,0.3,0.0023595573669533835,tablet,0,0,66.01830288040453,8,0,1,0
France,0.07,0.3167587729557251,mobile,0,0,71.11093339084292,9,0,1,0
France,0.07,0.18281689588073416,desktop,0,0,47.95706868431602,3,0,1,0
Indonesia,0.3,0.03465505061835031,mobile,0,0,66.6729911817013,3,0,1,0
Canada,0.05,0.24238062520355685,mobile,0,0,26.49801233951183,6,0,1,0
Canada,0.05,0.3850920685656132,desktop,0,0,131.75315972326447,22,1,1,0
Australia,0.06,0.13234210536708915,mobile,1,0,77.01722553275242,22,0,0,1
United Kingdom,0.06,0.3238473615894108,mobile,0,0,56.05483874337594,20,0,1,0
Germany,0.05,0.3496933546169238,mobile,0,0,67.05065937286855,6,0,1,0
United Kingdom,0.06,0.10300694080832253,desktop,0,0,78.01498796687376,14,0,1,0
United States,0.05,0.36932197753824936,mobile,1,1,105.05490425095608,8,0,1,0
Netherlands,0.08,0.1594574547196924,mobile,0,0,106.60399707626442,6,0,1,0
Australia,0.06,0.33949462514877077,mobile,0,0,82.01356702881726,4,0,1,0
Canada,0.05,0.5041959475206693,desktop,0,0,181.10666307897768,22,1,0,1
Canada,0.05,0.06375145072760866,desktop,0,0,83.45529938738431,15,0,1,0
Canada,0.05,0.11700492919186468,mobile,1,0,138.3772008306159,16,0,1,0
Australia,0.06,0.5226554284946237,mobile,0,0,261.7346645910329,6,1,1,1
India,0.18,0.1536152291669253,tablet,0,1,80.73882096162008,23,0,1,0
India,0.18,0.21338845461040165,desktop,0,0,107.2873538066269,5,0,1,0
Canada,0.05,0.18275006174559588,desktop,0,0,74.9495636105797,4,0,1,0
Canada,0.05,0.06973294991995466,mobile,0,0,54.67031791008738,14,0,1,0
France,0.07,0.360123522548379,mobile,0,0,86.54862022255219,22,1,1,1
Australia,0.06,0.23499018362958543,desktop,0,1,78.22735949277843,18,0,1,1
France,0.07,0.18566886771015195,mobile,0,0,68.271382441602,22,0,1,0
Japan,0.05,0.04508141243330575,desktop,0,0,89.14884074276172,14,0,1,0
Australia,0.06,0.07217406346335059,desktop,0,0,39.07986182002236,5,0,1,0
Germany,0.05,0.13699011521237628,desktop,0,0,60.99364814454817,11,0,1,0
Canada,0.05,0.403425071345949,desktop,0,0,206.0932194267246,11,1,0,1
Canada,0.05,0.4600370652211814,mobile,0,0,236.2055150877269,23,0,0,0
United States,0.05,0.13287269789412992,desktop,0,0,69.83300987748412,7,0,1,0
United Kingdom,0.06,0.024839567189780285,mobile,1,0,53.59705370709277,6,0,1,1
Japan,0.05,0.22441655458700052,desktop,0,0,132.54707870785913,9,0,1,0
Canada,0.05,0.15072662668814124,mobile,1,0,86.32189983109423,11,1,1,1
United Kingdom,0.06,0.2992401953350032,desktop,0,0,55.8109542007038,14,0,1,0
Australia,0.06,0.3587084587382355,desktop,0,0,40.078812544008684,4,0,1,0
Japan,0.05,0.06857576629579981,mobile,0,1,60.087088077728275,19,0,1,1
Germany,0.05,0.032236321723087796,tablet,0,0,65.66733622225023,12,1,1,1
Netherlands,0.08,0.2925500427991201,tablet,0,0,59.01357354260726,11,0,1,0
India,0.18,0.24343537437035617,desktop,0,0,179.44525185585536,11,0,1,0
Australia,0.06,0.1600333935197004,desktop,1,0,41.30694131134241,22,1,1,1
Japan,0.05,0.02239698993753914,desktop,0,0,75.02804209908786,18,0,1,0
United States,0.05,0.11702184650166275,desktop,1,0,70.423261951165,13,0,1,1
Russia,0.6,0.08560639005721456,desktop,0,0,67.5456705633082,10,0,1,0
Canada,0.05,0.0814804549626964,tablet,1,0,37.382910098120405,5,0,1,0
India,0.18,0.07840678863065707,mobile,0,1,72.60466745884746,3,0,1,0
Australia,0.06,0.22075875229955086,desktop,0,0,78.50337142246764,22,0,1,0
United States,0.05,0.022269758736291247,tablet,0,0,94.48042903728468,22,0,1,1
United States,0.05,0.21579472893630286,mobile,1,0,87.28017097347714,6,0,1,0
Japan,0.05,0.05342247540391391,desktop,0,0,112.88704191238017,6,0,1,0
Australia,0.06,0.12390447019123817,mobile,0,0,36.01102690167348,20,0,1,0
United States,0.05,0.3557784243392101,mobile,0,0,67.88123548345008,5,0,1,0
Japan,0.05,0.11150187875548256,desktop,0,0,177.07566646243427,16,0,1,0
Netherlands,0.08,0.11667790475808393,desktop,0,0,106.80794903078207,21,0,1,0
France,0.07,0.11217199817079125,desktop,0,0,44.31389302164966,22,0,1,0
France,0.07,0.32219081481349254,desktop,0,0,76.00870691194528,15,0,1,0
United States,0.05,0.06260993644678081,mobile,1,0,51.08069927592762,2,0,1,1
Netherlands,0.08,0.18973921559172974,desktop,0,0,63.36818022071808,21,0,1,0
Canada,0.05,0.0809498258651048,desktop,0,0,148.39550315003754,4,0,1,1
Nigeria,0.55,0.06142260074445032,tablet,0,0,103.07666249907187,6,0,1,0
Canada,0.05,0.025861591787329087,tablet,0,0,43.29419740766682,4,0,1,0
Australia,0.06,0.10757641080925512,mobile,0,0,56.38327403574556,1,0,1,0
Germany,0.05,0.03202019042329841,mobile,0,0,73.72080329703675,4,0,1,0
United Kingdom,0.06,0.0795118364579427,tablet,0,0,67.18729072649194,10,0,1,0
Netherlands,0.08,0.019947608009113788,mobile,0,0,82.23903023381231,0,0,1,0
France,0.07,0.2016039620189765,desktop,0,0,56.203161524030826,5,0,1,0
France,0.07,0.20855305532097543,desktop,0,0,64.83347632913447,3,0,1,0
Romania,0.4,0.15483439343739225,desktop,1,0,55.97467322774605,17,0,1,0
Romania,0.4,0.130313685441435,desktop,1,0,64.80170458336362,16,1,1,1
Netherlands,0.08,0.4873756377448023,desktop,0,0,213.02118111515497,5,0,1,0
United Kingdom,0.06,0.06557282694422019,desktop,1,0,81.76587398055094,20,0,1,0
Australia,0.06,0.2481685302647968,desktop,1,0,57.65887860561547,1,0,1,1
Nigeria,0.55,0.25011608707224203,mobile,1,0,109.54168078176288,3,0,0,1
Canada,0.05,0.3255012361282681,desktop,0,1,106.94423718306308,11,0,1,0
United States,0.05,0.3004435543162388,desktop,0,0,73.67101531484555,21,0,1,0
Netherlands,0.08,0.0650626507900875,mobile,0,0,67.33477394533998,6,0,1,0
France,0.07,0.08709243827398504,desktop,0,0,136.57702310988034,23,0,1,0
Australia,0.06,0.06262156660538913,desktop,0,0,129.33703829876555,6,0,1,0
Indonesia,0.3,0.1919530277692999,desktop,0,0,43.36980129151688,15,0,1,0
Australia,0.06,0.17887751996422635,mobile,0,0,111.94444893570025,7,0,0,1
Canada,0.05,0.0443960149441209,mobile,0,0,134.73718718834058,14,0,1,0
Canada,0.05,0.05065820533278367,desktop,0,0,92.74223989568236,7,0,1,0
Canada,0.05,0.09015030937967355,mobile,0,0,62.58825709988245,5,0,1,0
United Kingdom,0.06,0.05397999456669331,mobile,0,1,65.30117497046967,10,0,1,0
Netherlands,0.08,0.7009709044847517,tablet,1,0,213.59991255293397,7,1,0,1
Netherlands,0.08,0.2821518586822365,mobile,0,1,98.73101986842666,13,0,1,0
Germany,0.05,0.2661284476204013,mobile,0,0,89.25866652815392,11,0,1,0
Germany,0.05,0.20318849843203843,desktop,0,0,166.74629792222086,12,0,1,0
Nigeria,0.55,0.011816713458768766,desktop,0,0,51.79545023407069,3,0,1,0
United States,0.05,0.024198657666788078,desktop,0,1,71.39571792184927,14,0,1,0
France,0.07,0.3165873012725408,desktop,0,0,78.76740429222704,17,0,1,0
France,0.07,0.18282148171881601,tablet,0,0,68.43912273123094,3,0,0,1
Japan,0.05,0.3186615673076792,desktop,0,0,38.70127101872535,4,0,1,0
United Kingdom,0.06,0.320616542681601,desktop,0,0,104.72677014461065,1,0,0,1
Japan,0.05,0.16122531158929915,tablet,1,0,56.66041664089903,5,0,1,0
Canada,0.05,0.24046052825022943,desktop,0,0,56.30614601284449,22,0,1,0
Australia,0.06,0.07643886726780015,desktop,0,1,64.99645257254313,2,0,1,1
United States,0.05,0.2728176132593189,desktop,0,0,67.99402021461971,5,0,1,0
France,0.07,0.2448889861385076,desktop,0,0,70.63127852547198,3,0,1,0
France,0.07,0.23695325725376315,desktop,0,0,103.26503847300715,19,0,1,0
United Kingdom,0.06,0.14526116528289776,desktop,0,0,110.95183093665014,13,0,1,1
United Kingdom,0.06,0.07354870867777273,mobile,0,0,67.30472943778972,1,1,1,1
United Kingdom,0.06,0.5964133341608524,desktop,0,0,218.98962216757096,5,0,0,1
Canada,0.05,0.19691338383228887,mobile,0,0,70.46078473046545,16,0,1,0
United States,0.05,0.20905605581930292,desktop,0,0,53.90472599927618,18,0,0,0
Russia,0.6,0.0950982958420383,desktop,1,0,72.97181395336507,14,0,0,1
Canada,0.05,0.2041583232954279,desktop,0,0,52.92394244783294,13,1,0,1
Netherlands,0.08,0.07149185649178195,mobile,0,0,155.17098042565743,11,0,1,0
Indonesia,0.3,0.10445534120903373,mobile,0,0,77.07437522567942,20,0,1,0
United States,0.05,0.31193816902061033,desktop,0,0,61.05407285725994,8,0,0,0
Australia,0.06,0.4042287004147718,mobile,1,0,253.74546383925423,23,1,1,1
Nigeria,0.55,0.518107071082237,desktop,0,0,196.43922736654858,20,1,1,1
Australia,0.06,0.16456647332429972,mobile,0,0,57.45222933481776,22,0,1,0
Canada,0.05,0.011785619209236074,tablet,0,0,85.48380532493726,16,0,1,0
Canada,0.05,0.15587997226567935,desktop,1,0,77.27593042987787,8,0,1,0
United States,0.05,0.2790278183866354,desktop,0,0,106.38512549376878,15,0,1,0
France,0.07,0.2306050067965446,desktop,0,0,28.35048779938482,11,0,1,0
Pakistan,0.45,0.12238979026496567,mobile,0,0,98.13502147678135,22,0,1,0
Romania,0.4,0.18881338477622314,desktop,0,0,60.93590113122735,21,0,1,1
United States,0.05,0.32552073988643765,desktop,0,0,48.93098120880275,1,0,1,1
Japan,0.05,0.034405794017516755,mobile,0,0,40.322078678979736,18,0,1,0
Germany,0.05,0.005399805027373969,desktop,0,0,60.673950921352215,17,0,1,1
Brazil,0.2,0.05238688332647935,mobile,0,0,128.5724446546628,14,0,1,0
United States,0.05,0.07882651784401506,desktop,0,0,103.46035383779414,23,0,1,0
Russia,0.6,0.046974296427592446,tablet,1,1,130.5855590461461,1,0,1,0
Netherlands,0.08,0.01614579724072339,mobile,0,0,70.8213331181632,23,0,1,0
United Kingdom,0.06,0.07411231900206586,desktop,0,1,76.50641742465238,0,0,1,0
United States,0.05,0.12692658620907066,desktop,0,0,42.40440320239815,4,0,1,0
Netherlands,0.08,0.2131397814626776,desktop,0,0,42.40169149745679,15,0,1,0
United Kingdom,0.06,0.13832416445223358,mobile,1,0,70.01484886450415,19,0,1,1
France,0.07,0.19189611813720747,desktop,0,0,45.5283848968922,21,0,1,0
Brazil,0.2,0.038132863698592805,tablet,0,0,54.59685920716342,1,0,1,0
Australia,0.06,0.2788466111617694,mobile,0,0,74.8244137151945,19,1,1,1
Canada,0.05,0.2927150512437164,tablet,0,0,115.04452599636686,16,0,1,0
France,0.07,0.3980736683259777,desktop,0,0,213.38837735377996,9,1,1,1
United States,0.05,0.13858240211659736,desktop,1,0,45.781892589760986,15,0,1,0
Indonesia,0.3,0.5077913779790642,desktop,0,0,124.66971145717115,9,1,0,1
Germany,0.05,0.25363140607938983,desktop,0,0,76.85865300134944,10,0,1,0
United Kingdom,0.06,0.21812613461827557,desktop,0,0,59.134880590963064,4,0,1,0
Germany,0.05,0.22929884622165148,desktop,0,0,76.75776769757009,8,0,1,0
Romania,0.4,0.20574361761784613,mobile,0,0,68.61694519387521,15,0,1,0
United States,0.05,0.4048769685155573,desktop,0,0,138.9310661672163,5,1,1,1
Netherlands,0.08,0.14664142144405481,desktop,0,0,112.23022875693044,19,0,1,0
Japan,0.05,0.06996230848831626,desktop,0,0,106.56667499081179,8,0,1,1
Netherlands,0.08,0.041043740215442104,mobile,0,0,83.8555790882953,22,0,0,1
Indonesia,0.3,0.31409706016297384,mobile,1,0,53.87589289383615,2,0,1,1
Netherlands,0.08,0.31233361545831445,mobile,0,0,60.768011153616044,8,0,1,0
Russia,0.6,0.4180195611443527,desktop,0,0,304.9735592370549,7,0,1,0
United Kingdom,0.06,0.06304319597674717,mobile,0,0,116.22057448384294,13,0,1,0
Netherlands,0.08,0.1523814441349976,mobile,0,0,47.19072689575825,12,0,1,0
Australia,0.06,0.41641161280386385,desktop,0,0,263.9369989356822,1,1,0,1
Australia,0.06,0.24237587293464619,desktop,0,0,56.09737801080716,12,0,0,1
Vietnam,0.35,0.2436850105439784,tablet,0,0,93.13742145513034,12,0,1,0
Indonesia,0.3,0.5196748839905551,desktop,0,0,429.2839648492733,13,1,0,1
Japan,0.05,0.12075379190126395,desktop,1,0,42.24993257658259,12,0,1,0
France,0.07,0.13492915661192473,desktop,0,0,87.95465832120314,17,0,1,1
France,0.07,0.3345880593475378,mobile,0,0,66.03054503746033,17,0,1,0
Canada,0.05,0.4088897782118699,desktop,1,0,192.77923301680767,2,1,1,0
Canada,0.05,0.09647491049022675,tablet,1,0,59.344495823699255,15,0,0,1
Canada,0.05,0.16415884363643074,mobile,0,0,30.944261137026736,20,0,1,0
United States,0.05,0.1653640216002717,mobile,0,0,56.60883462671925,11,0,1,0
United States,0.05,0.04461498962219689,desktop,0,0,83.21696804395665,8,1,1,0
Netherlands,0.08,0.19383392305753822,desktop,0,0,118.18194926302601,12,0,1,0
France,0.07,0.16715375579113778,mobile,0,0,84.9394574840022,4,0,1,0
India,0.18,0.22222761762214194,tablet,0,0,123.40418845270634,10,0,1,0
Australia,0.06,0.10451921348254632,mobile,0,0,62.010086785392254,4,0,1,0
United States,0.05,0.06591041213067068,tablet,1,0,60.26946047258907,8,0,1,0
United Kingdom,0.06,0.017956547530145903,mobile,1,1,83.10269058312582,19,0,0,1
United Kingdom,0.06,0.14737647067340548,desktop,0,0,64.63447508649064,22,0,1,0
Indonesia,0.3,0.015381930610631105,desktop,0,0,109.16676664730271,11,0,1,0
Germany,0.05,0.7974022105099435,desktop,1,0,183.0244536223401,22,1,0,1
France,0.07,0.35402855232886676,desktop,0,0,99.6779573409075,6,0,0,1
Russia,0.6,0.10533987312580931,desktop,0,0,112.48384598385803,6,0,1,1
Indonesia,0.3,0.0883240230131722,desktop,0,0,83.7453647571766,22,0,1,1
Germany,0.05,0.2028482174884739,desktop,0,0,101.4385878678953,14,0,1,1
United States,0.05,0.05659926384883898,desktop,0,1,58.720149825476156,14,0,1,0
United Kingdom,0.06,0.520023149816427,mobile,0,0,105.25970918834747,8,0,1,0
United States,0.05,0.1489536528608104,mobile,0,0,83.36845043195159,15,0,1,0
United Kingdom,0.06,0.1904111483231402,mobile,1,0,57.23819355278622,22,0,0,1
Australia,0.06,0.14117241072585973,mobile,0,0,81.8737941568445,5,0,1,0
Brazil,0.2,0.13978764833768073,desktop,0,0,81.90495054906565,18,0,1,0
France,0.07,0.16133596623057908,desktop,0,0,71.98138057720375,9,0,1,1
Australia,0.06,0.09177266058051825,desktop,0,0,81.35355343276677,8,0,1,0
United Kingdom,0.06,0.2054908832716741,desktop,0,0,92.03262025158915,7,0,0,0
Netherlands,0.08,0.5333984050482171,mobile,0,0,177.14695099195555,20,1,1,1
Australia,0.06,0.18580005101483016,mobile,0,0,62.370751111120356,5,0,1,1
Netherlands,0.08,0.3454700524360387,desktop,0,0,98.2908680276096,10,0,1,0
Russia,0.6,0.035831189741991114,mobile,1,0,81.09701904833955,21,0,1,1
Canada,0.05,0.22162795680825392,desktop,0,0,86.30404868272446,11,0,1,0
United States,0.05,0.2177059879485424,desktop,0,0,90.36912024741848,3,0,1,0
Germany,0.05,0.42468419902593907,mobile,0,0,221.2845604768553,23,1,1,1
France,0.07,0.17722359285089095,mobile,0,1,65.3351927250951,2,0,0,1
Russia,0.6,0.09606085302416727,mobile,0,0,59.38884142569242,21,0,1,0
Canada,0.05,0.14500469313879227,mobile,0,0,71.45320045189855,9,0,1,0
Netherlands,0.08,0.3068876058919711,desktop,0,0,87.23566103524273,15,1,1,1
France,0.07,0.25581630178046777,mobile,0,1,88.67197117708757,15,0,1,0
United Kingdom,0.06,0.3666044500363818,mobile,0,0,77.50682567733577,6,0,1,0
Germany,0.05,0.05205614564891216,desktop,0,1,83.36820947095512,7,0,1,1
Japan,0.05,0.07418235906248431,desktop,0,1,50.06771738808412,3,0,1,0
Japan,0.05,0.032556294952557435,tablet,0,1,62.643202167031056,4,0,1,0
Canada,0.05,0.12124504442775433,desktop,0,0,93.206424395657,1,0,1,0
Germany,0.05,0.02844493226616747,mobile,0,0,55.052800624589594,1,0,1,0
Japan,0.05,0.11116153280698714,desktop,1,0,77.43564199995224,9,0,1,0
United Kingdom,0.06,0.16161963701293663,desktop,0,0,75.04200843517461,19,0,0,1
Russia,0.6,0.09966865043916265,mobile,1,0,70.82035665651134,9,0,1,0
United Kingdom,0.06,0.021841894377635583,mobile,0,0,93.46411789278102,17,0,1,0
United States,0.05,0.13582358649733617,desktop,0,0,79.79940596392285,7,1,1,1
France,0.07,0.15512544327834085,desktop,0,0,48.4671550732435,15,0,1,0
France,0.07,0.0851678718398395,desktop,0,0,88.29248286103113,12,0,1,0
France,0.07,0.14389982672701757,mobile,0,0,61.714058188153565,17,0,1,0
France,0.07,0.06461476171024255,desktop,0,0,45.72484519676459,16,0,1,0
Pakistan,0.45,0.2991686171483569,desktop,1,0,95.56335003034987,20,0,0,1
France,0.07,0.19625544694342809,desktop,0,0,48.6647933263522,13,0,1,0
France,0.07,0.5819796973088667,desktop,0,0,141.19302730466495,6,1,0,1
Canada,0.05,0.3553515193149237,desktop,0,0,81.6731742682117,2,0,1,1
United States,0.05,0.09295507539118536,desktop,0,0,71.83298723132242,18,0,1,0
Australia,0.06,0.05892475129581435,mobile,0,0,59.23428084100978,4,0,1,0
Germany,0.05,0.5535005064957225,tablet,0,0,334.5858216210639,2,1,1,1
Australia,0.06,0.16398065882378207,desktop,0,0,56.48478419046538,10,0,1,0
United States,0.05,0.21668932532157992,desktop,0,0,50.546618968427,22,0,1,0
Indonesia,0.3,0.36455967260630623,tablet,0,0,70.50821057476679,7,0,1,1
France,0.07,0.42427829521915467,desktop,0,0,259.1688147168178,13,0,1,0
Vietnam,0.35,0.14129399905815576,desktop,1,0,45.48737680856724,11,0,0,1
France,0.07,0.0949663180894099,mobile,0,0,66.60460058740802,18,0,1,0
United States,0.05,0.3028253211597719,desktop,0,0,58.84303355529956,19,0,1,0
Netherlands,0.08,0.02054300549713769,desktop,0,0,80.95044869296349,11,0,1,0
Australia,0.06,0.18673869991618008,tablet,0,0,83.65822609609411,10,0,1,1
Netherlands,0.08,0.17539007583370578,mobile,0,0,117.88249322211666,9,0,1,0
Canada,0.05,0.33324279099681403,mobile,0,0,92.45513100611632,16,0,1,0
Australia,0.06,0.14069319728907118,desktop,0,0,50.355737996863574,16,0,1,0
Netherlands,0.08,0.23809777497236445,desktop,0,0,34.44715845274475,6,0,1,0
Australia,0.06,0.19648656667780257,mobile,0,1,43.31240599176708,7,0,1,0
Canada,0.05,0.08644275616772791,tablet,0,0,61.81299689220282,17,0,1,0
Japan,0.05,0.09347555281911821,mobile,0,0,41.98076403940858,14,0,1,0
Japan,0.05,0.24469571937701246,desktop,1,0,59.40380092395291,17,1,0,1
Romania,0.4,0.5209408990338623,mobile,0,0,359.056211352687,0,1,1,1
Canada,0.05,0.14096865707570386,desktop,0,0,60.5147931766775,21,0,1,0
Canada,0.05,0.07020348829596008,mobile,0,0,81.25249605059751,20,0,1,0
Netherlands,0.08,0.23412818374222247,mobile,0,0,59.56236126212931,21,0,0,1
France,0.07,0.08048022461565679,desktop,0,0,56.44773052347277,4,0,1,0
Japan,0.05,0.21897183840680093,desktop,1,0,133.99502763499672,13,1,0,1
France,0.07,0.17788784012851788,mobile,0,0,72.85260194322385,14,0,1,0
United Kingdom,0.06,0.3195507341045795,mobile,0,0,76.64665544253653,6,0,1,0
Japan,0.05,0.07824516862794305,desktop,0,0,99.03616338334929,20,0,1,0
United Kingdom,0.06,0.1540259995288499,desktop,0,0,100.17991281270139,1,0,1,0
United Kingdom,0.06,0.4420954568077197,mobile,0,0,200.05905021648343,16,1,1,0
Australia,0.06,0.4685194284852617,desktop,0,0,284.0856550744592,13,1,1,1
Japan,0.05,0.06785492121541933,desktop,0,0,62.98490688045033,11,0,1,0
Vietnam,0.35,0.23770160426874323,desktop,0,0,105.1813219326708,18,0,1,1
Germany,0.05,0.6411285468141679,desktop,0,0,149.0632409823966,12,1,1,1
United Kingdom,0.06,0.4470543308981698,desktop,0,0,108.45205305890293,1,1,1,1
Romania,0.4,0.26105306755559543,tablet,0,0,79.6713208803956,10,0,1,0
United Kingdom,0.06,0.1756143077597703,mobile,0,0,83.61956789776951,22,1,1,0
United Kingdom,0.06,0.18733287892612596,desktop,0,0,54.85745396777563,0,0,1,0
Germany,0.05,0.012770362954698236,desktop,0,0,41.38563962398205,1,0,1,0
France,0.07,0.05250919914696573,mobile,0,0,86.58336739788017,18,0,1,0
Nigeria,0.55,0.3090140097555308,desktop,0,0,68.55630593423766,2,0,1,0
Japan,0.05,0.11580372241794622,mobile,0,0,64.27929159389156,22,0,1,0
Japan,0.05,0.12518764705720917,desktop,0,1,131.50446702979715,13,0,1,0
United Kingdom,0.06,0.07822633131212925,mobile,0,0,66.51623674606576,17,0,1,0
Canada,0.05,0.04293148746394809,desktop,0,0,61.5023182172818,16,0,1,0
France,0.07,0.04366470062983425,mobile,1,0,39.250103901167904,21,0,1,0
United Kingdom,0.06,0.18785373691402035,mobile,0,0,50.45186127527755,23,0,1,0
Germany,0.05,0.2298398215786359,desktop,0,0,100.13673892754234,20,0,1,0
Germany,0.05,0.05479592844024581,tablet,0,0,57.17411582789966,16,0,1,0
United Kingdom,0.06,0.25579823965924253,desktop,0,0,91.83359937367541,8,0,1,1
Australia,0.06,0.6294045892623444,desktop,0,0,130.47565750837845,7,1,1,1
Japan,0.05,0.2270782836555093,mobile,0,0,54.36829413425305,8,0,1,0
United States,0.05,0.29616962441931177,mobile,0,0,53.88493136866519,23,0,1,0
France,0.07,0.17036453921100608,desktop,0,0,87.0834856213108,11,0,1,0
Netherlands,0.08,0.22524812442415448,desktop,0,0,68.43140375779005,0,1,1,1
Japan,0.05,0.22859191796170153,desktop,0,1,49.96275388855194,2,1,1,0
Netherlands,0.08,0.10864093499354269,desktop,0,0,94.63894394447443,13,0,1,0
France,0.07,0.20400516292630422,desktop,0,0,87.61957946825675,1,1,0,1
Netherlands,0.08,0.1624800173692994,desktop,0,1,83.02576662205193,16,0,1,0
Germany,0.05,0.05367290145718044,desktop,0,0,81.7229765959064,0,0,1,0
Canada,0.05,0.3907762781056934,mobile,0,0,290.4085633543034,16,1,1,1
United Kingdom,0.06,0.006386468940510747,mobile,1,0,114.49176495473249,12,0,1,0
France,0.07,0.11649557287654565,tablet,0,0,71.13906035648851,16,0,1,0
Canada,0.05,0.15667691019674324,desktop,0,0,80.94767210640164,12,0,1,0
Germany,0.05,0.16290145722396443,desktop,0,0,84.2696308366814,9,1,0,1
Japan,0.05,0.025086749703907212,desktop,0,0,52.946656007909226,1,0,1,0
Germany,0.05,0.0703358887033469,desktop,0,0,143.12766302296168,14,0,1,0
Germany,0.05,0.2397403578223484,desktop,0,0,73.00492973217598,4,0,1,0
United Kingdom,0.06,0.15632939692564418,desktop,0,0,74.56630775013136,21,0,1,0
France,0.07,0.24781754293830108,mobile,0,0,63.79141847367644,17,0,1,0
Germany,0.05,0.609697322627773,tablet,0,0,389.54315568216174,22,1,0,1
Canada,0.05,0.15167431473356618,desktop,0,0,111.86131466526818,12,0,1,0
Germany,0.05,0.11544583987368415,desktop,0,0,77.89819135344982,22,0,1,0
Netherlands,0.08,0.16782355886664407,mobile,0,0,44.122101241314894,18,0,1,0
India,0.18,0.1731087535830141,mobile,0,0,69.57727698808486,19,0,1,0
France,0.07,0.2145050659201157,desktop,0,0,72.04229476054546,4,0,1,0
Australia,0.06,0.14962377632575988,mobile,0,0,62.923779684489446,18,0,1,0
Netherlands,0.08,0.4768813849880818,desktop,0,0,271.85761722391743,13,1,1,1
Pakistan,0.45,0.14434981783971354,mobile,0,0,42.777684580593615,18,0,1,0
Australia,0.06,0.5999534124125314,mobile,1,0,403.79244204650496,5,1,0,1
Vietnam,0.35,0.16041438482394216,desktop,0,0,95.54132683246166,6,0,1,1
Brazil,0.2,0.07183511114204136,desktop,0,0,74.59383209395594,23,0,1,0
Netherlands,0.08,0.0656201708822047,mobile,0,0,58.708202432261295,9,0,1,1
France,0.07,0.22624501465825694,mobile,0,0,83.59958670520484,22,0,1,0
United States,0.05,0.08987278270853764,mobile,0,0,79.15798675479061,5,0,1,0
United States,0.05,0.29509557866883884,desktop,0,0,64.04572363710264,7,0,1,0
France,0.07,0.0612209762183367,mobile,0,0,84.46951586999997,9,0,1,0
France,0.07,0.03368312943631415,mobile,0,0,88.17598679506996,3,0,1,0
Canada,0.05,0.03628689903140181,mobile,0,0,93.74465820388198,10,0,1,0
Australia,0.06,0.35553260178182655,desktop,0,1,54.009084592544454,3,0,1,0
Australia,0.06,0.03718600427897442,desktop,0,0,85.70752379881594,3,0,1,0
Netherlands,0.08,0.30529815634059504,mobile,0,0,111.2911124486804,4,0,1,0
United States,0.05,0.21444425115797233,desktop,0,0,81.75516494649608,8,0,1,0
Germany,0.05,0.33806693076639394,desktop,0,0,159.63236247157195,15,0,1,0
Netherlands,0.08,0.3767199536377415,desktop,0,0,221.68287249474878,9,1,1,0
Netherlands,0.08,0.08931933058934284,tablet,0,0,40.39868201115984,4,0,1,0
Pakistan,0.45,0.2201901501450572,mobile,1,1,54.75599102161013,22,0,0,1
Nigeria,0.55,0.2418659520574566,mobile,0,0,58.308277168277755,4,0,1,0
Vietnam,0.35,0.38736189988415615,tablet,1,0,171.78375900369116,15,1,1,0
Germany,0.05,0.011970889492550684,mobile,1,0,98.60688125314574,9,1,0,1
Canada,0.05,0.059349611067641944,desktop,1,0,77.29555445845001,1,0,1,0
Germany,0.05,0.08483126075500975,desktop,0,0,81.64726793014246,19,0,1,0
Australia,0.06,0.15897257086029307,mobile,0,0,144.0667005539661,2,0,1,1
Russia,0.6,0.4641678468130218,mobile,1,0,402.01637970088683,3,1,1,1
Canada,0.05,0.27124420659798615,mobile,0,0,71.84379124027285,1,0,1,1
Australia,0.06,0.11946347354937845,desktop,0,0,62.906686398754786,3,0,1,0
Germany,0.05,0.22422269373242215,mobile,0,0,48.8691138992735,7,0,1,0
United Kingdom,0.06,0.24718396919118976,desktop,0,0,36.28037626730946,1,0,0,1
United Kingdom,0.06,0.18426835498496758,desktop,0,0,116.02197684669815,4,0,1,1
United States,0.05,0.2934326858288896,desktop,0,0,56.40344340415629,1,0,1,1
Russia,0.6,0.11856645274943325,desktop,1,0,67.51584233465817,5,0,1,1
Canada,0.05,0.3375859567556317,desktop,0,0,85.68750315649595,3,0,1,0
Netherlands,0.08,0.03628589540646707,mobile,0,1,48.59410759732242,6,0,1,0
Japan,0.05,0.1261045860390105,desktop,0,0,55.034211102671925,19,0,1,0
United Kingdom,0.06,0.4877075654489757,tablet,0,0,237.12144188826164,2,0,1,0
United Kingdom,0.06,0.3678009992965309,desktop,0,0,63.218791554478855,23,1,1,0
Netherlands,0.08,0.31699507190759085,desktop,0,0,47.15482638701218,12,0,1,0
Germany,0.05,0.2708013214835847,desktop,0,0,91.15079603716478,4,0,1,1
Brazil,0.2,0.3455352899368045,desktop,0,0,62.647116609229904,3,0,1,1
United Kingdom,0.06,0.18660626981966882,desktop,0,0,77.31303802902268,4,0,1,0
Japan,0.05,0.2782576982215311,desktop,1,0,75.18309844510716,18,0,1,0
Netherlands,0.08,0.18445269634382427,desktop,0,0,103.47857985435188,3,1,1,0
Germany,0.05,0.23462043684056155,desktop,0,0,83.39380681917206,13,0,1,0
Germany,0.05,0.3395545970676084,mobile,0,0,54.49401309965088,1,0,1,0
Romania,0.4,0.36907066147572287,desktop,0,0,110.6942740328313,10,0,1,0
Germany,0.05,0.17793730585765058,desktop,0,0,62.44910155471001,20,0,1,1
Canada,0.05,0.04219716001013087,desktop,0,0,55.43159652372256,19,0,1,0
Canada,0.05,0.5201708320590109,desktop,0,1,271.56315098624077,12,1,1,1
Germany,0.05,0.024838527795529926,mobile,0,0,32.45236310492498,6,0,1,0
Netherlands,0.08,0.37158042580186784,desktop,0,0,59.56291068863658,7,0,1,0
Netherlands,0.08,0.1223935132632934,mobile,0,1,84.67584743231598,7,0,1,0
Canada,0.05,0.1719181501182697,mobile,0,0,45.75706948088571,5,0,1,0
Netherlands,0.08,0.11768106334089996,desktop,0,0,134.02286357177113,15,0,1,0
United Kingdom,0.06,0.2205032147244834,mobile,0,0,33.64160578463291,4,0,1,0
United States,0.05,0.10105263195788977,mobile,0,0,56.0297050405128,23,0,1,1
Australia,0.06,0.0897435861931292,mobile,0,0,43.78804036471604,2,0,1,0
Pakistan,0.45,0.24429961536699094,mobile,1,1,101.62866220720636,14,0,1,1
United States,0.05,0.1798308159569596,desktop,0,0,92.60781420908172,15,0,0,1
United Kingdom,0.06,0.08659686801149491,desktop,0,1,67.14714194901987,15,0,0,1
France,0.07,0.2848287972181502,desktop,0,0,44.80763156392753,15,0,1,0
Netherlands,0.08,0.29622530573889405,mobile,0,0,48.45026596684731,10,0,0,1
United States,0.05,0.08569683296622846,desktop,0,1,80.43872185463927,3,1,1,1
Canada,0.05,0.14554547979271085,desktop,0,0,58.16892173847615,14,0,1,0
Japan,0.05,0.2644098927909249,tablet,0,0,60.53885165222238,5,0,1,0
Canada,0.05,0.21094956829774944,desktop,0,0,71.8216263391027,4,0,1,0
United Kingdom,0.06,0.0920243183886791,desktop,0,0,63.79011719851307,19,1,1,0
United Kingdom,0.06,0.012006553711096714,desktop,0,0,39.949644142466575,3,0,1,0
Canada,0.05,0.16824178625157094,mobile,0,0,46.25580612066477,12,0,1,1
France,0.07,0.08785899091155837,desktop,0,0,46.649550529168145,8,0,1,0
Netherlands,0.08,0.23314591508609692,desktop,0,0,57.13179958019561,4,0,1,0
Australia,0.06,0.2342752945370285,tablet,0,0,76.06079926386764,22,0,1,0
Japan,0.05,0.5124860902968184,desktop,0,0,152.18261221078177,15,1,1,1
Indonesia,0.3,0.06096960895634047,desktop,0,1,111.64325466354435,11,0,1,0
Canada,0.05,0.19205689339811127,mobile,0,0,45.03954092708615,20,0,1,0
Canada,0.05,0.04084984755943564,desktop,0,1,82.04316065171591,8,0,1,0
India,0.18,0.06217738027111596,desktop,0,0,55.962823890995224,7,0,1,0
Germany,0.05,0.5730290863001667,mobile,0,0,241.19810938594208,0,1,1,0
Japan,0.05,0.3450499031730628,mobile,0,1,71.01801527481014,18,0,1,1
Japan,0.05,0.03299195094525533,desktop,0,0,60.5481897341673,23,0,1,0
United States,0.05,0.2606456004481696,mobile,1,0,81.12616288928339,20,0,1,0
France,0.07,0.18539632830208025,mobile,0,0,78.96244425479816,0,0,1,0
United Kingdom,0.06,0.29693148736195646,mobile,0,0,64.52284030865745,8,0,1,0
United Kingdom,0.06,0.18289184947027082,mobile,0,0,90.72899464167676,23,0,1,0
France,0.07,0.05073179090095824,mobile,0,0,125.03995597761167,22,0,1,0
Germany,0.05,0.22907900151288008,desktop,0,0,101.63216716387974,5,0,1,0
Netherlands,0.08,0.20607500071412843,desktop,0,0,69.95739074005829,9,0,1,0
Brazil,0.2,0.1953321597877771,desktop,0,0,137.2538627708504,13,0,0,1
Netherlands,0.08,0.12772912111039705,desktop,0,0,87.24650442691228,2,0,1,0
Germany,0.05,0.13167660562261502,tablet,0,0,50.18909427777978,9,0,1,0
Germany,0.05,0.19395259015816568,desktop,1,0,75.1299155017591,18,0,1,0
Germany,0.05,0.07696336177870491,desktop,0,0,68.31546350527792,18,0,1,0
United Kingdom,0.06,0.08137424528055663,desktop,0,0,60.97793379240041,4,0,1,0
Russia,0.6,0.1525269547089192,mobile,0,0,82.27191803965869,12,0,1,0
Canada,0.05,0.06148250092392271,mobile,0,1,38.18131171039552,4,0,1,0
Germany,0.05,0.09756130655560831,desktop,0,0,129.16523829810606,17,0,1,0
Netherlands,0.08,0.2955031117145086,mobile,0,0,91.30249916744957,15,0,1,1
Canada,0.05,0.15835943437134806,desktop,0,0,38.687333015543565,16,0,1,0
United States,0.05,0.19724103777400995,tablet,0,1,90.92449428002399,12,0,1,0
United Kingdom,0.06,0.6734612470855541,mobile,1,0,344.9442637055372,8,0,1,1
Australia,0.06,0.20495035545180898,desktop,0,0,123.08246699525138,1,0,1,1
Netherlands,0.08,0.13569091444702455,mobile,0,0,134.74909903154438,18,0,1,1
United Kingdom,0.06,0.36377843389018555,desktop,0,0,142.93454966042606,19,0,0,1
Brazil,0.2,0.2324782590234285,desktop,1,1,66.87155552606653,10,0,1,0
Netherlands,0.08,0.2877257626336063,desktop,0,0,89.057790296112,0,0,0,1
Netherlands,0.08,0.13023996186483566,desktop,0,0,62.29408632110581,13,0,1,0
Germany,0.05,0.11790888948288887,tablet,0,0,103.79836056110503,4,0,1,0
United States,0.05,0.04157550894723945,mobile,0,0,34.58753285767042,22,0,1,0
Netherlands,0.08,0.10053278069260534,mobile,0,0,47.162976800486575,15,0,1,0
Germany,0.05,0.2313845644782234,tablet,0,0,63.316417478963494,23,0,1,1
Australia,0.06,0.357974089826885,desktop,0,1,72.16287059471092,18,0,1,0
Japan,0.05,0.4036894642415819,desktop,0,1,162.9468407915249,21,1,0,1
United Kingdom,0.06,0.005419677924637683,mobile,0,0,115.12560471535026,10,0,1,0
Netherlands,0.08,0.029878475672148772,desktop,0,0,58.7020007972986,22,0,1,0
Russia,0.6,0.02506855581106729,mobile,0,1,46.887321886029376,10,0,0,1
Japan,0.05,0.3115452941675556,desktop,0,1,64.3514252057048,9,0,1,0
France,0.07,0.24758150934855225,desktop,0,0,59.61336195358788,22,0,0,0
Nigeria,0.55,0.16349648187313115,desktop,1,0,89.44496940419188,8,0,1,1
France,0.07,0.1040512696044312,desktop,0,0,125.68145320348445,7,0,1,0
Japan,0.05,0.1682512649852551,desktop,0,0,121.78443733574926,12,0,1,0
Netherlands,0.08,0.11792439627395536,desktop,0,0,107.91079750054249,13,0,1,0
Japan,0.05,0.04551387849756744,desktop,0,0,60.37992053669573,13,0,1,1
Germany,0.05,0.5290802659663526,mobile,0,0,642.6758951520112,15,1,1,1
United Kingdom,0.06,0.16590568522769283,desktop,0,0,85.50833493039228,11,1,1,0
Germany,0.05,0.06323410977578864,desktop,0,1,56.276747161512745,22,0,1,1
France,0.07,0.12692016100546946,desktop,0,0,58.141897086786244,21,0,1,0
France,0.07,0.2799239964580562,desktop,1,0,84.02088627967075,18,0,0,1
Australia,0.06,0.2711497830166045,desktop,0,1,45.71602245171869,8,0,1,0
Canada,0.05,0.07219716174115148,desktop,0,0,108.03028731244557,2,0,1,0
Netherlands,0.08,0.11709394836469572,desktop,0,0,64.03736792965591,0,0,1,1
Brazil,0.2,0.42217890735077435,tablet,0,0,280.2201312093701,18,1,1,1
Germany,0.05,0.2012523519455452,desktop,0,0,79.23238323113947,3,0,1,0
Japan,0.05,0.2500229158036151,desktop,0,0,114.31598515365877,14,0,1,0
Japan,0.05,0.10222189073931177,mobile,0,1,34.9925913324014,10,0,1,0
France,0.07,0.03213740166876997,desktop,0,1,114.56638945722325,18,0,1,0
United Kingdom,0.06,0.15208224008241286,desktop,0,0,113.67436533265924,20,1,1,1
Netherlands,0.08,0.20886448281223063,desktop,0,0,81.32305215767414,2,1,0,1
Romania,0.4,0.24895469263626627,mobile,0,0,88.45181375984926,11,0,0,1
Japan,0.05,0.13746933274174983,mobile,0,1,90.80659142630668,22,0,1,0
Brazil,0.2,0.009962727463988531,desktop,0,0,53.764747391132666,9,0,1,0
Pakistan,0.45,0.21548102646047665,mobile,0,0,75.10965974336276,19,0,1,1
Canada,0.05,0.26340452866330333,desktop,0,0,100.63557570046581,17,0,0,1
Australia,0.06,0.049711600452652834,mobile,0,1,39.422372715039096,20,0,1,0
France,0.07,0.19009785958619596,desktop,0,0,86.90893048996489,1,0,1,0
Pakistan,0.45,0.5346087940826124,mobile,1,0,181.625427027084,21,0,0,1
United States,0.05,0.41831510791728843,desktop,0,0,195.6843712401727,0,1,1,0
Canada,0.05,0.4613525645536666,desktop,0,0,174.54857384019508,2,1,0,1
Nigeria,0.55,0.23975556080092683,desktop,0,0,56.810458902978375,4,0,1,0
Germany,0.05,0.191742857464251,tablet,0,0,45.21151922958235,19,0,1,0
Netherlands,0.08,0.6106711448853863,desktop,0,0,200.42439818143248,3,0,1,0
Canada,0.05,0.4111377088431877,desktop,0,0,280.10540185985474,16,1,1,1
Indonesia,0.3,0.17612874905224077,tablet,1,0,59.97280728977561,7,0,0,1
Nigeria,0.55,0.11065730947397896,mobile,0,0,58.44989153387182,16,0,1,0
Germany,0.05,0.04162709112799044,mobile,0,0,107.95521363594183,16,0,1,0
Netherlands,0.08,0.25369628714668546,desktop,1,0,65.35142862517233,9,0,1,1
Canada,0.05,0.1547139193744837,desktop,0,0,103.26556914956713,23,0,1,0
Australia,0.06,0.21434414511355668,tablet,0,0,51.04547342487714,6,0,1,1
Japan,0.05,0.3916809183223803,desktop,0,0,183.0510652839015,1,1,0,1
Netherlands,0.08,0.07876705973033103,mobile,0,0,53.67858476921885,14,0,1,0
United States,0.05,0.1488131163210051,mobile,0,0,89.27863727705986,1,0,1,0
Germany,0.05,0.01479044375005029,tablet,0,0,68.5510446565249,6,0,1,0
Japan,0.05,0.22439705942981505,mobile,0,0,95.19171712755288,12,0,1,0
Australia,0.06,0.20577601803621814,desktop,0,1,77.75010065771258,22,1,1,1
France,0.07,0.2190199038689434,mobile,0,0,37.29693601482051,16,0,0,1
United States,0.05,0.46124580467874743,tablet,0,0,604.078435687725,14,1,1,1
Canada,0.05,0.10048188031737527,tablet,0,0,43.060252719128265,12,0,1,0
Netherlands,0.08,0.3201354810784023,desktop,0,0,83.20241322094196,8,0,1,0
United States,0.05,0.08897746765293546,desktop,0,0,89.5067181061989,19,0,1,0
Canada,0.05,0.2473014088355883,mobile,0,0,92.81588942293452,0,1,0,1
Russia,0.6,0.020281922204344664,mobile,1,1,70.59784683350776,3,0,1,1
United States,0.05,0.3903486486356842,desktop,0,0,188.70022660427338,3,0,1,0
Japan,0.05,0.6371601755206885,desktop,0,0,174.4738233782149,14,1,0,1
Germany,0.05,0.11278318987833863,desktop,1,0,84.98718800657774,6,0,1,0
Netherlands,0.08,0.13281277600457161,desktop,0,0,69.1383368856056,1,0,1,0
Japan,0.05,0.04719110766418305,desktop,0,0,75.93823755563838,3,0,1,1
Nigeria,0.55,0.3003204061814386,tablet,0,0,38.06235739912848,15,1,1,1
United Kingdom,0.06,0.23772872547062826,mobile,0,0,75.42820376893948,13,0,1,1
France,0.07,0.1633255529047249,desktop,1,1,70.95633879850999,12,0,1,1
Netherlands,0.08,0.3328831905830789,mobile,0,0,48.208957491545526,17,0,1,1
Germany,0.05,0.21065155956819506,desktop,0,0,88.66762185702831,12,0,1,0
Germany,0.05,0.298266997330956,mobile,0,0,61.992081174290064,21,0,0,1
United States,0.05,0.16398996260790655,mobile,0,1,79.8533247166292,13,0,0,1
Romania,0.4,0.5307538448527842,desktop,0,0,285.94532950811197,15,1,0,1
Japan,0.05,0.04254273972488362,tablet,1,0,82.6884825876527,7,0,1,1
Australia,0.06,0.19264208219299706,desktop,0,0,46.09597622085169,13,0,1,1
Japan,0.05,0.28904579246434214,mobile,0,0,64.42897848809648,4,0,1,1
France,0.07,0.36814680517456694,tablet,0,0,155.29264325751456,5,0,1,0
France,0.07,0.12411285389637997,mobile,0,0,120.11350682300082,23,0,1,0
France,0.07,0.2423841617079141,desktop,0,0,98.69970920473756,20,0,1,0
Australia,0.06,0.10028101423799557,desktop,0,0,81.12683244443724,9,0,1,0
United Kingdom,0.06,0.3456031444510075,desktop,0,0,52.152961866079934,7,0,1,0
Vietnam,0.35,0.13566813870665428,desktop,0,0,69.63030638670077,14,0,1,0
Netherlands,0.08,0.22454269878169075,desktop,0,0,63.5702904143174,16,0,1,0
Canada,0.05,0.13149453701796374,desktop,1,0,71.54719732069226,0,0,0,0
Australia,0.06,0.14164309111006196,mobile,0,0,44.42185417577982,17,0,1,0
United Kingdom,0.06,0.2710766109892588,desktop,0,0,102.93259866097621,0,0,1,0
Indonesia,0.3,0.4898681352226627,desktop,0,1,202.99201019110765,1,0,0,1
Brazil,0.2,0.34991417069986896,mobile,0,0,99.48314956402066,11,0,1,0
India,0.18,0.19168315122785512,desktop,0,0,100.15110083708618,15,0,1,0
Canada,0.05,0.1838539938657118,mobile,1,0,166.3997784254315,8,0,0,1
United Kingdom,0.06,0.062010163008007414,mobile,0,0,67.5301127674822,22,0,1,0
United Kingdom,0.06,0.03826468345453114,desktop,0,0,61.43650949256603,9,0,1,0
United States,0.05,0.11546021271154636,desktop,0,0,76.87042298693076,16,0,1,0
United Kingdom,0.06,0.34997089719153074,mobile,0,0,89.65208864358796,12,0,1,0
United States,0.05,0.08330233276722822,desktop,0,0,71.40867228825238,11,1,1,0
Pakistan,0.45,0.15163205347679812,desktop,0,0,48.71234586333945,7,0,1,0
United States,0.05,0.2358551615086257,mobile,0,0,89.61173279486998,9,0,1,0
United Kingdom,0.06,0.29200708168514283,mobile,0,0,73.68284260808353,8,0,1,0
Netherlands,0.08,0.2997366324106787,desktop,1,0,51.786807127697905,3,1,0,1
Australia,0.06,0.12038853172261349,desktop,1,0,41.73358447374817,17,0,1,0
Netherlands,0.08,0.2024441248451975,mobile,0,0,174.88363136560557,5,0,1,1
Australia,0.06,0.11091960256142025,desktop,0,0,98.61419577299053,0,0,1,0
Nigeria,0.55,0.15452659382500694,mobile,0,0,89.63843741643703,21,0,1,0
Australia,0.06,0.10722499336440393,desktop,0,0,70.79286982876167,16,0,1,0
France,0.07,0.21899680236616012,desktop,0,0,93.83103249976338,9,0,1,0
Japan,0.05,0.24459060802918722,desktop,0,0,50.99361015853717,17,1,1,1
France,0.07,0.2562111965525201,mobile,0,0,79.02697477445396,3,0,1,0
Canada,0.05,0.06990042853731022,desktop,0,0,80.24210579759718,8,0,1,0
France,0.07,0.17103019439546271,tablet,0,0,51.4372195290029,9,0,0,0
United Kingdom,0.06,0.10750730912899328,mobile,0,0,71.05428685646095,11,0,1,0
Netherlands,0.08,0.07729398263849688,mobile,0,0,63.78593707218285,10,0,1,0
Germany,0.05,0.07658362442113788,mobile,0,0,56.40833360123237,10,0,1,0
United Kingdom,0.06,0.2420385630845403,desktop,0,0,61.032234337301816,8,0,1,0
Germany,0.05,0.3758382825235639,desktop,0,0,298.301715885074,9,1,1,1
Netherlands,0.08,0.07578992829793951,desktop,1,0,106.90944041091392,0,0,1,0
Canada,0.05,0.11366081942985992,desktop,1,0,127.33390491294602,0,0,1,1
Japan,0.05,0.4021343306659659,desktop,0,1,240.7590839181627,8,1,0,1
Netherlands,0.08,0.03765250197890864,mobile,0,0,108.68971932827908,16,0,1,1
United States,0.05,0.09341238119089584,mobile,0,0,72.87865773892426,21,0,1,0
Netherlands,0.08,0.1974777963501657,desktop,0,0,73.43716103013169,21,0,1,0
Germany,0.05,0.19407431493373523,desktop,0,0,46.83576193465108,6,0,1,0
United Kingdom,0.06,0.5770379509187216,mobile,0,0,142.67478933123869,13,1,1,1
Japan,0.05,0.1434666915422922,mobile,0,0,88.80861971228559,8,0,1,0
Brazil,0.2,0.1534819281825133,tablet,0,0,52.38555997541231,1,0,0,1
Germany,0.05,0.20888880271724247,desktop,1,0,56.849561223531346,17,1,1,0
Australia,0.06,0.20074581860153026,desktop,0,0,61.69239759823524,1,0,0,0
Germany,0.05,0.018054529241414975,mobile,0,0,22.363982143421772,3,0,1,0
Australia,0.06,0.15986571839030592,desktop,0,0,82.6732790469592,20,0,1,1
Australia,0.06,0.17675525377011744,mobile,0,0,92.10587774227915,20,0,0,0
Australia,0.06,0.41826646031438747,desktop,0,0,433.7066031703479,14,0,1,0
Australia,0.06,0.09684476663082044,desktop,0,1,102.51325111559218,13,0,1,0
United Kingdom,0.06,0.11789063533471364,mobile,0,0,63.09172476827766,17,0,1,0
Japan,0.05,0.37007814805182954,mobile,0,0,138.92241804452627,12,0,1,0
Japan,0.05,0.045072639972632764,desktop,0,1,54.83473713921363,17,0,1,0
Japan,0.05,0.18135281906397782,mobile,0,0,68.13110880787218,3,0,0,1
United States,0.05,0.06238750740297428,mobile,0,0,65.8165590691088,23,0,1,0
France,0.07,0.2731312694538195,mobile,0,0,78.66536080861295,1,0,1,0
Canada,0.05,0.057900962454331135,tablet,1,0,67.77203685101816,17,0,1,0
United States,0.05,0.19399091702212856,mobile,0,0,71.09186751085437,20,0,1,0
Germany,0.05,0.03220571687458051,mobile,0,0,58.12143992632145,0,0,1,0
France,0.07,0.03392948601181897,mobile,0,0,63.21411535398477,5,0,1,0
Japan,0.05,0.4094625324944187,mobile,0,0,212.29773147397975,6,1,1,0
Germany,0.05,0.07190926772368224,tablet,0,0,97.59750034712822,10,1,1,0
Netherlands,0.08,0.19301719227129027,mobile,0,0,51.53731102402854,4,0,1,0
Australia,0.06,0.20668249476688597,desktop,0,0,62.070443282585636,12,0,1,0
Japan,0.05,0.23307891274644948,desktop,1,0,50.86041222378442,22,1,1,1
France,0.07,0.13873333965950418,mobile,1,0,89.9621128508483,0,0,0,0
France,0.07,0.1432441700938493,tablet,0,0,60.93577811413779,21,0,1,0
Australia,0.06,0.39472722132633253,desktop,0,0,396.3515910476894,16,1,1,1
India,0.18,0.4499629806232321,tablet,0,0,279.4241680300322,10,1,0,1
France,0.07,0.17738109843520358,desktop,0,1,56.73922536827079,13,0,1,0
France,0.07,0.08964486124276708,desktop,0,0,73.09943962606097,3,0,1,0
Australia,0.06,0.20839176835901718,tablet,0,0,98.61908260130383,21,0,1,1
Japan,0.05,0.044326563111481185,tablet,0,0,52.16210413338537,1,0,1,0
United States,0.05,0.18167349675972247,mobile,1,0,72.39898351063256,3,1,0,1
France,0.07,0.4140494240744145,tablet,0,0,143.34148734738247,16,1,1,1
France,0.07,0.12953312814565157,mobile,0,1,104.09829848246834,4,0,0,1
India,0.18,0.5429663430526265,mobile,1,0,292.2163502150807,1,1,1,1
France,0.07,0.20812588709362365,mobile,0,0,73.10661469001198,6,0,1,0
France,0.07,0.30895384938315124,desktop,0,0,47.735828035082676,13,0,1,0
Romania,0.4,0.27655699039422793,desktop,1,0,95.82930191779035,7,0,1,1
France,0.07,0.18805794349848967,desktop,1,0,100.18126537831921,20,0,1,0
United Kingdom,0.06,0.029269934733477367,desktop,0,0,56.36505766614472,22,0,1,0
United Kingdom,0.06,0.1503049677251013,desktop,0,1,77.77803530021718,10,0,1,0
United States,0.05,0.2259477582415354,desktop,0,0,90.54074275823618,13,0,1,0
United States,0.05,0.437598042504065,desktop,0,0,248.90568762429683,14,1,1,1
Canada,0.05,0.10758545211209335,mobile,0,0,84.51214065939836,6,0,0,1
Netherlands,0.08,0.21069148500347584,desktop,0,0,73.68922272658952,11,0,1,0
Japan,0.05,0.3685954685932849,desktop,0,0,69.79209870181437,5,0,1,1
United States,0.05,0.1723309711260561,desktop,0,1,71.25979814679548,23,0,1,0
Australia,0.06,0.48794027315175864,desktop,0,0,195.46067164427768,12,1,0,1
United Kingdom,0.06,0.11429535808196299,mobile,0,0,54.1245453464551,10,0,1,0
Russia,0.6,0.03273063778981359,mobile,0,0,102.14971616681622,4,0,0,1
United Kingdom,0.06,0.19528367407443395,mobile,0,0,42.9726147505498,3,0,1,0
Australia,0.06,0.09194075008649841,mobile,0,0,93.05753132018354,1,0,1,0
Canada,0.05,0.07396671893743116,tablet,0,0,102.58400251065204,7,1,1,0
Australia,0.06,0.1676723126684652,mobile,0,0,97.72539249241197,14,0,1,0
Canada,0.05,0.15441030909259587,desktop,0,0,81.01509356099982,22,0,1,0
Japan,0.05,0.4457400193643945,desktop,0,0,152.74174323380896,16,1,0,1
Germany,0.05,0.06663675142378808,mobile,0,0,64.06699772310753,3,0,1,0
Brazil,0.2,0.07239964398158452,mobile,0,0,49.71298797340519,1,1,0,1
France,0.07,0.39901884237592294,mobile,0,0,209.90545947178757,12,1,1,0
Japan,0.05,0.045940087415674756,desktop,0,0,75.50084389273285,12,0,1,0
Netherlands,0.08,0.24397024116877714,tablet,1,0,101.82847629526997,1,0,0,1
Pakistan,0.45,0.04722017930808176,desktop,0,0,70.14413734862781,13,0,1,1
Germany,0.05,0.30435531072739563,tablet,0,0,77.91609306880395,2,0,1,0
Germany,0.05,0.1218432853950364,desktop,0,0,81.49958744673928,15,0,1,0
Germany,0.05,0.1233066608802104,desktop,0,0,90.04752489928859,23,0,1,0
Germany,0.05,0.12577267569441428,desktop,0,0,102.72019173079704,0,0,1,1
Australia,0.06,0.18669823918126527,desktop,0,0,52.78318821006418,6,0,1,0
Pakistan,0.45,0.03867486868568084,desktop,1,0,94.21659536609087,19,0,0,1
Pakistan,0.45,0.09726695740357932,mobile,0,0,69.18615959377918,17,0,1,0
France,0.07,0.02870791522923441,desktop,1,0,92.28808641091975,12,0,1,0
Australia,0.06,0.057513729978368316,desktop,0,0,123.6512821934317,22,0,1,1
Netherlands,0.08,0.09826097206517213,desktop,0,1,35.235976842768856,9,1,1,0
India,0.18,0.13156736006695877,mobile,0,0,112.73702544545428,15,0,1,0
United Kingdom,0.06,0.4797739463553677,desktop,1,1,229.62664812319707,10,0,0,1
France,0.07,0.04583352145255335,desktop,0,0,54.63033827118447,23,0,1,0
Netherlands,0.08,0.4658732861461066,mobile,0,0,201.986014710587,10,0,1,0
Germany,0.05,0.21176094093422682,desktop,0,0,51.36728904029512,2,0,1,0
France,0.07,0.3471816079394952,tablet,0,0,88.02527041664841,20,0,1,1
Pakistan,0.45,0.17364688442556042,desktop,0,1,51.306451401237084,9,0,1,1
Pakistan,0.45,0.40209956182739137,mobile,0,0,322.1374511393816,16,1,0,1
Brazil,0.2,0.3203538620643078,mobile,0,1,93.89440384791621,9,0,1,1
Netherlands,0.08,0.1241626168904379,desktop,0,0,79.79847503045892,6,0,1,0
Germany,0.05,0.01621439155305914,mobile,0,1,36.13813139156534,5,0,1,0
Germany,0.05,0.01585695843119232,desktop,0,0,46.39103794966821,0,0,1,0
Australia,0.06,0.1764239632288231,desktop,0,0,71.6610209995201,2,0,1,1
Australia,0.06,0.1182264584544188,mobile,0,1,73.04045726299478,9,0,1,0
France,0.07,0.23273790114405604,tablet,0,0,102.40473875233162,18,0,1,0
Australia,0.06,0.5248767726657368,desktop,1,0,206.44699927925416,4,1,1,1
Canada,0.05,0.2835690719374113,mobile,0,0,56.502800782224384,16,0,1,0
Japan,0.05,0.06607012459757311,desktop,0,0,98.7883144961431,14,0,1,0
Canada,0.05,0.08780098290098062,desktop,0,0,65.49489932691007,16,0,1,0
Canada,0.05,0.18388047240157582,desktop,0,0,62.57955932576383,15,0,1,0
United Kingdom,0.06,0.38904567917825916,mobile,0,0,157.30413731060838,20,1,1,0
United Kingdom,0.06,0.18226962635719882,mobile,1,0,106.74932732201592,7,0,1,1
Netherlands,0.08,0.378729962220723,desktop,0,0,214.55328071013355,16,1,1,1
France,0.07,0.04020632851319395,tablet,0,1,108.07157877214523,20,0,1,0
Germany,0.05,0.11314864469318804,mobile,0,0,123.1021626258078,15,0,1,0
Japan,0.05,0.40850572922656286,desktop,0,0,290.91797222535473,23,1,1,1
Australia,0.06,0.10962777049138189,desktop,0,0,72.8683164429196,19,0,1,0
United States,0.05,0.20406998545266927,mobile,0,1,62.21139013007051,11,0,1,0
Germany,0.05,0.39129588077063593,desktop,0,0,364.78107399762206,18,1,1,1
United Kingdom,0.06,0.08434571639317318,desktop,0,1,146.777776082003,11,0,1,1
Japan,0.05,0.14219419362708657,desktop,0,0,68.4316326022354,21,0,1,0
Germany,0.05,0.06342351469358652,desktop,1,0,106.54917842067769,1,0,1,0
United States,0.05,0.18442292765171686,desktop,0,0,87.25545589040408,23,0,1,0
United States,0.05,0.10678547928025989,mobile,0,0,63.81348290929548,21,0,1,0
Australia,0.06,0.3132000651603023,mobile,1,0,67.45325867007638,7,1,1,1
United States,0.05,0.207844010645156,tablet,0,0,111.51838964914542,3,0,1,0
Netherlands,0.08,0.14735596312446705,mobile,0,0,74.5106560079774,13,0,1,0
United Kingdom,0.06,0.12464889801673859,desktop,0,0,62.876020374845886,15,0,1,1
Australia,0.06,0.038050050319239075,desktop,0,0,55.567289899932526,8,0,1,0
France,0.07,0.30815051354771467,desktop,0,0,82.43612134464995,15,0,1,0
France,0.07,0.19703233197641995,tablet,0,0,61.51238164025173,12,0,1,0
United States,0.05,0.13330190707589928,desktop,0,0,90.72752731003688,8,0,1,0
Netherlands,0.08,0.22196612653825584,desktop,0,0,179.5497751713637,11,0,1,0
Vietnam,0.35,0.08267908319290519,mobile,0,0,88.35235450119856,2,0,1,0
United States,0.05,0.18880025532963945,desktop,0,1,138.5784254006412,13,0,1,0
United Kingdom,0.06,0.33876684198510293,tablet,0,0,57.386512054663754,15,0,1,0
Brazil,0.2,0.1864109948933134,desktop,0,0,93.63389565423304,23,0,1,0
Australia,0.06,0.12089962078319963,desktop,0,0,114.3738002543787,8,0,1,1
United Kingdom,0.06,0.16950097697800048,tablet,0,0,119.45480827043818,2,0,1,0
United Kingdom,0.06,0.3577787189674035,desktop,0,0,115.3240329475341,3,0,1,0
Japan,0.05,0.08979277170411126,desktop,0,0,74.12878422986984,21,0,1,0
Japan,0.05,0.1392880462034635,mobile,0,0,100.63207095068799,21,0,1,0
Australia,0.06,0.1797186078587183,mobile,0,1,51.616796004291906,18,0,1,0
Romania,0.4,0.01719173024707561,desktop,1,0,129.34628603557948,11,1,0,1
France,0.07,0.13057458877191666,desktop,0,0,52.81242985274607,23,0,1,0
Germany,0.05,0.36457363408644283,desktop,1,0,114.31391888025176,16,0,0,1
France,0.07,0.018310980245048326,desktop,0,0,106.19137568323126,5,0,1,1
Canada,0.05,0.08165112519506795,desktop,1,0,105.95547271578563,7,0,1,0
Germany,0.05,0.09118573427399738,desktop,0,0,151.85918410259842,22,0,1,0
United States,0.05,0.07899351841934545,mobile,0,0,106.52085809213207,3,0,1,0
Canada,0.05,0.06865807039587728,mobile,0,0,46.32559609499216,17,0,1,0
Japan,0.05,0.11546245397419132,desktop,0,0,90.59955007721936,0,0,1,0
United States,0.05,0.4127500386578106,desktop,0,0,341.4406984840281,16,1,1,1
France,0.07,0.041444624187527195,desktop,0,0,71.3862092466815,8,0,1,0
Australia,0.06,0.05050983406649481,desktop,0,0,63.570938456995435,0,0,1,1
Australia,0.06,0.09235295247588501,tablet,0,0,92.1340691908266,1,1,1,1
Netherlands,0.08,0.4830371138064813,desktop,0,0,188.89997542350287,4,1,0,1
Netherlands,0.08,0.21892304371001076,mobile,0,0,55.837935076716626,23,0,1,0
Japan,0.05,0.20279435575770938,mobile,1,0,87.83131798825619,23,1,1,1
United States,0.05,0.366332443364703,mobile,0,0,111.18192165073195,5,0,1,0
France,0.07,0.09843604919121296,mobile,0,0,73.7674994149784,7,0,1,0
Australia,0.06,0.13453027765331405,mobile,0,1,166.1792999831957,3,0,1,0
Germany,0.05,0.01802155611917186,mobile,0,0,65.35642513565453,12,0,1,0
United States,0.05,0.15840488578984352,desktop,0,0,93.49496728496295,19,0,1,0
Germany,0.05,0.15191487283128224,mobile,0,0,83.04962312835784,12,0,1,0
France,0.07,0.3490572976837843,desktop,0,0,65.36819713541954,19,0,1,0
Canada,0.05,0.07086430479170193,desktop,0,0,116.62782092304334,23,0,1,0
United Kingdom,0.06,0.48165367194189185,mobile,0,0,155.24868645533283,23,1,1,0
Netherlands,0.08,0.5399915088807257,mobile,0,0,140.07389275226444,7,0,1,0
India,0.18,0.12401440649040656,desktop,0,0,70.51713952114964,5,0,1,1
United Kingdom,0.06,0.023656425707814493,mobile,0,0,67.36294166804285,11,0,1,0
India,0.18,0.14888631526195398,desktop,0,0,106.91062796182115,1,0,1,0
United States,0.05,0.3037318176026461,mobile,0,0,47.588280419822,10,0,0,1
India,0.18,0.4456087062655227,mobile,0,0,303.3933176519893,17,0,1,1
Romania,0.4,0.34130906773625613,desktop,1,0,84.8536406884741,4,0,1,1
United States,0.05,0.418104814875869,desktop,0,0,316.09525165803075,19,0,0,1
Netherlands,0.08,0.059084044583957926,tablet,0,0,106.21096561283217,20,0,1,0
Indonesia,0.3,0.035829336939911804,desktop,1,0,73.09733692110721,8,0,1,1
Brazil,0.2,0.0720651900290423,tablet,0,0,75.05822304044534,7,0,1,0
Indonesia,0.3,0.3150764849988599,desktop,0,0,86.28000235137647,22,0,1,0
Australia,0.06,0.3579873176436548,desktop,1,0,71.11609483530263,19,0,0,1
United States,0.05,0.3453933828319813,mobile,0,0,45.894905598603984,18,0,1,0
Netherlands,0.08,0.17724255440833123,desktop,0,1,63.83689069865291,8,0,1,0
Australia,0.06,0.03055623606397235,desktop,0,0,67.31374616071437,9,0,1,0
Australia,0.06,0.09130465733477824,mobile,1,0,60.531167258721524,16,0,1,1
Canada,0.05,0.3307314103106748,desktop,0,0,65.97173652370795,17,0,1,0
Australia,0.06,0.07070345959074156,desktop,0,0,78.4813757185438,5,0,1,0
United Kingdom,0.06,0.13552014075043453,mobile,1,0,66.9617556221961,0,0,1,0
Japan,0.05,0.2988598461891937,desktop,0,1,99.37407977863799,1,0,0,1
United States,0.05,0.23439695092519336,mobile,0,0,99.9181426467068,8,0,1,1
Japan,0.05,0.22553502012607676,mobile,0,1,32.05415089973655,11,0,1,0
Netherlands,0.08,0.24329072201101185,mobile,0,0,44.629605443924596,4,0,1,0
France,0.07,0.24088335810966466,desktop,0,0,31.764127221268804,0,0,1,0
France,0.07,0.23539201782916208,tablet,0,0,66.96466325065956,7,0,1,0
Germany,0.05,0.08237411459127564,desktop,0,0,65.52283829227625,20,0,1,0
Indonesia,0.3,0.15360106473738555,tablet,0,0,77.69893892304893,5,0,1,0
Japan,0.05,0.07367135762840159,mobile,0,0,98.97644561571073,15,0,1,0
Canada,0.05,0.20627858241087726,mobile,0,0,72.60545304728403,17,0,1,0
United Kingdom,0.06,0.1350051051178237,desktop,1,0,59.67954598530858,14,0,1,0
Germany,0.05,0.005567535446945758,desktop,0,1,73.58856474723083,19,0,1,1
France,0.07,0.33530384321348516,desktop,0,0,62.000182535176,6,0,1,0
Russia,0.6,0.17365130553840072,mobile,0,0,43.94456963541507,4,0,0,1
Japan,0.05,0.17799036534381915,desktop,1,0,103.0518458995074,3,0,1,0
United Kingdom,0.06,0.0455995786255609,desktop,0,0,85.50703511249681,10,0,1,0
Netherlands,0.08,0.43444300640912736,desktop,1,0,309.6062938437459,12,0,0,1
Canada,0.05,0.1121249548899951,desktop,0,1,47.80059761041185,14,1,1,1
Netherlands,0.08,0.04197113177011779,desktop,0,0,41.88096939259521,21,0,1,0
Germany,0.05,0.3441280676532953,desktop,0,0,53.11259813832229,3,1,1,0
Australia,0.06,0.07993721473824605,desktop,0,0,84.74108281495359,14,0,1,0
India,0.18,0.046308025397896815,desktop,0,0,99.54734099847359,8,0,1,0
Germany,0.05,0.1651632032070781,desktop,0,0,81.46697366722452,16,0,1,0
Japan,0.05,0.19520093934535807,mobile,0,0,77.49911214392438,4,0,1,0
Pakistan,0.45,0.1978693319962222,tablet,1,0,99.3935852736386,0,0,1,0
United Kingdom,0.06,0.22259913404387882,desktop,0,0,62.75257116219197,13,0,1,0
United States,0.05,0.13624767420322006,mobile,0,0,106.67175290498584,7,0,1,0
Japan,0.05,0.24323391968913205,desktop,0,0,147.63687831280325,21,0,1,0
Canada,0.05,0.08743709371496423,mobile,0,0,50.80715938132055,17,0,1,0
United States,0.05,0.31060360022168154,desktop,0,0,67.42929524742128,11,0,0,1
France,0.07,0.4077920143847268,mobile,0,0,147.19698134745283,9,0,0,1
Japan,0.05,0.176504066666624,mobile,0,0,52.57215148210054,16,0,1,0
Germany,0.05,0.32351961767628823,mobile,0,0,84.55397422857865,11,0,1,1
Canada,0.05,0.1764568441027885,desktop,0,0,40.85518795712879,17,0,1,0
Netherlands,0.08,0.22003926212962768,mobile,0,0,56.100508882214584,17,0,1,0
France,0.07,0.2991793701601466,desktop,0,0,106.56660539592396,23,0,1,0
Netherlands,0.08,0.04067689645147164,desktop,0,0,79.69500062360096,7,1,1,0
France,0.07,0.39827613938170864,mobile,0,0,220.81730158908562,15,1,1,1
Romania,0.4,0.24853969360384584,mobile,0,0,46.864349469105335,11,0,1,1
Australia,0.06,0.05062688331122946,mobile,0,1,75.46754412275986,4,0,1,0
United Kingdom,0.06,0.06544556005795964,mobile,0,0,142.64402596852912,5,0,1,0
Nigeria,0.55,0.1467649188165546,mobile,0,0,58.45958328218499,0,0,0,1
France,0.07,0.12812252174984604,desktop,0,0,62.127798274969464,7,0,1,0
United Kingdom,0.06,0.32603312879278074,desktop,0,0,90.34131075936514,3,0,0,1
United Kingdom,0.06,0.1969065810974385,desktop,0,0,53.78845964764669,4,0,1,0
Japan,0.05,0.17094926339979405,mobile,0,0,94.73084851923316,2,0,0,1
United States,0.05,0.05641960477340928,mobile,1,0,39.297955063890335,0,0,0,0
Germany,0.05,0.04178188882108469,mobile,1,1,31.532663818463735,12,1,1,1
United Kingdom,0.06,0.08201517018104251,mobile,0,1,82.2738328339406,22,0,1,0
France,0.07,0.0902560452127577,desktop,0,0,52.30339279040364,10,0,1,0
Canada,0.05,0.08075513301254897,desktop,0,1,60.46036620204741,12,0,0,1
France,0.07,0.1959471727663398,tablet,0,0,100.16512034600578,14,0,1,0
Germany,0.05,0.1639983847362494,desktop,0,0,91.6959119393561,13,0,0,1
United States,0.05,0.4470304309320943,desktop,0,1,268.1586516047348,1,1,0,1
Australia,0.06,0.007811178369917367,mobile,1,1,88.40288101215104,10,0,0,1
Canada,0.05,0.011550950811113802,desktop,0,0,66.34878577718082,19,0,1,0
Australia,0.06,0.061316655507792535,desktop,1,0,85.28358480163642,5,0,1,0
United States,0.05,0.07297568763346148,mobile,1,0,73.18156585294592,2,0,1,0
United States,0.05,0.4707273048221086,desktop,0,0,190.40679575155912,15,1,1,1
Germany,0.05,0.22145067271402724,tablet,0,0,57.42070048631798,16,0,1,0
France,0.07,0.12899650564617438,mobile,0,0,31.682436386748552,17,0,1,0
Canada,0.05,0.17884775588093996,desktop,0,1,78.6345234542202,16,0,0,1
Netherlands,0.08,0.31808745008826644,tablet,1,0,84.68295401743885,7,0,1,1
Canada,0.05,0.1535398413004618,desktop,1,0,57.595898753753595,13,0,0,1
France,0.07,0.31963324321688796,desktop,0,0,70.77471062533682,20,0,1,0
Australia,0.06,0.14486378904794323,mobile,0,0,52.40893290757732,4,0,1,0
United States,0.05,0.2029211561951888,mobile,0,0,114.40443168539107,16,0,1,0
France,0.07,0.2644686149103434,desktop,0,0,46.98910864865277,14,0,1,0
Canada,0.05,0.1898484689846106,desktop,0,0,66.0979979020948,6,0,1,0
Canada,0.05,0.01571672945963494,desktop,0,0,46.78695604142136,22,0,1,0
United States,0.05,0.16606741042051587,desktop,0,1,80.01293703537395,3,0,1,0
Netherlands,0.08,0.07034701054287622,desktop,0,0,105.99269818484905,19,0,1,0
Russia,0.6,0.07823348969958246,tablet,0,0,35.63775774009247,13,0,0,0
United States,0.05,0.1083520243185881,mobile,0,0,92.65718073617208,3,0,1,0
Australia,0.06,0.14509119470118226,desktop,0,0,130.45681914758876,10,0,1,0
Netherlands,0.08,0.27217583556962505,desktop,0,1,77.10264277981145,7,0,1,1
Germany,0.05,0.0466922704661668,desktop,0,0,58.19715052484566,10,0,1,0
Netherlands,0.08,0.3110082293757938,desktop,0,0,72.72414366946302,18,0,1,0
Australia,0.06,0.18985728476345462,mobile,1,1,60.88785489252472,15,0,1,1
India,0.18,0.22402672900787302,mobile,0,0,146.5702351022594,4,0,1,0
Indonesia,0.3,0.02911648851056942,desktop,0,1,98.71620363717082,17,0,1,0
United States,0.05,0.045337818050647086,tablet,0,0,101.00412472998396,17,0,1,0
France,0.07,0.15576047397214676,mobile,0,0,156.6892064831905,2,0,1,0
Australia,0.06,0.7038391940406933,desktop,0,1,284.5078369360114,22,1,0,1
United Kingdom,0.06,0.3217171886680851,tablet,0,0,70.63408852347649,0,0,1,0
Canada,0.05,0.5341050445473284,desktop,1,0,196.13191623962732,6,1,0,1
Pakistan,0.45,0.20768430433516458,tablet,0,0,168.32958244187733,6,0,0,1
United States,0.05,0.016930492733235006,mobile,0,0,56.8973765447563,2,0,1,0
France,0.07,0.08742832279878132,desktop,0,0,69.40308153609826,15,0,1,0
Netherlands,0.08,0.0878114177881269,desktop,0,0,51.70125508598068,11,0,1,0
Germany,0.05,0.13783991360425799,mobile,0,0,39.00194818451935,19,0,0,0
France,0.07,0.26773643002728065,mobile,0,0,54.16773008344608,7,0,1,0
Indonesia,0.3,0.10348951158387636,mobile,1,0,54.54105904418159,20,0,1,1
France,0.07,0.11780965861770704,desktop,0,0,59.21732350567935,12,0,1,0
United Kingdom,0.06,0.394260164850159,mobile,0,0,316.1423041099697,0,0,1,0
United States,0.05,0.33702284034443514,desktop,0,0,73.39363166492338,7,0,0,1
Russia,0.6,0.2360060503918567,desktop,0,0,104.98856610624055,8,0,0,1
Germany,0.05,0.2619467041726005,desktop,0,0,77.69865910423,12,0,1,0
France,0.07,0.15265771454594032,mobile,0,1,78.46636971674826,16,0,1,1
United States,0.05,0.4707752817781286,mobile,0,0,512.9930398702261,3,1,0,1
Canada,0.05,0.12710575366792726,desktop,1,0,145.6836404620075,19,0,0,1
India,0.18,0.2358701655665904,mobile,0,0,63.549253808746506,4,0,1,0
France,0.07,0.19252971689932327,mobile,0,0,101.57928742405433,23,0,1,0
Indonesia,0.3,0.20116848699558995,desktop,0,0,48.72675809290389,9,0,1,0
Germany,0.05,0.18342690772050874,desktop,0,0,67.67991319785281,22,0,1,0
France,0.07,0.3431851123130667,desktop,0,0,148.80689016811522,2,0,1,0
Netherlands,0.08,0.13216555171291702,desktop,0,0,93.6687000598783,4,0,1,0
France,0.07,0.1065289706620597,desktop,0,0,45.15487350919484,23,0,1,0
Germany,0.05,0.351536351449827,mobile,0,0,51.3594764621815,4,0,1,0
Netherlands,0.08,0.25615857670849596,desktop,0,0,129.12064850420728,7,0,1,0
Canada,0.05,0.2971737398765985,mobile,0,0,76.01436715855105,13,0,1,0
France,0.07,0.06979944859714846,tablet,1,0,66.93119088864728,4,0,1,0
Indonesia,0.3,0.0430275001873039,desktop,0,0,56.11141959246939,8,0,1,0
United Kingdom,0.06,0.2621516960442303,desktop,0,0,65.9507777415787,16,0,1,1
Germany,0.05,0.09089056715606969,desktop,1,0,120.88755695074781,11,0,1,0
United States,0.05,0.198290890454164,mobile,0,0,57.68470451263543,10,0,1,0
Canada,0.05,0.4021138390724114,desktop,0,0,207.8633627000027,16,1,0,1
United Kingdom,0.06,0.162404895899187,mobile,0,0,90.90698591161659,22,0,1,0
Japan,0.05,0.09812675045468326,mobile,1,0,51.21872329480731,20,0,1,0
United Kingdom,0.06,0.16536637490940956,mobile,0,0,53.13098019025242,1,0,1,0
Japan,0.05,0.4348477773342222,desktop,1,0,327.2801783858787,15,1,0,1
Germany,0.05,0.2040751174125947,mobile,1,0,74.51329964846494,11,0,1,0
Canada,0.05,0.010481500308747983,tablet,1,0,55.52148657900116,10,0,1,0
Canada,0.05,0.10083172148136336,mobile,0,0,86.97428235086669,5,0,1,0
Japan,0.05,0.15697594032779633,desktop,0,0,79.56581630963312,6,0,1,0
France,0.07,0.331278621020959,mobile,1,0,36.93909336027263,16,0,1,1
Canada,0.05,0.18850126788226806,mobile,0,0,96.85109651734548,23,1,0,1
Netherlands,0.08,0.24543114570453378,mobile,0,1,60.37947892222251,13,0,1,0
Australia,0.06,0.22386745706250225,mobile,0,1,97.7213998888109,4,0,1,0
United Kingdom,0.06,0.06360692695252908,desktop,0,0,152.6109064688654,5,0,1,0
Vietnam,0.35,0.053540748110836034,desktop,0,0,71.98947361952247,4,0,1,0
Canada,0.05,0.1499107503505899,mobile,1,0,58.809234092791364,12,0,1,0
United States,0.05,0.02770303009115598,mobile,0,0,119.41168968641752,17,0,1,0
France,0.07,0.16322113889545883,desktop,0,0,54.94365050243394,18,0,1,0
United Kingdom,0.06,0.11644283743596012,desktop,0,0,142.92992397968106,15,0,1,0
Germany,0.05,0.02784033072155599,desktop,0,0,62.661970418459966,23,0,1,0
Japan,0.05,0.29816980649301644,desktop,0,0,59.17954658353528,21,0,1,0
United Kingdom,0.06,0.049489462279561684,mobile,0,0,168.6897795453944,5,1,1,1
Netherlands,0.08,0.2935759757625302,desktop,0,0,83.68474954597706,21,0,1,0
Russia,0.6,0.4871327886596731,mobile,1,0,435.8158452780027,1,1,0,1
Australia,0.06,0.08124231819911099,desktop,1,0,73.02634088803063,17,0,1,1
Japan,0.05,0.09421643651674776,mobile,0,0,71.23050240990626,13,0,1,0
Japan,0.05,0.07008402241246618,desktop,0,0,26.474460165135152,0,0,1,0
Pakistan,0.45,0.3109330575975716,mobile,0,0,105.01438877584758,7,0,1,0
Canada,0.05,0.2226197043708847,desktop,0,0,84.33862712238862,20,0,1,0
United Kingdom,0.06,0.09644800766822353,desktop,0,0,70.87155493830609,17,0,1,0
France,0.07,0.3660114062384886,mobile,0,0,90.66461769222566,13,0,1,0
France,0.07,0.13545946024230976,desktop,0,1,74.69411392956013,18,0,0,1
United Kingdom,0.06,0.0736991676786897,desktop,0,0,52.97459146407735,4,0,1,0
Australia,0.06,0.17261861622263208,tablet,0,0,83.67360017960577,4,0,1,0
United States,0.05,0.10955281716044755,mobile,1,1,68.94137788122144,14,1,1,1
India,0.18,0.028784735396643554,desktop,0,0,95.52323168966126,10,0,1,0
Germany,0.05,0.02657407848610383,mobile,0,0,66.81333540630767,5,1,0,1
United States,0.05,0.036863840921395004,desktop,0,1,62.55012630496181,0,0,1,0
United States,0.05,0.026629977999274954,desktop,0,0,60.918119383844086,10,0,1,0
Germany,0.05,0.21586857616161348,desktop,0,0,54.08757140393636,17,0,1,0
Germany,0.05,0.08124139397527518,desktop,0,0,61.381272071586864,9,0,1,1
United States,0.05,0.08318216664569372,desktop,1,0,85.72679065011886,13,0,1,1
Germany,0.05,0.05553497994591971,mobile,0,0,56.69069326441445,4,0,1,0
United Kingdom,0.06,0.1987374350482634,desktop,0,0,48.84250824013961,23,0,1,0
Canada,0.05,0.23612905733917042,desktop,0,0,97.1531325169577,19,0,1,0
Canada,0.05,0.27390076768134325,desktop,1,0,70.22070904042471,8,0,1,0
Canada,0.05,0.33413475329854553,desktop,0,1,96.4286964139467,11,0,1,0
Canada,0.05,0.3936619175013287,mobile,0,0,262.032803926162,15,0,1,1
United States,0.05,0.05133552420989354,desktop,0,0,60.33337003393222,3,0,1,0
United States,0.05,0.36407818305798445,desktop,0,0,40.03967190083308,13,0,1,0
United Kingdom,0.06,0.07723442082203519,desktop,0,0,49.62647125697772,5,0,1,0
Japan,0.05,0.20530913431552195,desktop,0,0,54.30287405211489,13,0,1,0
Pakistan,0.45,0.15813300090924662,mobile,0,0,81.31501299998241,11,0,1,1
India,0.18,0.01547290348623671,mobile,0,0,70.94138268889138,10,0,1,0
France,0.07,0.44805996094088973,mobile,0,0,173.7804144231473,15,1,1,1
France,0.07,0.4630922873636265,desktop,1,0,183.30979108809046,8,0,0,1
Germany,0.05,0.12451701150710584,desktop,0,0,86.65311862275377,18,0,1,0
Netherlands,0.08,0.5565528957763309,mobile,1,0,262.65380520337203,5,1,1,0
Netherlands,0.08,0.1726648377367034,tablet,0,0,103.30021332017391,1,0,1,0
Netherlands,0.08,0.26492858916923345,desktop,0,0,52.57917695596201,16,0,1,0
Vietnam,0.35,0.26370308303354456,mobile,0,0,105.57138455632072,14,0,1,0
Canada,0.05,0.3478531782555777,desktop,1,0,89.84669282478242,16,0,1,0
Netherlands,0.08,0.3316919832283993,tablet,0,0,89.69602432983011,9,0,1,1
Netherlands,0.08,0.39706370120546763,desktop,0,0,140.0555647634217,16,1,1,1
Germany,0.05,0.10493295119328658,desktop,0,0,70.35411765648824,1,0,1,0
India,0.18,0.15347676726155524,desktop,0,1,139.91444650586908,23,0,1,0
United States,0.05,0.6657566844674627,mobile,0,0,235.17774525457213,21,1,1,1
Pakistan,0.45,0.4114672404826932,mobile,0,0,204.84046481747885,7,1,1,1
Netherlands,0.08,0.6625571539290434,mobile,0,0,145.30374550874143,7,1,0,1
United States,0.05,0.016558380145950843,mobile,0,0,34.18383169344006,3,1,1,1
Japan,0.05,0.145608777500574,desktop,0,0,112.32378972879273,23,0,0,1
United States,0.05,0.1075218133124089,desktop,1,0,95.67628750565396,1,0,1,0
Netherlands,0.08,0.4199576170367992,mobile,0,1,176.18389457761546,19,1,0,1
Netherlands,0.08,0.22035787970649615,desktop,1,0,59.689927168949595,3,1,1,1
Australia,0.06,0.2140848812152387,desktop,0,0,75.43306935787771,23,0,1,0
Netherlands,0.08,0.19393953661775803,desktop,0,0,123.10205697892354,6,0,1,0
United States,0.05,0.2258884458077857,desktop,0,0,83.65350502997192,10,0,1,0
Germany,0.05,0.07180871925116211,desktop,0,1,185.13470375258,1,0,1,0
Canada,0.05,0.09266431816308239,mobile,0,1,97.90687773138195,7,0,1,0
United States,0.05,0.20835690312057975,mobile,0,0,53.4330316505929,22,0,1,1
France,0.07,0.27154462916341143,desktop,0,0,63.82975205858263,14,0,1,0
Germany,0.05,0.11929799109933868,desktop,0,0,57.48746758285428,7,0,1,0
Canada,0.05,0.5583160733240048,mobile,0,0,170.47450643077332,21,1,0,1
Canada,0.05,0.17491428889886385,mobile,0,0,110.35946763525044,22,0,0,0
Nigeria,0.55,0.018287190624181326,mobile,0,0,134.38389653450656,9,0,1,1
Germany,0.05,0.3436484893764808,desktop,0,0,65.60620920046838,9,0,1,0
Vietnam,0.35,0.33598357122710654,tablet,0,0,86.81704847621654,20,0,0,1
Canada,0.05,0.2956741713478844,mobile,0,0,115.370234042453,12,0,1,0
Canada,0.05,0.1709466325168588,desktop,0,0,126.77853668154448,6,0,1,0
France,0.07,0.18479834149050814,mobile,0,0,47.90958963001951,14,0,1,0
Canada,0.05,0.11871893649145658,desktop,0,0,91.56432186763026,8,0,1,0
Germany,0.05,0.4467655342972155,mobile,0,0,259.2299512320375,9,1,1,0
France,0.07,0.11916951161193962,mobile,0,0,59.70296017881458,15,0,1,0
United Kingdom,0.06,0.22442365892798022,desktop,0,0,46.64768748565078,8,0,1,0
Canada,0.05,0.25694402739547795,desktop,0,0,59.30358770023885,12,0,1,0
Australia,0.06,0.18277030382611892,desktop,0,0,44.37180482473282,15,0,1,0
Canada,0.05,0.20540811652205934,mobile,0,0,48.731096447798585,21,0,1,0
Netherlands,0.08,0.4044158784931954,mobile,1,1,397.6972965229725,21,1,1,1
Germany,0.05,0.06444668646652135,desktop,0,1,81.94793745957399,21,0,0,1
Indonesia,0.3,0.10381590217013131,tablet,0,0,74.57926140185987,17,0,1,0
Netherlands,0.08,0.17233044601296044,desktop,0,0,41.45446003673626,10,1,1,1
Indonesia,0.3,0.022128969870870315,desktop,1,0,192.3828921019593,10,0,1,0
Netherlands,0.08,0.20933314523244734,desktop,0,0,62.11678950966945,1,0,1,0
United Kingdom,0.06,0.1985563080989686,mobile,0,0,46.282217694738556,18,0,0,1
France,0.07,0.34966379156691985,mobile,1,0,90.36833192736844,22,0,1,0
United Kingdom,0.06,0.3988666045648613,mobile,0,0,179.6191788527211,15,1,1,1
Netherlands,0.08,0.10820515662633065,mobile,0,1,55.45522111359008,22,0,1,0
Australia,0.06,0.10828681580263373,desktop,0,0,84.49693301405526,12,0,1,0
Germany,0.05,0.17058665166419276,desktop,1,0,58.244815538538994,2,0,1,0
India,0.18,0.38918026108704307,mobile,0,0,171.47797589834454,21,0,1,0
United Kingdom,0.06,0.06666718276333569,desktop,0,0,123.0964837068304,9,0,1,0
Australia,0.06,0.20482421243954496,desktop,1,0,76.95653486018568,12,0,1,0
Japan,0.05,0.03714276781532698,desktop,0,0,91.3722670761188,14,0,1,0
United States,0.05,0.021269919346326112,desktop,0,0,61.39051958477584,10,0,1,0
Australia,0.06,0.04148894724304374,desktop,0,0,77.75948639473049,10,0,1,0
Netherlands,0.08,0.21387409312513056,desktop,0,0,56.273016352231785,16,0,0,1
United States,0.05,0.08952087129538555,tablet,0,0,55.40783731592175,7,0,1,0
France,0.07,0.07716555730174221,desktop,0,0,63.794614017611444,10,0,1,0
Germany,0.05,0.07941040321983212,tablet,0,0,57.796153440231336,3,0,1,0
Japan,0.05,0.24052727209856617,desktop,1,0,105.98667683883156,6,0,1,1
United Kingdom,0.06,0.29870154185161457,mobile,0,0,90.26032574176895,17,0,1,0
Russia,0.6,0.22217161951944656,desktop,0,0,33.03920102346381,12,0,1,1
Vietnam,0.35,0.07682532692419661,desktop,1,1,134.75576481145305,8,0,1,0
United Kingdom,0.06,0.01951278805432364,desktop,0,1,92.24023458835747,22,0,1,0
Germany,0.05,0.1905849455397885,desktop,1,0,110.01443320819175,4,0,1,1
Australia,0.06,0.2270456353518112,mobile,0,0,69.41959332829835,12,0,1,1
Japan,0.05,0.2556240432569241,desktop,0,0,43.688391055591275,1,0,0,1
France,0.07,0.1333429785111113,desktop,0,0,46.366749088067905,23,0,1,0
United Kingdom,0.06,0.08367787440714529,mobile,0,0,133.95941074384055,20,0,1,0
United States,0.05,0.012370990993249389,mobile,0,1,41.69795241297787,19,0,1,0
Pakistan,0.45,0.04167329314828991,desktop,1,0,44.43517600390955,6,1,1,1
France,0.07,0.1363671380672243,desktop,0,0,63.339537264561784,11,0,1,1
Nigeria,0.55,0.11860734661373307,mobile,0,1,45.39168809531076,10,0,1,0
France,0.07,0.04287933499038013,desktop,0,0,88.81886059482677,8,0,0,0
India,0.18,0.3490953812960678,mobile,0,0,91.26604279352013,0,0,1,1
United States,0.05,0.35438608898412005,desktop,0,0,85.18206398600476,15,0,1,0
United Kingdom,0.06,0.08984299014344398,tablet,0,0,59.44466261205636,0,0,0,0
India,0.18,0.16498897757478911,mobile,0,0,81.53776069650436,22,0,0,1
Russia,0.6,0.12367454511772036,mobile,0,0,137.5861515784739,3,0,1,1
Germany,0.05,0.36955970991619486,mobile,0,0,44.61644098813949,9,0,1,1
Canada,0.05,0.09457528506929787,tablet,0,0,108.94467113305986,7,0,1,1
France,0.07,0.38814182572104555,mobile,0,0,151.71626074559967,5,1,1,1
Canada,0.05,0.3601825180399764,mobile,0,0,71.03392837770107,23,1,1,1
United Kingdom,0.06,0.20429383188703046,mobile,0,0,78.1187115034853,3,0,1,0
Vietnam,0.35,0.26380109818223596,desktop,0,0,83.50049573521419,19,0,0,1
Germany,0.05,0.027678923390889114,mobile,0,0,52.36379082887037,12,1,1,1
Japan,0.05,0.1257175022448175,mobile,0,1,41.62493977871008,16,1,1,1
United States,0.05,0.25644388717632943,mobile,0,0,101.21854284758112,10,1,1,1
United States,0.05,0.3612047053457319,mobile,0,0,47.668995409500674,0,0,1,0
Japan,0.05,0.41354644979448524,mobile,1,0,163.53340688984116,12,1,1,1
Canada,0.05,0.024022088290957873,mobile,0,0,61.531526318632196,0,0,1,0
Japan,0.05,0.12363363906246098,tablet,0,0,81.41606264877042,11,0,1,1
United States,0.05,0.04623291651182866,mobile,0,1,61.881754231067696,13,0,1,1
Russia,0.6,0.030368368450945572,desktop,1,0,57.20307256357704,13,0,1,0
Japan,0.05,0.1734083255600035,desktop,0,0,102.87004151172545,17,0,0,0
Nigeria,0.55,0.08341171913262077,desktop,0,0,65.58692946445788,7,0,1,1
United Kingdom,0.06,0.19686653061796386,desktop,0,0,55.73029484306848,23,0,1,0
Germany,0.05,0.12970794959046048,mobile,0,0,84.61560481751837,11,0,1,0
Canada,0.05,0.25236550015943954,mobile,0,0,75.22661062133618,16,0,1,1
France,0.07,0.311474652233205,desktop,0,0,74.44434473573516,10,0,1,1
Germany,0.05,0.14524022050127666,tablet,0,0,86.07353984078162,8,0,1,0
United States,0.05,0.07745202819258568,mobile,0,0,70.23827578353944,12,0,1,0
Canada,0.05,0.21999561471013349,tablet,1,0,99.05246325155188,20,0,1,0
Germany,0.05,0.27871443383422695,desktop,0,0,44.70383944485443,10,0,1,0
Canada,0.05,0.2792104413452887,desktop,0,0,113.80078715511905,1,0,1,0
United Kingdom,0.06,0.4968423864127468,mobile,0,0,138.32056906818178,15,0,1,0
Germany,0.05,0.14379391925102342,mobile,1,0,41.56151865952904,8,0,1,0
Australia,0.06,0.5893911464336248,tablet,1,0,200.69997830322546,17,1,1,1
Canada,0.05,0.028722178122478282,mobile,0,0,65.2134822800523,19,0,1,0
Canada,0.05,0.044044308168446025,desktop,0,0,56.983126007305955,9,0,1,0
France,0.07,0.43150906645409975,desktop,0,0,238.50512907051828,22,1,1,1
Netherlands,0.08,0.0803157452244582,mobile,0,0,104.97277815731708,17,0,1,0
Canada,0.05,0.281981842397148,desktop,0,0,54.34096199340749,16,0,1,0
Australia,0.06,0.19325656620393944,tablet,0,0,33.440690516261164,21,0,0,1
Romania,0.4,0.3867369963061297,mobile,0,0,200.27560430338755,21,1,0,1
France,0.07,0.6618132024915155,mobile,0,0,325.03954318083777,18,1,1,1
Brazil,0.2,0.139677948347198,tablet,0,0,50.78427550326425,23,0,1,1
Netherlands,0.08,0.10735427119014988,desktop,0,0,53.791881387817654,18,0,1,0
United States,0.05,0.19810131580487658,desktop,0,0,63.98911047643438,20,0,1,0
Canada,0.05,0.03415332473209632,mobile,0,0,126.52950511891864,17,0,1,0
Japan,0.05,0.35345797189284556,mobile,1,0,64.98564137284788,11,0,1,1
Pakistan,0.45,0.07013807336835463,mobile,0,0,51.51299356849421,9,0,1,0
France,0.07,0.08050999475810397,desktop,0,0,83.68637438754162,19,0,1,0
United States,0.05,0.23167780126872609,mobile,0,0,81.5345906986074,22,0,1,0
Australia,0.06,0.105364363703809,desktop,0,0,87.3853512767712,13,0,1,0
United Kingdom,0.06,0.1315046044683773,desktop,0,0,50.81486533564114,4,0,1,0
Japan,0.05,0.09621335446858577,tablet,0,0,60.487114283427374,19,0,1,0
France,0.07,0.019528197466620028,desktop,0,0,109.28770085553693,7,0,1,0
Japan,0.05,0.17070258201516766,desktop,0,0,85.04282187860782,17,0,1,0
Netherlands,0.08,0.02578799059538038,desktop,0,0,97.81079424308324,4,0,1,0
Australia,0.06,0.39770013102482976,mobile,0,1,505.65715247085024,20,1,0,1
Australia,0.06,0.4544411463856467,desktop,0,0,312.0629324334017,11,1,1,0
Japan,0.05,0.12294697495730172,desktop,0,1,81.66314695093905,8,0,1,0
Netherlands,0.08,0.34186468799970954,desktop,0,0,61.360224972231,17,0,1,0
Netherlands,0.08,0.06699473868099032,mobile,0,0,95.6707786965791,16,0,1,0
United States,0.05,0.13121490939792482,desktop,0,0,54.25683645282043,6,0,1,0
Australia,0.06,0.17840059959994503,mobile,0,0,126.50004559545324,1,0,1,1
United Kingdom,0.06,0.05460482907604232,mobile,0,0,104.88286869258782,23,0,1,1
Netherlands,0.08,0.007124662875746584,desktop,1,0,66.52332908626893,23,0,1,0
Australia,0.06,0.22589851005700662,desktop,0,0,69.0796423416863,15,0,1,0
Canada,0.05,0.16969430520748055,desktop,0,0,77.19439884953329,2,0,1,1
United Kingdom,0.06,0.2410306947376436,desktop,0,0,69.37303346959307,22,0,1,0
Canada,0.05,0.2592680372552497,desktop,0,0,116.93869147737662,11,0,1,0
Japan,0.05,0.15851331839747784,mobile,0,0,61.034090395290306,14,0,0,0
United Kingdom,0.06,0.56376727193408,desktop,0,0,137.59998482988553,16,1,1,1
United States,0.05,0.03766517135489354,desktop,0,0,67.3209909549021,14,0,1,0
Vietnam,0.35,0.3126700089684235,desktop,0,0,95.90801923528939,5,0,1,0
Netherlands,0.08,0.21045007236531388,desktop,0,0,105.1234043480325,23,0,1,1
United Kingdom,0.06,0.15809152814766908,desktop,0,0,76.69482223869635,12,0,1,0
Germany,0.05,0.25873888698312075,desktop,0,0,59.03643558753579,22,0,1,1
Indonesia,0.3,0.12068564729420474,mobile,1,0,72.57133093400626,3,0,0,1
Japan,0.05,0.3655521136453217,desktop,0,0,58.59761506117824,16,0,1,0
Australia,0.06,0.5844365693453586,desktop,0,0,119.42527295567987,4,1,0,1
Germany,0.05,0.17500276324566608,tablet,1,0,54.695569471377766,2,0,1,1
Germany,0.05,0.13730347659023237,mobile,1,0,88.11454225248292,21,0,1,0
United States,0.05,0.052825539200615654,mobile,0,0,67.03858695277148,2,0,1,0
Japan,0.05,0.2523614317258053,desktop,0,1,66.15547444596959,0,0,1,0
United States,0.05,0.06004958936212146,desktop,0,0,108.56962400634268,0,0,0,0
United States,0.05,0.0833685988748933,desktop,0,0,52.59430170170239,8,0,1,0
Japan,0.05,0.1892555105648662,mobile,0,0,54.42509977243521,3,0,1,0
Russia,0.6,0.19636345559860188,mobile,0,0,82.75040379755711,1,1,1,1
Japan,0.05,0.0795886494230921,desktop,0,0,57.44653394985743,13,0,1,0
France,0.07,0.5801969270083449,desktop,0,0,193.1318493070993,4,1,1,0
France,0.07,0.17158553851594843,desktop,1,0,126.752015262186,10,0,1,0
France,0.07,0.19430413487503742,desktop,0,0,50.64220120156962,2,0,1,0
Germany,0.05,0.12165489995290779,desktop,0,0,57.03273011063018,16,0,1,0
France,0.07,0.0669791766873927,tablet,0,0,85.93679675977768,10,0,1,0
Canada,0.05,0.18492273247576071,desktop,0,0,72.44905679740506,21,0,1,0
Australia,0.06,0.21541021342909356,desktop,0,0,45.57171413836416,19,0,1,0
Vietnam,0.35,0.1335720046510064,mobile,0,0,137.60757875577153,9,0,1,0
Pakistan,0.45,0.33806206411821865,desktop,0,0,55.812979304679665,7,0,1,1
United States,0.05,0.1221029511838209,tablet,0,0,67.63089104476468,20,0,0,1
Canada,0.05,0.15447286002744595,desktop,0,0,85.87459944640439,8,0,1,1
United Kingdom,0.06,0.07016488908334237,mobile,0,0,157.09130789649805,21,0,1,0
Canada,0.05,0.1425561938883813,desktop,0,0,63.853459211083546,2,0,1,0
Germany,0.05,0.417878954657836,desktop,0,0,160.46845219034867,16,0,1,1
United Kingdom,0.06,0.04920573789648153,desktop,0,0,87.72459636086718,10,0,1,0
Netherlands,0.08,0.01879238879131973,mobile,0,0,153.06293395947404,20,0,1,0
France,0.07,0.34555051887655674,desktop,0,1,77.29157199707556,2,0,1,1
India,0.18,0.0026250571955348037,desktop,0,0,66.69203935702032,22,0,1,0
United States,0.05,0.6547224403875179,desktop,0,1,208.06921014346622,23,1,1,1
United States,0.05,0.25423737757226694,desktop,0,0,35.64538924438355,10,0,1,0
Canada,0.05,0.041675435507987406,mobile,0,0,59.42666692807413,15,0,1,0
United States,0.05,0.19665148220559306,tablet,0,0,38.90572537495869,12,0,1,0
Germany,0.05,0.361380520832703,mobile,0,0,64.9746726744265,14,0,1,0
Pakistan,0.45,0.0592625749093132,desktop,0,0,61.58726361945549,12,0,1,1
United Kingdom,0.06,0.45456211850236744,mobile,0,0,381.0250921781207,15,1,0,1
United Kingdom,0.06,0.22360400366369707,mobile,0,1,78.47159868786481,11,0,1,0
Australia,0.06,0.1118756014184513,desktop,0,1,91.49983346396377,23,0,1,0
France,0.07,0.20636808399248843,desktop,0,0,68.87594214794169,22,0,1,0
Australia,0.06,0.1907519355852232,mobile,1,0,43.166267854698354,19,0,1,0
Canada,0.05,0.04063002005363932,mobile,0,1,114.7586240949008,2,0,1,0
Netherlands,0.08,0.03755099558286823,desktop,0,0,143.16601898367713,5,0,1,1
United Kingdom,0.06,0.10969484652598764,mobile,0,0,84.7805800013936,8,0,1,0
Canada,0.05,0.03269830692987067,mobile,0,0,65.10807270595411,3,0,1,0
Japan,0.05,0.15088221645061864,tablet,1,0,65.40624447594924,21,0,1,0
Netherlands,0.08,0.1609847661545486,tablet,1,0,85.76993111065394,6,0,0,1
Canada,0.05,0.0970184845814728,desktop,0,0,76.05829276479908,18,0,1,0
Australia,0.06,0.17975845584459116,desktop,0,0,85.83571798541331,21,0,1,1
United States,0.05,0.3481827974341555,mobile,0,0,86.26989070740991,6,0,1,0
United Kingdom,0.06,0.22617949753991634,mobile,0,0,56.919389629162616,17,0,1,0
United States,0.05,0.238154119088589,desktop,1,0,55.257132551519824,15,0,1,0
Japan,0.05,0.5104083799518123,mobile,0,0,222.35650500679787,15,1,1,1
Germany,0.05,0.3852949113694566,mobile,0,0,202.26669908192062,0,0,1,0
Japan,0.05,0.31356636077297184,desktop,0,0,42.700370185966385,13,0,1,0
United States,0.05,0.15609133296876046,desktop,0,0,68.03135232364907,12,0,1,0
Netherlands,0.08,0.5501448299560389,desktop,0,0,176.28121067679317,0,0,1,0
Netherlands,0.08,0.15230689035595302,desktop,0,0,62.15497876004172,22,0,1,1
United States,0.05,0.15769338203272248,mobile,0,0,120.41590616353616,18,0,1,0
United States,0.05,0.12544178105034579,desktop,0,0,113.43286445183213,14,0,1,0
United States,0.05,0.23976942515886127,mobile,0,0,85.23787225061459,8,1,1,0
Netherlands,0.08,0.09783416429853871,desktop,0,0,136.9534163833454,21,1,0,1
Germany,0.05,0.08428738181602607,mobile,0,0,100.2254668168007,10,0,1,0
Australia,0.06,0.3342287455261305,desktop,0,1,77.2416927029732,1,0,0,1
Canada,0.05,0.14285939090217936,mobile,0,0,62.36935191028631,23,0,1,0
Netherlands,0.08,0.11176944732144128,desktop,1,0,64.1781329466022,12,0,1,0
France,0.07,0.030845557290625308,mobile,0,0,84.1987212032994,14,0,1,0
France,0.07,0.1393601555286549,desktop,0,0,64.70720833741218,16,0,0,0
Pakistan,0.45,0.6973374909108316,desktop,0,0,126.39666033588937,3,1,0,1
United Kingdom,0.06,0.10389454418200753,desktop,0,0,64.50608968403432,0,0,1,0
Netherlands,0.08,0.2647563882073669,desktop,0,0,105.60030542249959,10,0,1,1
United States,0.05,0.04667980216625331,mobile,0,0,29.936407028711574,20,0,1,0
France,0.07,0.00571874934327341,desktop,0,0,120.42992900297645,23,1,1,0
Vietnam,0.35,0.20398305987527987,tablet,0,0,90.09997743506939,6,1,1,0
Japan,0.05,0.10871708092104088,desktop,0,0,67.89441223111295,23,0,1,0
Japan,0.05,0.05589681283023802,desktop,0,0,81.50619883495804,20,0,1,0
Germany,0.05,0.09193686813931334,tablet,0,0,103.170893226045,19,0,1,0
Canada,0.05,0.09081078712558097,desktop,0,0,74.5663707240552,6,0,1,0
Canada,0.05,0.18970321240131063,mobile,0,0,102.72203979863322,17,0,1,0
France,0.07,0.24533877716996996,desktop,0,0,99.26452716722892,23,0,1,1
France,0.07,0.19762174944350425,mobile,0,0,78.35941790688028,13,0,1,0
Canada,0.05,0.30772026080283366,mobile,0,0,49.96139912036288,21,0,1,0
Germany,0.05,0.3085885937560071,desktop,0,1,71.22082366892212,6,0,0,1
Germany,0.05,0.11338670448112524,mobile,0,0,36.07268700497722,20,0,1,0
Canada,0.05,0.07630003994243297,desktop,0,0,86.14195141654052,4,0,1,0
United Kingdom,0.06,0.07698215410380678,mobile,0,0,63.631302473617524,16,1,1,0
Nigeria,0.55,0.05244076630432537,desktop,0,0,59.42127042468357,8,0,1,1
Australia,0.06,0.0376189722709034,desktop,0,0,92.70547203548082,9,0,1,0
United Kingdom,0.06,0.05549747397409196,desktop,0,1,47.24528614609514,17,0,1,1
Japan,0.05,0.04877959061770385,mobile,0,0,76.64926514915632,10,0,0,1
Netherlands,0.08,0.3584549719486524,tablet,0,1,65.43573630096276,20,0,0,1
Germany,0.05,0.17066700541817217,tablet,0,0,69.1899330630247,14,0,1,0
United Kingdom,0.06,0.186269108415758,mobile,0,0,81.41016757694051,12,0,1,0
United States,0.05,0.06404678657813444,mobile,0,0,139.5192809578975,6,0,1,0
United States,0.05,0.05386756611373479,mobile,0,0,84.73020443779237,15,0,1,0
Netherlands,0.08,0.023332964032096594,desktop,0,0,118.5571337642009,6,0,1,0
Pakistan,0.45,0.1229849486991037,desktop,0,0,120.11103254462714,17,0,1,0
United States,0.05,0.1764531615371575,mobile,0,0,96.4850445644643,11,0,1,0
Japan,0.05,0.340463426201463,desktop,0,0,38.653338098831014,12,0,1,0
United States,0.05,0.05179767123680221,mobile,0,0,67.77001314848515,12,0,1,0
Australia,0.06,0.12116386807468953,desktop,0,0,50.31369729692669,1,0,1,0
Japan,0.05,0.10479662771555283,desktop,0,1,200.7938084325748,19,0,1,0
Canada,0.05,0.2542419970986504,mobile,0,0,51.866710795357235,23,0,1,0
United States,0.05,0.31730239757436446,desktop,0,0,43.6395827856847,17,0,1,0
Australia,0.06,0.5062867532110491,tablet,0,0,218.26471451085197,4,1,0,1
Pakistan,0.45,0.12137061700366565,tablet,0,0,51.28034198588972,15,0,0,1
Germany,0.05,0.04507456684452419,mobile,0,0,76.937743074723,3,0,1,0
United Kingdom,0.06,0.17869316837692145,mobile,0,0,107.82795026988931,15,0,0,0
United Kingdom,0.06,0.24110370513337626,desktop,0,0,50.67535195252083,10,0,1,0
Australia,0.06,0.5654786026130182,desktop,0,0,293.8536749689806,20,1,1,1
Australia,0.06,0.1150652192706821,mobile,0,0,72.07506344649744,13,0,1,0
Netherlands,0.08,0.5344582749095131,desktop,0,0,227.90727008574086,1,1,0,1
Japan,0.05,0.09943455195886779,desktop,0,0,78.29576482843518,20,0,1,0
Vietnam,0.35,0.2082353058956386,desktop,0,0,121.04352631220075,13,1,0,1
Netherlands,0.08,0.3047152144931457,mobile,0,0,75.02998797146427,21,0,1,0
Germany,0.05,0.12846110517632395,mobile,1,0,50.00427154388467,1,0,1,0
Australia,0.06,0.012834408588469414,desktop,0,0,85.49428701643062,5,0,0,1
Germany,0.05,0.050779274807438914,desktop,1,0,85.01685823012168,2,0,1,0
Canada,0.05,0.016187618618825117,mobile,1,0,68.9515059532141,7,0,1,0
India,0.18,0.045353112734353454,desktop,0,0,105.37659647393266,11,0,1,0
Japan,0.05,0.028021357683652794,desktop,0,0,33.075712627513155,15,0,1,0
Indonesia,0.3,0.24004676350374,desktop,1,0,83.51076763129093,9,0,1,1
Canada,0.05,0.32321219020205694,mobile,0,0,96.98167812163557,11,0,1,0
France,0.07,0.035754287108645685,desktop,0,0,44.38556008351557,17,0,1,0
France,0.07,0.2635843871193763,desktop,0,0,43.85368690142264,9,0,1,0
United States,0.05,0.05830487741929737,desktop,0,0,104.51649962816273,19,0,1,0
Germany,0.05,0.06175278362597397,desktop,0,0,111.16982020358637,2,0,0,1
France,0.07,0.2922752796523619,tablet,0,1,118.61931604330127,18,0,1,0
United States,0.05,0.456707302424747,mobile,0,0,292.92444464476614,19,1,0,1
India,0.18,0.06949305009236213,mobile,0,0,79.0731516584714,13,0,1,0
United Kingdom,0.06,0.16507531165908063,desktop,0,0,82.8178934767483,7,0,1,0
United Kingdom,0.06,0.03377609374304985,desktop,0,0,40.547629337393246,0,0,1,0
Netherlands,0.08,0.2692885664873703,mobile,0,0,77.87002997191499,23,0,1,0
United States,0.05,0.06710262598531305,desktop,0,0,77.36605643600826,0,0,1,0
Vietnam,0.35,0.16600324966777327,mobile,0,0,95.66559483339653,2,0,1,0
Japan,0.05,0.25384925484594334,desktop,0,1,60.33736657709551,4,0,1,0
United States,0.05,0.04367853916038268,mobile,0,0,114.1659478883231,4,0,1,0
Japan,0.05,0.19575512193866948,desktop,0,0,75.80151705357255,6,0,1,0
Australia,0.06,0.36363469755700684,desktop,0,1,134.0752963636251,5,0,1,0
Japan,0.05,0.060185351629114266,desktop,0,0,95.70907447083563,11,0,1,0
Netherlands,0.08,0.1326569790027161,desktop,0,0,81.22264740853788,21,0,1,0
Japan,0.05,0.025190085031975548,desktop,0,0,48.73202136935367,9,0,1,0
Australia,0.06,0.11416098759076992,desktop,0,0,46.43249101346444,3,0,1,0
Germany,0.05,0.18625584842128115,tablet,0,0,129.06334073572341,3,0,1,0
Japan,0.05,0.12787761797626673,desktop,0,0,100.20372329259847,20,0,1,0
Romania,0.4,0.19435263997515556,desktop,0,0,66.70107106796206,2,0,1,1
Australia,0.06,0.2291283412623968,desktop,0,0,63.6957530969388,22,0,1,0
Japan,0.05,0.1203948384422862,desktop,1,0,79.65138753734487,0,0,1,0
France,0.07,0.2512735620546681,mobile,0,0,46.02496623216249,1,0,1,0
Japan,0.05,0.17232016163603922,desktop,0,0,62.57166051019051,1,0,1,0
Pakistan,0.45,0.2245216303805642,mobile,1,0,91.32168978614784,22,0,0,1
United Kingdom,0.06,0.0742262715554304,mobile,1,0,95.69894065103271,0,0,0,1
United Kingdom,0.06,0.2701864961656121,desktop,0,0,64.79110393967663,21,0,0,1
France,0.07,0.3359185959459626,desktop,0,0,129.03541462248148,0,0,1,0
France,0.07,0.08972163758148027,desktop,0,0,106.24469690484436,17,0,0,1
Australia,0.06,0.011154104117220532,desktop,1,0,56.31339529361142,10,0,1,0
United States,0.05,0.08832326847276416,desktop,0,0,47.15618899363439,5,0,0,0
Canada,0.05,0.12490860550409974,mobile,0,0,90.7491241957576,16,0,1,0
Australia,0.06,0.19227538840071784,mobile,0,0,62.95846527085713,17,0,1,0
Australia,0.06,0.09207809585495724,desktop,0,0,58.90854146776962,10,0,1,0
Japan,0.05,0.4155074487222339,mobile,1,0,308.55699346283006,2,0,1,1
Japan,0.05,0.43577626443962747,mobile,0,0,201.68846036545511,6,0,1,1
Australia,0.06,0.26224838351373747,desktop,0,0,97.23919089779274,0,0,1,1
Netherlands,0.08,0.31659932124253237,desktop,0,0,75.13709082815826,14,0,0,1
Australia,0.06,0.2109490459742476,desktop,0,0,33.02060053601664,8,0,1,0
France,0.07,0.11303587643150265,desktop,0,0,102.9297966423133,15,0,1,0
Australia,0.06,0.10194684282191203,desktop,0,0,55.58275149577989,12,0,1,0
United States,0.05,0.15619237520348753,desktop,0,0,82.09954679743925,17,0,1,0
Germany,0.05,0.0819644645777825,mobile,0,0,70.61512770584196,10,0,1,0
France,0.07,0.2430352884888739,desktop,0,0,161.64774658477148,6,0,1,0
Nigeria,0.55,0.1909364800652045,mobile,1,0,151.45120292917224,14,0,1,0
Japan,0.05,0.05636491103488028,desktop,0,0,62.751625744432076,22,1,1,0
United States,0.05,0.046530526030382637,desktop,0,0,46.033840147465476,16,0,0,0
Australia,0.06,0.1945469048592402,desktop,0,0,47.31145092950505,4,0,1,0
Germany,0.05,0.07638314880489058,desktop,0,0,81.04852694832917,6,0,1,0
Japan,0.05,0.04385877964678948,desktop,0,0,61.01305964587066,23,1,1,0
Netherlands,0.08,0.17777842210698164,desktop,0,0,49.95418851833573,17,0,1,0
Australia,0.06,0.09838936739537253,mobile,0,0,61.35732277561651,15,0,1,0
Australia,0.06,0.28684678720402074,desktop,0,0,86.30752150554373,17,0,1,0
Canada,0.05,0.04292916779307061,desktop,1,0,71.70837907987851,6,1,1,1
France,0.07,0.15161501335358837,desktop,1,0,62.2503407682469,22,0,1,0
Netherlands,0.08,0.08610405840673091,desktop,0,0,65.04575492315587,4,1,0,0
Japan,0.05,0.057478925154638046,desktop,0,0,69.63897633082355,22,0,1,0
France,0.07,0.08960260364763999,desktop,0,0,79.6721249514966,5,0,1,0
Canada,0.05,0.06285477687919484,desktop,0,0,81.32466066140859,7,0,1,0
United States,0.05,0.08212423885366929,desktop,0,0,41.39091465519905,15,0,1,0
United Kingdom,0.06,0.4961982060408325,tablet,0,0,266.61254526181233,11,0,1,1
United Kingdom,0.06,0.04434506167189067,mobile,1,0,64.92812998292219,22,0,0,1
Canada,0.05,0.1724078362790624,desktop,0,0,51.68521163491189,20,0,1,0
Russia,0.6,0.27909623146529855,desktop,0,0,64.68639525143979,20,0,1,1
France,0.07,0.25775354649918397,mobile,0,0,110.45936540752226,13,0,0,1
Germany,0.05,0.031431512904401035,desktop,0,0,97.80915872084792,23,0,0,1
United States,0.05,0.15431058516184487,desktop,0,0,76.25038653611168,17,0,1,0
Canada,0.05,0.035413355981279974,mobile,0,0,53.8399435352691,7,0,0,1
Netherlands,0.08,0.6342442063381498,desktop,0,0,174.30592718339082,14,0,1,1
Canada,0.05,0.2946971660883093,desktop,0,0,53.00384789177396,9,0,1,1
Netherlands,0.08,0.12174145563094917,desktop,0,0,74.01541208885689,6,0,0,1
Netherlands,0.08,0.18532565423877226,desktop,0,0,74.56336502021972,17,0,1,0
United Kingdom,0.06,0.03155023253196552,desktop,0,0,58.67558437873412,9,0,1,0
Australia,0.06,0.3653698286489047,desktop,0,0,100.2062046643092,6,0,1,0
Romania,0.4,0.10837526738220742,mobile,0,0,84.31599089048734,20,0,1,0
Canada,0.05,0.12027846113416633,desktop,0,1,29.13827375762658,8,0,0,1
United States,0.05,0.05291631080923804,desktop,0,0,76.57036692970861,17,0,1,0
India,0.18,0.5134657110263708,desktop,0,1,252.57617184988032,6,1,0,1
Nigeria,0.55,0.2484192009801442,tablet,0,0,79.1110131432674,9,0,0,1
France,0.07,0.30459272572488794,desktop,0,0,90.33523518436627,9,0,1,0
Australia,0.06,0.09930178791378674,desktop,0,0,67.20743313772057,11,0,1,0
United Kingdom,0.06,0.14661163084077874,mobile,0,0,72.03562749037059,18,0,1,0
Netherlands,0.08,0.25856047749868427,desktop,1,0,72.56460680197215,8,0,1,0
France,0.07,0.3054849231787537,desktop,0,0,78.60444404574834,0,0,1,0
United States,0.05,0.10242905643057978,desktop,0,0,60.178350413239656,3,0,0,0
Japan,0.05,0.27420244676475974,tablet,0,0,108.02574758249443,0,0,1,0
Russia,0.6,0.21203658714952478,mobile,0,0,121.26441334540328,21,0,1,1
Netherlands,0.08,0.12305275878759217,desktop,0,0,61.1997343932628,0,0,1,0
Germany,0.05,0.5072257834046409,mobile,0,0,328.220851120503,22,1,0,1
United States,0.05,0.051312797125907035,mobile,1,0,46.023937929310065,15,0,0,1
Russia,0.6,0.06137352655094632,desktop,0,0,84.92243287802718,0,0,1,0
Russia,0.6,0.22099596671769686,desktop,0,0,90.53558187127113,8,0,1,0
France,0.07,0.15792205559812006,desktop,0,0,85.04749101394891,18,0,1,0
Australia,0.06,0.3626028488415636,desktop,0,0,87.6459111258469,11,0,1,0
France,0.07,0.3377959654986334,mobile,0,0,60.404840479911776,19,0,1,0
Canada,0.05,0.14736064289920167,desktop,0,0,36.724621126362656,11,0,1,0
United Kingdom,0.06,0.21429156479860936,desktop,0,0,61.92658027744314,8,0,1,0
United States,0.05,0.14322886425735512,desktop,0,0,131.47972706412946,4,0,1,0
Germany,0.05,0.06209436601357333,desktop,0,0,80.85676069261675,15,0,1,0
Netherlands,0.08,0.09335481827753839,tablet,0,0,85.50615776965272,18,0,1,0
United Kingdom,0.06,0.2088272454609856,desktop,0,0,101.15560476260214,16,0,1,0
Germany,0.05,0.12507977142617613,desktop,0,0,54.9250811672049,4,0,1,0
Australia,0.06,0.17910520546268024,mobile,0,0,79.69583427828792,8,0,1,0
United Kingdom,0.06,0.40723844588767893,mobile,0,0,198.17857641133315,16,1,1,0
United Kingdom,0.06,0.00938206580307477,desktop,1,0,53.176601564417176,5,0,1,0
Australia,0.06,0.41987875908100303,desktop,0,1,232.54672280392055,17,1,1,1
Canada,0.05,0.0472512814214403,mobile,0,0,115.97537732215184,22,0,1,1
Australia,0.06,0.027845081761593435,desktop,0,0,64.05577613268233,6,1,1,0
Brazil,0.2,0.14889714534768728,mobile,0,0,40.33311288056124,8,0,0,1
United Kingdom,0.06,0.10285534408063901,mobile,0,0,78.28906508446235,17,0,1,0
Brazil,0.2,0.29524190601505546,mobile,0,0,58.569168617365705,17,0,1,0
Brazil,0.2,0.3633589316095195,mobile,1,0,78.52208249796736,5,0,0,1
Netherlands,0.08,0.32512266988483457,tablet,1,0,54.88541865668694,11,1,1,1
Australia,0.06,0.33573582305223126,desktop,0,0,75.28946095250181,12,0,1,1
Australia,0.06,0.09084141649845419,mobile,0,0,113.2422046225582,19,0,1,0
Australia,0.06,0.12848133773901596,mobile,0,0,72.98616445455916,17,0,1,1
Japan,0.05,0.27297376814471386,desktop,0,1,41.37997681963214,3,0,1,1
United States,0.05,0.32370840495790715,tablet,0,0,84.05778701662837,3,0,0,1
Romania,0.4,0.1174050873390163,mobile,0,0,74.21508281460385,21,0,1,0
Australia,0.06,0.21877511165201718,mobile,0,0,79.41040409560517,16,0,1,0
Netherlands,0.08,0.313020045803983,desktop,0,0,103.60843773572185,20,0,1,0
Canada,0.05,0.06499586277811244,desktop,1,0,61.32735482486901,3,0,0,1
United States,0.05,0.1844491834655004,tablet,0,1,66.63203385884866,12,0,0,1
France,0.07,0.18516478852495755,tablet,0,0,51.40324434906979,1,0,1,0
France,0.07,0.2339916061499594,desktop,0,0,78.8601215498452,11,0,1,0
France,0.07,0.3371864821162895,desktop,0,1,78.13970029554427,8,0,1,0
Canada,0.05,0.09266211675889911,mobile,0,0,67.29564911104175,7,0,1,1
Germany,0.05,0.1103422308534216,desktop,0,0,95.724973009408,5,0,1,0
France,0.07,0.33190018989786585,mobile,0,0,51.272640957963205,3,0,1,0
Canada,0.05,0.3552521090413382,tablet,0,0,77.04832627275775,3,0,0,1
Indonesia,0.3,0.30624720327191324,desktop,1,0,90.95718391505737,12,0,1,0
United Kingdom,0.06,0.42308849269910265,mobile,0,0,179.23473270891446,6,1,0,1
Germany,0.05,0.41910099392961464,desktop,0,0,217.3503347524639,7,0,1,0
Germany,0.05,0.311435795517749,desktop,0,0,40.71612600641981,18,0,1,0
France,0.07,0.2482839549721752,desktop,0,0,77.81701713030542,9,0,1,0
France,0.07,0.2065553505444549,mobile,0,0,133.3409378020758,20,0,1,0
Australia,0.06,0.6531517485176145,mobile,0,0,150.2849329792333,15,0,1,0
Russia,0.6,0.2072815734132823,desktop,0,0,86.31147669536546,22,0,0,1
Germany,0.05,0.046821278037586504,tablet,0,0,31.536118783807083,16,0,1,0
Japan,0.05,0.04371700390596742,desktop,1,0,83.98564958641244,22,0,1,1
United States,0.05,0.2607300557425803,tablet,0,0,50.35301097462495,17,0,1,0
Germany,0.05,0.293793919449021,mobile,0,0,64.22144209118876,15,0,1,0
France,0.07,0.008000928522323937,desktop,0,0,75.76251440921423,9,0,1,0
United States,0.05,0.20472382804833977,desktop,0,0,41.21183251593266,16,0,1,0
Australia,0.06,0.18682943651266948,desktop,0,0,221.62228173934608,9,0,0,0
Japan,0.05,0.33863452163704744,desktop,0,1,59.62889376140111,7,0,1,0
Japan,0.05,0.3522047909458073,tablet,0,0,91.1450654307372,0,0,1,0
France,0.07,0.13685447278173804,mobile,0,0,124.26713468238185,21,0,1,0
Australia,0.06,0.058185545013663346,desktop,1,0,81.66435344280549,7,0,1,0
Canada,0.05,0.14312924893785725,desktop,0,0,47.95666947641824,8,0,1,0
United States,0.05,0.18187532813603965,desktop,1,0,76.39722451579574,18,0,1,1
United States,0.05,0.20042451234214867,mobile,0,0,38.73817564140466,17,0,1,0
Japan,0.05,0.14433278776378183,mobile,0,0,65.63794498250193,16,0,1,0
Pakistan,0.45,0.025576309905961585,desktop,1,0,132.5437290285112,18,0,0,1
United States,0.05,0.22514103606132932,desktop,0,0,44.97379730063324,23,0,1,0
Australia,0.06,0.2220176491847514,desktop,0,1,55.23186580193958,23,0,1,0
Japan,0.05,0.34650051444795876,desktop,0,0,141.00031039717663,11,0,1,0
Netherlands,0.08,0.16475927514061722,desktop,0,0,69.33967098840267,0,0,1,0
Australia,0.06,0.32743923135771913,desktop,0,0,53.90399664390489,2,0,1,0
Australia,0.06,0.27673513986430404,mobile,0,0,84.45528330881824,6,0,0,1
Japan,0.05,0.07166452484786204,desktop,0,0,62.54713650895828,12,0,1,0
Netherlands,0.08,0.03677416716171718,tablet,0,0,28.485926174635892,11,0,1,0
United Kingdom,0.06,0.10394733671402717,mobile,0,1,45.779661446039626,14,0,1,0
India,0.18,0.05478349190281178,desktop,0,1,151.40329252537248,19,0,1,0
United States,0.05,0.16194969207343068,desktop,0,0,82.66956601365304,17,0,1,1
Netherlands,0.08,0.22243018874305037,desktop,0,0,123.01306165760532,17,1,0,1
United States,0.05,0.1386809646175268,mobile,0,0,51.40734818172867,20,0,1,0
United Kingdom,0.06,0.570846031444089,desktop,0,0,294.2335356263406,1,0,1,0
United States,0.05,0.022530729576129192,tablet,0,0,69.4693946698758,9,0,1,0
France,0.07,0.15865912614096317,mobile,0,0,60.85218152859484,20,0,1,0
Canada,0.05,0.34519872035153887,desktop,0,0,79.32726900932983,3,0,1,1
United Kingdom,0.06,0.22386884208466695,desktop,0,0,49.8905600997672,9,0,1,0
France,0.07,0.32992101534339635,desktop,0,0,112.54123472980258,18,0,1,0
Canada,0.05,0.010288966329543426,desktop,0,0,86.79417865876916,20,0,1,0
Netherlands,0.08,0.03672590775814836,desktop,0,0,69.3429001721126,19,0,1,0
Vietnam,0.35,0.3457618246818934,mobile,0,1,77.21912680352052,21,0,1,1
Japan,0.05,0.1737100333349882,desktop,0,0,66.29908216250577,1,0,1,0
United Kingdom,0.06,0.02813693016036111,desktop,0,0,40.31659084908506,22,0,1,0
Germany,0.05,0.30035071644048544,mobile,0,0,52.10511878655726,11,0,1,0
Brazil,0.2,0.10403468828671009,mobile,1,0,69.19817461583075,18,0,1,1
United States,0.05,0.13175194204187057,desktop,0,0,65.13862900527174,6,0,1,0
Canada,0.05,0.28835261076086377,desktop,0,0,92.44877369956536,18,0,1,0
Russia,0.6,0.020992829190978942,mobile,0,0,89.66922329010625,3,0,1,0
Russia,0.6,0.26168046307785525,desktop,0,0,60.58543503208023,12,0,1,1
Canada,0.05,0.031213369754606295,desktop,0,0,52.72317035516668,0,0,1,0
Japan,0.05,0.12608800171040144,mobile,0,0,95.98471504301524,13,0,1,0
France,0.07,0.34109352606809357,mobile,0,0,78.74794523995996,23,0,1,0
Japan,0.05,0.3149231943825989,desktop,0,0,59.2901341689151,12,0,1,0
United States,0.05,0.10133767185408322,desktop,1,0,49.417793747624614,0,0,1,0
United Kingdom,0.06,0.20565105490238372,mobile,1,0,58.17512153889284,12,0,1,0
Australia,0.06,0.22218235435455364,desktop,0,0,84.53648365016828,4,0,1,0
Germany,0.05,0.34242150151651046,tablet,1,0,133.00438680628733,5,0,1,1
Japan,0.05,0.15687027455474536,desktop,0,0,68.4313786259234,13,0,1,0
Canada,0.05,0.30608287463979644,mobile,0,0,55.0615574103589,7,0,1,0
Vietnam,0.35,0.40129284970177204,tablet,0,0,268.49827839306647,9,1,1,1
Netherlands,0.08,0.15723857582904618,desktop,0,1,64.70496968145245,4,0,1,1
France,0.07,0.15090341182371853,mobile,0,0,55.81606598477343,15,0,1,0
Netherlands,0.08,0.10347278683204729,desktop,0,0,63.907856620551854,17,0,1,0
Germany,0.05,0.15579893952399126,mobile,0,0,62.803459780835084,21,0,1,0
France,0.07,0.21120889054386344,tablet,0,0,114.9724925591058,10,0,1,0
United Kingdom,0.06,0.11199434291932393,tablet,0,1,41.025488369591244,0,1,1,0
Netherlands,0.08,0.3758583522289735,desktop,0,0,326.90160819664436,5,1,0,1
Netherlands,0.08,0.3767919100534971,mobile,0,0,154.424798879177,23,0,0,1
Vietnam,0.35,0.2476220499570213,mobile,1,0,60.65226698320049,19,1,1,0
Nigeria,0.55,0.2799075559997072,desktop,0,0,65.52479568540097,12,0,1,0
Romania,0.4,0.01346669911804236,mobile,0,1,67.5090644358115,21,0,0,1
Germany,0.05,0.16360183253587635,desktop,0,0,76.00717515340493,6,0,1,0
India,0.18,0.10914490962057707,tablet,0,0,62.93080306798485,0,0,0,1
Australia,0.06,0.09893022017783969,mobile,0,0,72.02923340889663,15,1,1,0
Canada,0.05,0.2997296348329425,desktop,0,0,56.14454970841825,21,0,1,0
Australia,0.06,0.29539801500426055,desktop,0,0,158.1704507248016,3,0,1,1
Canada,0.05,0.15981821354508413,tablet,0,0,104.92481927522633,0,0,1,0
Germany,0.05,0.27718512930896055,desktop,0,0,87.44382227902265,17,1,1,1
Germany,0.05,0.07462600264512304,desktop,0,0,63.09641184595598,17,0,0,1
United States,0.05,0.44798128657325287,desktop,1,0,259.7082427790206,0,1,0,1
France,0.07,0.376532444571545,desktop,0,0,273.2208607718617,21,1,1,1
Vietnam,0.35,0.12879432934548476,desktop,0,0,76.83560034581632,23,0,1,0
Australia,0.06,0.10678915265304043,desktop,0,0,61.156865038438994,5,0,1,0
France,0.07,0.26464875955759526,tablet,0,0,81.13408561519688,20,0,1,0
Canada,0.05,0.16131201129847014,mobile,0,0,132.8533965752624,22,0,1,0
France,0.07,0.05751065536221886,mobile,1,0,75.81040743225788,10,0,1,0
United Kingdom,0.06,0.173517454124506,desktop,0,0,67.20255139521585,17,0,1,0
Netherlands,0.08,0.05547499452680308,mobile,0,0,76.30451201757087,11,0,1,0
United Kingdom,0.06,0.19380307705172636,desktop,0,0,74.83800401239093,23,0,1,0
Japan,0.05,0.031220630288567447,mobile,1,0,60.85563629014886,2,0,1,0
Japan,0.05,0.3457577376109033,mobile,0,0,56.859118028459875,4,0,1,0
Australia,0.06,0.1727616507393709,desktop,0,0,97.28470345664213,5,0,1,0
Netherlands,0.08,0.21630047488811718,tablet,0,0,112.37820160447455,3,0,0,1
Germany,0.05,0.4074394440927265,tablet,0,0,284.2918588299899,1,0,0,1
Nigeria,0.55,0.33725305854875165,desktop,0,0,86.52138166110412,15,0,1,1
Japan,0.05,0.3135724925761242,tablet,1,0,76.77262653094934,14,1,1,1
Netherlands,0.08,0.020058281073178506,mobile,0,0,101.05091226595623,12,0,1,0
Japan,0.05,0.24660876117230243,desktop,0,0,53.634692854042946,17,0,1,1
Netherlands,0.08,0.47662602819331507,desktop,0,0,429.3127161278099,19,1,1,1
Pakistan,0.45,0.07439759416827446,mobile,0,0,106.01376398177288,6,0,1,1
Canada,0.05,0.06425963535125037,mobile,0,0,105.47543781946358,10,1,1,0
Netherlands,0.08,0.2120914666646925,desktop,0,0,132.0984851371221,15,0,0,1
Japan,0.05,0.11891744260012298,desktop,0,0,59.77314202030964,0,0,0,1
France,0.07,0.3943150856581551,desktop,0,0,168.88932335071263,12,1,1,0
India,0.18,0.0614186775224123,desktop,0,0,68.35368933412737,11,0,1,0
Canada,0.05,0.06397191983513233,desktop,0,0,49.87674572404148,6,0,1,0
Australia,0.06,0.020516355274723282,desktop,0,0,88.98259416762278,15,0,1,0
United States,0.05,0.14105790704912588,mobile,0,0,93.34502692471979,7,0,1,0
Germany,0.05,0.06356115688096564,desktop,0,0,89.7066007807929,7,1,1,1
Netherlands,0.08,0.12734935697519653,mobile,0,0,77.6556430313247,17,1,1,0
Canada,0.05,0.18993452539667663,mobile,1,1,104.797889699448,12,0,1,1
Canada,0.05,0.45368038167547753,tablet,0,0,188.1059474512001,4,1,0,1
Germany,0.05,0.22239000880585166,tablet,0,0,59.687342012802404,14,0,1,0
France,0.07,0.16642681550992308,tablet,1,0,26.24615271826687,7,0,1,0
Netherlands,0.08,0.1782511377781484,desktop,0,0,65.64147609752185,17,0,1,0
Vietnam,0.35,0.3769845969717009,desktop,1,0,278.35836951030706,11,1,0,1
United States,0.05,0.3586037087461925,desktop,0,1,74.93148363892188,5,0,1,0
Australia,0.06,0.4175112452525687,desktop,0,0,177.52733344159614,1,0,0,1
France,0.07,0.10231837282204273,desktop,0,0,61.075661707088756,6,0,1,0
Australia,0.06,0.1340877664872171,desktop,0,1,54.7961158783953,15,0,1,1
France,0.07,0.09440955022620581,desktop,1,1,51.33958441631857,16,0,1,0
Canada,0.05,0.10950716736260616,desktop,0,0,85.8185359186613,19,0,1,0
France,0.07,0.11039949225217481,mobile,0,0,107.86716374546877,8,0,1,0
Australia,0.06,0.30200064403606824,tablet,0,0,47.563620610574404,22,0,1,0
France,0.07,0.17679046301485027,desktop,0,0,72.13564564811693,18,1,0,1
France,0.07,0.16802725791211476,desktop,0,0,97.13031716216508,7,0,1,0
Netherlands,0.08,0.31744173419411215,desktop,0,0,68.9850584284309,6,0,1,1
Japan,0.05,0.10708136770761172,desktop,0,0,94.6894174407575,13,0,1,0
Canada,0.05,0.2838458848782368,tablet,0,0,107.4925543788039,18,1,1,0
Netherlands,0.08,0.1328787981993979,desktop,0,0,84.6089585151474,11,0,1,0
Netherlands,0.08,0.1106219910916685,desktop,0,0,61.96148325827212,3,0,1,0
United Kingdom,0.06,0.11369622929440844,mobile,0,0,116.7775382271037,18,0,1,1
Australia,0.06,0.061530040013368405,desktop,0,1,67.1137334715861,10,0,1,0
Germany,0.05,0.04540801717139176,mobile,0,0,67.11440987328787,0,0,1,0
Japan,0.05,0.30997776942142835,desktop,0,0,88.2532743805939,4,0,1,0
Germany,0.05,0.07459449397647844,desktop,0,1,66.3194443963726,13,0,1,0
Japan,0.05,0.37031596861100075,desktop,0,0,68.14690246351374,12,0,1,0
Germany,0.05,0.18233962300025677,mobile,0,0,64.66318013727314,3,0,0,0
France,0.07,0.47354453953589126,desktop,0,0,259.9424485346849,16,0,1,0
Russia,0.6,0.07203401649989444,desktop,0,0,78.95972375760387,15,0,1,0
Canada,0.05,0.1806241772065133,mobile,0,0,36.94967008811157,12,0,1,0
Nigeria,0.55,0.1866873453606548,mobile,1,0,71.2167197811776,1,0,0,1
Pakistan,0.45,0.4557061753797681,desktop,0,1,179.11444688950522,3,0,1,1
Nigeria,0.55,0.3005696223790865,tablet,0,0,63.92374429350194,4,0,0,1
United Kingdom,0.06,0.489929785292385,mobile,0,0,122.69266271366534,22,1,1,1
Netherlands,0.08,0.11283071312874224,tablet,0,0,65.71885385023015,5,0,1,0
United States,0.05,0.3644255504926926,desktop,0,0,94.25776131287621,0,0,1,0
Canada,0.05,0.19115611361766077,mobile,0,0,83.23499766581904,6,1,0,1
Nigeria,0.55,0.23463445855902337,desktop,0,0,34.65264725650568,17,0,1,0
Japan,0.05,0.01721926008608237,desktop,0,0,112.08759673560942,5,0,0,0
France,0.07,0.24060612305790852,desktop,0,0,80.43034628072662,17,0,1,0
Canada,0.05,0.07374833247194129,desktop,1,0,60.38682183252169,0,0,1,0
Netherlands,0.08,0.046149559423747724,mobile,0,0,62.525237452726266,21,0,1,0
Japan,0.05,0.047818429054262784,mobile,1,0,35.52974611509002,13,0,1,0
France,0.07,0.0514375465380728,desktop,1,0,79.53749954404908,20,0,0,1
Vietnam,0.35,0.2797869168012436,desktop,0,0,92.56595026169454,17,0,1,1
Germany,0.05,0.38061156295757853,desktop,0,0,174.3284780987037,3,0,1,0
United Kingdom,0.06,0.29287220191115365,mobile,1,0,53.6920450599956,15,0,0,1
Australia,0.06,0.10982250696275231,desktop,0,0,77.4153242774522,22,0,1,0
Indonesia,0.3,0.13279606201611788,mobile,0,0,111.9589927554778,11,0,1,0
Germany,0.05,0.06160907940581964,desktop,0,0,107.96276961144405,3,0,1,0
Germany,0.05,0.23474172898679366,mobile,0,0,98.50661539649742,13,0,1,0
United Kingdom,0.06,0.17884711070093556,mobile,0,0,149.46262715048823,13,0,1,0
Netherlands,0.08,0.41781913897547707,desktop,0,0,522.0912687482657,18,0,0,1
Germany,0.05,0.21358627481451375,mobile,0,0,110.47983279297469,3,0,1,0
France,0.07,0.07608231752721042,tablet,0,0,75.9806559289982,15,0,1,0
Pakistan,0.45,0.49784024958198214,desktop,0,0,172.5499186628699,9,1,1,1
United States,0.05,0.36573608709905864,desktop,0,0,109.63280962603042,5,0,1,0
Australia,0.06,0.3289164362611942,mobile,0,0,52.28112228582679,19,0,1,0
France,0.07,0.42124341914754576,desktop,1,0,234.12189875124136,13,1,1,1
Netherlands,0.08,0.05298044626935673,tablet,0,1,59.57446280924087,22,0,1,0
Canada,0.05,0.28240226542425784,desktop,0,0,82.99151334973985,5,0,1,0
Canada,0.05,0.44596112144779776,mobile,0,0,150.44389416589928,7,1,1,0
United Kingdom,0.06,0.15237042662970796,mobile,0,0,78.0260285667932,21,0,1,0
Japan,0.05,0.29989669028613913,desktop,0,0,73.24417549680417,10,0,1,0
Netherlands,0.08,0.10755235775244534,desktop,0,0,88.8000065352797,9,0,1,0
United Kingdom,0.06,0.34108793344949245,mobile,0,0,93.92349946009533,19,0,1,0
Canada,0.05,0.3913000742075339,desktop,0,0,202.2318394398632,2,1,0,1
Vietnam,0.35,0.15110832469030275,desktop,1,1,72.53880217175143,14,0,1,1
United States,0.05,0.0800101882184115,tablet,0,0,63.667277809626185,8,0,1,0
Germany,0.05,0.036611218502241805,desktop,0,0,78.88137678589527,21,0,1,0
Australia,0.06,0.29024687997888055,mobile,0,0,63.710963063973,3,0,1,0
Canada,0.05,0.046256662066572925,desktop,0,0,115.15549367424178,7,0,1,0
Germany,0.05,0.2319934418291692,mobile,0,0,71.95979330011318,4,0,1,0
France,0.07,0.09046428626564704,mobile,0,0,104.09369532111458,4,0,1,0
United Kingdom,0.06,0.23222128079351528,desktop,0,0,52.81213140607047,6,1,1,1
France,0.07,0.2063297999309431,desktop,0,0,66.80269533170544,13,0,1,0
Japan,0.05,0.1626053936421607,desktop,0,1,59.43326900679923,11,0,1,1
Australia,0.06,0.011690168331476219,mobile,0,0,84.58765771128353,11,0,1,0
United States,0.05,0.16069514709204313,desktop,0,0,48.67946505461906,21,1,1,1
Netherlands,0.08,0.2723102879963533,desktop,0,0,40.52459307226612,21,0,1,0
United Kingdom,0.06,0.14270869625471075,mobile,0,0,59.206960333202424,5,0,1,0
Netherlands,0.08,0.16475098121891452,tablet,0,0,89.69244323383393,2,0,1,0
Canada,0.05,0.046314856716688495,desktop,0,0,55.511431523929346,16,0,1,0
Netherlands,0.08,0.2560003818939172,mobile,0,0,80.87882123096402,1,0,1,0
United Kingdom,0.06,0.1906695109017052,tablet,0,0,58.75865139426323,14,0,1,0
United Kingdom,0.06,0.02439583288480381,desktop,0,0,39.90521905889939,4,0,0,1
France,0.07,0.1643991667017703,tablet,0,0,99.30356925195107,4,0,1,0
United States,0.05,0.1907413912012274,mobile,0,0,92.50638499013532,16,0,1,0
Germany,0.05,0.14870922034367148,mobile,0,0,72.67955720698775,18,1,1,1
Japan,0.05,0.1371610989939877,mobile,0,0,74.81454118362217,7,0,1,0
Netherlands,0.08,0.21810402223847633,desktop,0,0,68.53638075771109,8,0,1,0
United States,0.05,0.10110438902629419,mobile,0,0,51.3465844031171,2,0,1,0
Nigeria,0.55,0.21209767512775257,mobile,1,0,116.40809860689969,21,0,0,1
Netherlands,0.08,0.4449399416877472,desktop,0,0,313.32838339319204,21,1,0,1
Nigeria,0.55,0.2291699158130341,desktop,1,0,83.64440216344784,3,0,1,1
Japan,0.05,0.09953010713462128,mobile,1,0,61.893323540816525,18,1,1,0
Japan,0.05,0.15580348959239,desktop,0,0,86.05666226573081,22,0,1,1
France,0.07,0.1673644026421304,desktop,1,0,110.0358429827088,21,0,0,1
Japan,0.05,0.22984402670153434,desktop,0,0,78.1256529253824,10,0,1,0
India,0.18,0.04955717962183524,desktop,0,0,83.61288377902234,2,0,1,0
United States,0.05,0.07596252652949152,desktop,0,0,100.21331614056784,12,0,1,0
Germany,0.05,0.16681675046061717,desktop,0,0,94.4028440398849,7,0,1,0
United States,0.05,0.4855934884453626,desktop,0,0,235.68675354851098,8,1,0,1
Russia,0.6,0.13847325554723303,desktop,0,0,82.4592343036848,15,1,1,1
France,0.07,0.49008739273012897,tablet,0,0,283.8958321090864,13,1,1,1
Japan,0.05,0.13947690795092135,mobile,0,0,80.1403150494493,1,0,0,0
Netherlands,0.08,0.06843818656501838,desktop,0,0,99.74965875966319,14,0,1,0
Pakistan,0.45,0.28239619719723413,desktop,0,0,63.36347671979202,23,0,1,0
United Kingdom,0.06,0.11823076144368083,desktop,1,1,88.73840479483236,4,0,1,1
Netherlands,0.08,0.1987476911332802,desktop,0,0,164.69625831993105,23,0,1,0
Vietnam,0.35,0.24441607319639513,mobile,1,0,83.56575571018021,2,0,1,0
United States,0.05,0.18687701984470853,mobile,0,1,48.47242827893642,12,0,1,0
Japan,0.05,0.4424052922479686,desktop,0,0,152.11108230924822,2,1,0,1
Canada,0.05,0.35990008533591883,mobile,0,0,91.58586495615084,23,0,1,0
Australia,0.06,0.36367554454252904,mobile,0,1,58.28194942770534,18,0,1,0
France,0.07,0.06702016055094473,desktop,0,0,52.33869483657723,22,0,1,0
Germany,0.05,0.35973516421870483,mobile,0,0,45.47928085033977,0,0,1,0
United Kingdom,0.06,0.11705136437746294,desktop,0,0,68.51823039744411,14,0,1,0
United Kingdom,0.06,0.10212922007810045,mobile,0,0,129.5540663168334,19,0,1,0
United States,0.05,0.23816836676457367,desktop,0,0,61.19608017855489,2,0,1,0
Australia,0.06,0.05421719399176647,desktop,0,0,100.13719798075101,22,0,1,0
Canada,0.05,0.31547602736798025,desktop,0,1,66.8421021503853,3,0,1,1
United Kingdom,0.06,0.4972480589564974,desktop,1,0,137.68485171527794,2,1,1,1
Japan,0.05,0.36622725115743876,desktop,0,0,88.31706923185287,7,0,0,1
Japan,0.05,0.22629909761927786,mobile,0,0,43.08628488077801,22,0,1,0
France,0.07,0.28027105242592215,desktop,1,0,132.19508759946456,19,1,1,1
Russia,0.6,0.14710178148020078,tablet,1,0,88.94881018516638,10,0,1,0
Canada,0.05,0.41459218551985544,desktop,0,0,173.4395417053587,12,1,1,1
Netherlands,0.08,0.3179589816375364,tablet,0,0,67.33921007789823,0,0,1,1
United States,0.05,0.020945209496245773,desktop,0,0,87.68365802597197,19,0,1,1
Japan,0.05,0.10881505316378705,desktop,0,0,102.1540368901971,1,0,1,1
Pakistan,0.45,0.15419898521333245,desktop,0,0,71.39670983881823,17,0,0,1
Netherlands,0.08,0.1587705407231382,desktop,0,0,54.29210408758073,8,0,1,0
Australia,0.06,0.37431259603607814,desktop,0,0,52.97956548355614,19,0,1,0
Australia,0.06,0.08340399504841814,mobile,0,0,63.56188588370038,0,0,1,0
Canada,0.05,0.06613756537735191,desktop,0,0,79.79367125923136,6,0,1,0
Japan,0.05,0.43269899232912545,desktop,0,0,250.21609202795554,15,1,1,1
Netherlands,0.08,0.05700407648512582,desktop,0,0,62.09745884778879,16,0,1,0
Pakistan,0.45,0.1255453334678072,mobile,0,1,93.43897658152514,0,0,1,1
France,0.07,0.07026009395072985,desktop,0,0,62.71669302574279,1,0,1,0
United States,0.05,0.26106849672536775,desktop,0,0,59.79004970488898,8,0,1,0
Australia,0.06,0.21344994959032626,desktop,0,0,102.38936001423578,16,0,1,0
United Kingdom,0.06,0.10570100905867325,mobile,0,0,89.36203307059047,15,0,1,0
Germany,0.05,0.1359173006654667,mobile,0,0,48.00189264753212,11,0,1,0
Canada,0.05,0.15984626851334166,desktop,0,0,46.25666805963836,14,0,1,0
Japan,0.05,0.1619470917010116,desktop,0,0,50.01349498014759,8,0,1,0
United Kingdom,0.06,0.30487491822076296,desktop,0,0,72.9140289636125,13,0,1,0
United Kingdom,0.06,0.06342776728617942,desktop,0,1,111.3252362009054,16,0,0,1
United States,0.05,0.2456466825782901,mobile,0,0,122.3128993371013,5,0,1,0
Nigeria,0.55,0.10382647460956171,mobile,1,0,95.83921038676449,0,0,1,1
Japan,0.05,0.160282775918354,desktop,0,0,143.95623071684207,6,0,0,1
United States,0.05,0.1810270608098015,mobile,0,0,79.08860101433555,18,0,1,0
United States,0.05,0.28790870724478107,desktop,0,0,108.65304376697594,20,0,1,0
Australia,0.06,0.13435506387081134,mobile,0,1,60.345001823435645,12,0,1,1
Germany,0.05,0.24108823003970772,mobile,0,0,42.749757373238026,20,0,1,0
Australia,0.06,0.43378833004808853,mobile,1,0,246.88665045211573,10,1,1,1
Canada,0.05,0.19907711819352433,desktop,0,0,70.54142603637013,17,0,1,0
India,0.18,0.29259122019000244,desktop,1,0,182.12687667877964,12,0,1,1
Germany,0.05,0.1720034352985666,desktop,0,0,73.6886219568795,0,1,1,1
Japan,0.05,0.4554590525794713,desktop,0,0,163.55182842176242,6,1,1,1
United States,0.05,0.22584714950507698,desktop,0,0,103.29890943836169,16,0,1,0
Romania,0.4,0.3299471942702513,mobile,0,0,56.49457800981373,14,0,1,0
Indonesia,0.3,0.23589697290858433,mobile,1,0,77.49698719781053,17,0,1,0
Japan,0.05,0.5932279790349865,mobile,0,0,236.71392610407335,5,1,1,1
France,0.07,0.09760627372243495,mobile,0,0,53.19299014413346,4,0,1,0
Germany,0.05,0.46763982812894156,desktop,0,0,317.328078781413,22,0,1,0
Netherlands,0.08,0.3780901786373853,desktop,0,0,539.527354950307,8,1,1,1
Japan,0.05,0.07127652698238128,desktop,0,0,83.39996964870227,18,0,1,0
Germany,0.05,0.24455787853181063,mobile,0,0,136.05898446310707,1,0,1,0
France,0.07,0.056481544713466426,desktop,0,0,64.47083648627938,21,0,1,0
France,0.07,0.152779026385622,desktop,0,0,97.31552441056773,20,0,1,0
Netherlands,0.08,0.2273866466779262,desktop,0,0,81.25452100756762,17,1,0,1
Japan,0.05,0.10287027174838459,mobile,0,0,58.953812185829314,6,0,1,0
Australia,0.06,0.23304896936454744,tablet,0,0,59.57741463692074,1,0,1,0
Australia,0.06,0.07893200158906344,mobile,0,0,150.03593484657733,5,0,1,0
Germany,0.05,0.1448906937611768,desktop,0,0,106.77886826486616,12,0,1,0
Canada,0.05,0.5099983003725779,desktop,0,0,263.89320396476194,22,1,1,1
United States,0.05,0.08837309936751207,desktop,1,1,59.21388277729112,16,0,1,0
Netherlands,0.08,0.0981378121928008,mobile,1,0,94.42262503423893,11,0,1,0
Canada,0.05,0.4391270022611465,desktop,0,0,216.58555337905142,14,1,1,1
France,0.07,0.3486806937021889,desktop,0,0,133.528330287524,17,0,1,0
Germany,0.05,0.039946835839668876,desktop,0,0,112.67606875578414,16,0,1,0
United Kingdom,0.06,0.056744100864840906,desktop,0,0,101.67325747275854,2,0,1,0
Australia,0.06,0.004126307968555098,tablet,0,0,98.12279503785619,12,0,1,0
Germany,0.05,0.10359110082112515,desktop,0,0,71.46978843543822,21,0,1,0
United States,0.05,0.19021719747526414,tablet,0,0,87.40145899225512,15,1,0,1
Netherlands,0.08,0.2509649344474118,desktop,0,0,126.4019910858726,9,1,1,1
Canada,0.05,0.2002388383896867,desktop,0,0,86.77603585753792,13,0,1,0
Canada,0.05,0.1767805876292353,mobile,0,0,54.912820120081875,17,0,1,0
Canada,0.05,0.14971073765774773,desktop,0,0,114.34628116032985,1,0,1,0
Netherlands,0.08,0.0639141036780405,mobile,0,0,58.10200829822155,4,0,0,1
Germany,0.05,0.20948766720250234,desktop,0,0,72.94119922768283,14,0,1,0
Japan,0.05,0.38209575479135727,desktop,0,1,208.94643588761744,2,1,1,1
Russia,0.6,0.11755920039682338,desktop,0,0,29.572822585613366,11,0,0,1
Japan,0.05,0.2445405758818345,tablet,0,0,78.36253973311253,18,0,0,0
Canada,0.05,0.42530953170392494,mobile,0,0,294.7448726981654,12,0,1,0
Japan,0.05,0.4595679920882577,mobile,0,0,433.1526122980746,19,0,1,0
France,0.07,0.1691153837182247,mobile,0,0,207.92047790382605,1,0,1,1
Canada,0.05,0.04490969760722072,desktop,0,0,69.85165422964289,11,0,1,0
France,0.07,0.42238887492065347,mobile,0,0,188.1601390073297,21,0,1,0
Germany,0.05,0.22311643823642693,desktop,0,0,71.05962745078337,14,0,1,1
United States,0.05,0.13305705387291283,mobile,0,0,75.27262070027113,20,0,1,0
Canada,0.05,0.13304559428442148,mobile,0,0,83.88945086249038,9,0,1,0
United Kingdom,0.06,0.021346542452118103,desktop,0,0,125.03638874864488,1,0,1,0
Canada,0.05,0.2899360391684398,mobile,0,0,54.94885351879809,7,0,1,0
Australia,0.06,0.07833758550932787,mobile,0,0,73.924948405509,21,0,1,0
India,0.18,0.11441518847984049,desktop,0,0,91.42416695809445,5,1,1,1
United States,0.05,0.18360345505517334,mobile,0,0,115.35665738676562,20,0,1,0
Australia,0.06,0.49339180025430895,desktop,0,0,203.13958526511072,15,1,0,1
France,0.07,0.2603356540303187,mobile,0,0,45.1761725866391,18,0,1,0
United States,0.05,0.29198578548369675,mobile,0,0,74.75496667298735,22,1,0,1
Germany,0.05,0.2524796588624345,desktop,0,0,109.04423794489178,22,0,1,0
United Kingdom,0.06,0.17999698943299927,desktop,0,0,62.28810713163343,12,0,1,0
United Kingdom,0.06,0.037784568319620196,desktop,0,0,93.14309783541324,15,0,1,0
Germany,0.05,0.11070460397254431,mobile,0,0,147.26801772127035,2,0,1,0
Canada,0.05,0.36267705118798266,mobile,0,0,73.96719477540547,2,0,1,0
France,0.07,0.17036820458982202,mobile,0,0,68.0433014593139,22,0,1,0
United States,0.05,0.0938559953419383,mobile,0,0,86.93406867366244,3,0,0,0
United Kingdom,0.06,0.5223750952483279,mobile,0,0,209.39317133001313,1,1,1,1
United States,0.05,0.2628321645126584,desktop,0,0,80.58699174244686,1,0,1,0
Australia,0.06,0.2547732016535672,tablet,0,0,69.17905819942426,0,0,1,0
Canada,0.05,0.1792761667205797,desktop,0,0,67.35669208921105,10,0,1,0
Australia,0.06,0.10624670995165755,desktop,0,0,51.85490675979929,2,0,1,0
Germany,0.05,0.17921273545746663,desktop,0,0,91.34572367642286,3,0,1,0
United States,0.05,0.14862230797434803,desktop,0,0,51.21777155578012,21,0,1,0
Russia,0.6,0.17089228597008502,mobile,0,0,55.368040552505256,0,0,1,0
United States,0.05,0.01836892601368606,desktop,1,0,48.46053881040332,2,0,1,0
United Kingdom,0.06,0.29399688723685313,desktop,0,0,65.74916022732603,12,0,1,0
United Kingdom,0.06,0.19533584723631264,desktop,0,0,74.37168311256019,4,1,1,1
Indonesia,0.3,0.226573377374695,desktop,0,0,50.15428303316232,7,0,1,0
Australia,0.06,0.24122910025355748,desktop,0,0,67.14048539466019,11,0,1,0
Australia,0.06,0.49253735215003014,mobile,0,0,199.1796910217267,4,1,1,1
Pakistan,0.45,0.13661654456605712,desktop,0,0,42.55246563107449,17,0,0,1
United States,0.05,0.07587945009262452,mobile,0,0,56.497342897279275,16,0,1,0
Indonesia,0.3,0.3643566456905448,desktop,0,0,138.60488831649207,0,0,1,1
United Kingdom,0.06,0.17360911562168926,desktop,0,0,57.51120888140134,13,0,1,1
Australia,0.06,0.19681437850349204,mobile,0,0,94.43854934523723,7,0,1,0
Canada,0.05,0.03143749872458328,desktop,0,0,61.705563722260095,13,0,1,0
Canada,0.05,0.2750517853841757,desktop,0,0,79.04661637512729,15,0,0,1
India,0.18,0.13167227090501188,desktop,0,0,55.75369438489879,8,0,1,1
United Kingdom,0.06,0.3333551491919924,mobile,0,0,37.878591817640974,14,0,1,0
Pakistan,0.45,0.15482427291905523,mobile,1,0,63.1589035586172,18,0,0,1
Canada,0.05,0.2407334293783843,desktop,1,0,86.02523102405738,19,0,1,1
Australia,0.06,0.04984335836718918,mobile,0,0,93.44721494302833,3,0,1,0
Indonesia,0.3,0.08803410337576323,desktop,0,1,77.48317024247015,13,0,0,1
United States,0.05,0.41101274515955694,mobile,0,0,215.56488670530985,10,1,1,1
India,0.18,0.1929683943882693,tablet,0,0,101.70614211656945,21,0,1,0
Australia,0.06,0.31407073478005526,desktop,1,0,57.243283690725725,9,1,0,1
Japan,0.05,0.032205782936709886,desktop,0,0,58.483725827032735,5,0,1,0
United Kingdom,0.06,0.16782381742138344,mobile,0,0,52.295942139344966,19,0,1,0
France,0.07,0.1988101167497903,desktop,1,0,63.556924869909075,9,0,1,0
Japan,0.05,0.08269049589678236,mobile,0,0,66.45642975049375,4,0,1,0
France,0.07,0.10604268969602229,mobile,1,0,81.6679043261324,12,0,0,1
United Kingdom,0.06,0.04878349155324311,tablet,0,0,45.900910841811346,23,0,1,0
Germany,0.05,0.17287369084515752,desktop,0,0,62.73210775450435,7,0,1,0
Netherlands,0.08,0.17925752894133873,mobile,1,0,55.68968547355101,3,0,0,1
United States,0.05,0.13716437985432683,desktop,0,0,85.59687687262759,11,0,1,0
Japan,0.05,0.1890224700638748,mobile,0,0,81.93189259903113,10,0,1,0
Pakistan,0.45,0.07836657676465514,tablet,0,0,51.40188441583702,7,0,1,0
United States,0.05,0.26647020626034296,mobile,0,0,87.55653709051845,14,0,1,0
United Kingdom,0.06,0.12165058901110143,mobile,0,0,72.36157974668876,0,0,1,0
Japan,0.05,0.09824678944832439,desktop,0,1,97.28181988812761,10,0,1,0
United States,0.05,0.23211475781783042,desktop,1,0,58.783020184225414,3,0,1,0
Australia,0.06,0.17839022059800097,mobile,0,0,90.61824967540676,21,0,1,0
Japan,0.05,0.3472771312689255,desktop,0,0,99.75775027943081,13,0,1,0
Australia,0.06,0.1708620792770144,desktop,0,0,75.49924305356922,15,0,1,0
Canada,0.05,0.1412130497357617,mobile,1,0,153.58348438017407,14,0,0,1
Japan,0.05,0.03810550980507031,mobile,0,0,87.53309987492128,16,0,1,0
Australia,0.06,0.10682162306496844,desktop,1,0,136.58970279863982,16,0,1,0
United Kingdom,0.06,0.3420555545108438,desktop,1,0,178.15381369899652,21,0,1,1
Australia,0.06,0.17675675561456822,desktop,0,0,41.037567405387065,14,0,1,0
Nigeria,0.55,0.18733007965072496,mobile,0,1,110.28619516055275,3,0,1,0
Japan,0.05,0.2264717279755408,mobile,0,0,88.29814153496136,8,1,1,0
France,0.07,0.16332717383275683,desktop,0,0,80.2535928395727,10,0,0,1
Germany,0.05,0.23026995393375713,desktop,0,0,58.480837023615436,21,0,1,0
United States,0.05,0.03316444463583268,mobile,0,0,53.949199044101114,9,0,1,0
Germany,0.05,0.08115858228342758,desktop,0,1,50.97839355390161,20,0,1,0
United States,0.05,0.08473146808094593,mobile,0,0,160.47760213028843,18,0,1,0
Pakistan,0.45,0.4917212012755083,desktop,0,0,190.17797304184836,9,1,1,1
Germany,0.05,0.13581532445208097,tablet,0,0,45.800169328248074,20,1,0,1
Netherlands,0.08,0.1155223801018893,mobile,0,1,50.987719564137535,11,0,1,0
United Kingdom,0.06,0.17014437353400746,desktop,0,0,36.27789558945885,10,0,1,0
Germany,0.05,0.1616941450705075,desktop,0,0,111.8178446796209,3,0,1,0
Canada,0.05,0.2856751767547919,desktop,0,0,74.87725664630216,2,0,1,1
Germany,0.05,0.09481510867568278,desktop,0,0,88.0770987760893,13,0,1,0
Netherlands,0.08,0.16030865476059594,desktop,0,0,73.76255487511459,18,0,1,0
Romania,0.4,0.04686065071042727,desktop,0,0,102.69167112738,20,0,0,0
Nigeria,0.55,0.20462489535283318,mobile,0,0,64.14223919218963,18,0,0,1
United Kingdom,0.06,0.189324887160726,desktop,0,0,81.72870853991652,10,0,1,0
Netherlands,0.08,0.07309548262834005,desktop,0,0,81.11901820728869,6,0,1,0
United Kingdom,0.06,0.14394746401936678,mobile,1,0,49.10181069684786,9,0,1,0
Brazil,0.2,0.3707890412835645,desktop,0,0,57.221912552708105,4,0,1,0
France,0.07,0.06891875747212774,desktop,1,1,66.28637248156068,12,0,1,0
Canada,0.05,0.2618479816157022,mobile,0,0,82.46300710373887,3,0,1,0
United Kingdom,0.06,0.22007726897372795,mobile,1,0,119.81491454125037,18,0,1,0
United States,0.05,0.47824287349889094,desktop,0,0,261.74359742858496,2,1,1,1
Germany,0.05,0.1745312696475821,tablet,0,0,71.47156973227382,9,1,1,0
Brazil,0.2,0.03784003848808693,desktop,0,0,82.14544362563416,6,0,0,0
Netherlands,0.08,0.3494169733771578,desktop,0,0,69.75764489077623,14,1,1,0
Indonesia,0.3,0.2445696547296748,desktop,0,0,73.1164835805317,17,0,1,0
United States,0.05,0.2848476266556091,desktop,0,0,125.2821023450506,9,0,1,0
Australia,0.06,0.14234089887486814,desktop,0,0,68.16473570222723,6,0,1,0
Germany,0.05,0.08582657951911067,desktop,0,0,80.77596567967629,22,0,1,0
France,0.07,0.4968831649729735,mobile,0,0,148.19622673969937,20,1,1,1
Germany,0.05,0.1395372743867487,desktop,0,0,114.58246681867769,20,0,1,0
Germany,0.05,0.6904674859475541,mobile,1,0,138.18734137455337,8,1,1,1
Australia,0.06,0.128837033567241,desktop,0,0,71.86864517450681,1,0,1,0
United Kingdom,0.06,0.21737300401070922,mobile,0,0,103.94630854736477,16,0,1,0
France,0.07,0.1936795444754387,desktop,0,0,54.42944179008826,5,1,1,1
Australia,0.06,0.18172746257915953,desktop,0,0,99.85896401431329,5,0,1,0
United Kingdom,0.06,0.07191258473857307,mobile,0,0,35.97489995947716,19,0,1,0
India,0.18,0.07926301424536453,desktop,0,0,50.29085599522548,2,0,1,0
France,0.07,0.2731095034524342,mobile,0,0,71.30983739408411,20,0,0,1
Netherlands,0.08,0.4035260881709226,mobile,0,0,354.80402251112423,5,1,1,1
Japan,0.05,0.16395190245118615,mobile,0,0,77.549316246985,7,0,1,0
Japan,0.05,0.21903427949345416,mobile,0,0,78.12961477932573,15,0,1,0
Japan,0.05,0.3686816727380565,mobile,0,0,110.13464259842304,16,0,0,1
Nigeria,0.55,0.07864172588192139,desktop,0,0,50.38919453297571,15,1,1,1
Australia,0.06,0.5393416493092186,tablet,0,0,188.5222802477908,12,1,1,1
Germany,0.05,0.42614049913433466,desktop,1,0,745.0335068650297,14,1,0,1
United States,0.05,0.41282416786140197,desktop,0,0,540.6839902642793,9,1,1,1
Australia,0.06,0.0448483682290696,tablet,0,0,63.06424475902242,10,0,1,0
United States,0.05,0.16646896350400872,desktop,1,0,75.19429600283772,2,0,1,0
Germany,0.05,0.13930470724586105,mobile,0,0,106.51092711939086,13,0,1,0
United States,0.05,0.013886214710044111,mobile,0,0,70.43969860503344,8,0,1,0
Australia,0.06,0.027915244438057454,mobile,1,0,77.53350508296641,22,0,0,1
United Kingdom,0.06,0.060809813491534456,desktop,0,0,150.2600952758384,23,0,1,0
Australia,0.06,0.12177184037778101,mobile,0,0,47.691663036103414,1,0,1,0
Netherlands,0.08,0.12611817024922317,desktop,0,0,88.32508156271459,15,0,1,0
Netherlands,0.08,0.4354910425321863,desktop,1,0,182.95496458910625,1,1,1,1
Germany,0.05,0.007693283552253829,mobile,0,0,127.3738057645432,8,0,1,0
Australia,0.06,0.36550802316024755,mobile,0,0,81.66186644643697,11,0,1,0
Australia,0.06,0.04201204702611268,mobile,0,0,57.95172922338154,6,0,1,0
France,0.07,0.1128518487768369,mobile,0,0,43.588769526480064,19,0,1,0
Japan,0.05,0.2962736261703486,mobile,0,0,65.19821370890948,0,0,1,0
United Kingdom,0.06,0.07604183142607626,desktop,1,0,78.64701628951958,21,0,0,1
Indonesia,0.3,0.03680214247668648,desktop,0,0,110.54811876161453,23,0,1,1
United States,0.05,0.06847914117589238,mobile,0,0,50.2613316462969,17,0,1,0
Netherlands,0.08,0.13491867353694087,mobile,1,0,55.22317295202027,23,0,0,1
Australia,0.06,0.2711281047949327,desktop,0,0,61.9319722063372,5,0,0,1
Germany,0.05,0.34008609463830464,desktop,0,0,56.18698528006148,14,1,0,1
Japan,0.05,0.06977273893617643,desktop,0,0,61.55347838083879,18,0,1,0
United States,0.05,0.3266024864644066,mobile,1,0,52.94162086315447,8,0,0,1
Netherlands,0.08,0.19697985597076842,desktop,1,0,85.2850262916795,5,0,1,0
Australia,0.06,0.0260273389374203,mobile,0,0,62.23835539321386,9,0,1,0
United Kingdom,0.06,0.1830499527739816,mobile,0,0,73.9790921451808,0,0,1,0
United States,0.05,0.285899012100413,tablet,0,0,81.98255494508311,12,0,1,1
Japan,0.05,0.2793880237586754,desktop,0,0,45.477061722400876,3,0,1,0
Germany,0.05,0.3839691808664101,mobile,0,0,254.89498480748583,7,0,1,0
Vietnam,0.35,0.20161983435596395,mobile,0,0,79.3056017373889,23,0,1,0
Netherlands,0.08,0.4228034664964404,desktop,0,0,345.5280320405327,1,1,0,1
Japan,0.05,0.09608320120018647,desktop,0,0,70.3401843747866,17,0,0,0
Germany,0.05,0.24078001428691767,desktop,0,1,67.06402571182234,5,0,1,0
Japan,0.05,0.2563482484720712,desktop,0,0,75.10092331969274,3,0,1,0
Russia,0.6,0.43721480080468844,desktop,1,0,338.77584463440934,13,1,1,1
United States,0.05,0.09839069270647585,desktop,0,1,48.76130748088014,7,0,1,0
Canada,0.05,0.046019323638504216,mobile,0,0,127.9135719381085,16,0,1,0
Germany,0.05,0.25626055308088086,desktop,0,0,57.77083544728083,21,0,1,0
Canada,0.05,0.04401326939060455,desktop,0,0,75.44074562747463,17,0,0,1
Japan,0.05,0.3213394575283442,mobile,0,0,110.81045995348221,17,0,1,1
France,0.07,0.1393357081915846,mobile,1,0,65.39054937694672,15,0,1,0
Australia,0.06,0.07372189154142232,tablet,0,1,80.07320283394408,5,0,0,1
Germany,0.05,0.45250081323471203,mobile,0,0,251.29673704464813,10,1,1,1
United Kingdom,0.06,0.18058067796418348,mobile,0,0,36.83205108331946,23,0,1,0
Germany,0.05,0.29406906143508704,desktop,0,0,73.04280040694469,12,0,0,1
Netherlands,0.08,0.03366242502727502,desktop,0,0,78.75277287789093,13,0,1,0
Australia,0.06,0.5727893978461818,desktop,0,0,156.18978725924055,15,1,1,0
Canada,0.05,0.13390503374203766,tablet,0,0,97.55391162521013,13,0,1,0
Netherlands,0.08,0.10580324967269182,desktop,0,0,42.21531964362659,2,0,1,0
United States,0.05,0.17564521005038083,mobile,0,0,114.88057927237679,14,0,1,0
Germany,0.05,0.4879210343750507,desktop,0,0,312.32977740089774,3,1,1,0
Germany,0.05,0.17031235018423524,mobile,0,0,99.68080128546801,17,0,1,0
Pakistan,0.45,0.3688361677710469,desktop,0,0,62.9223037484892,21,0,1,1
Japan,0.05,0.02251573977893065,mobile,1,0,190.66715732664676,6,0,1,0
Australia,0.06,0.017901488600551366,tablet,0,0,59.94202527445818,7,0,1,0
United States,0.05,0.35000538126001934,desktop,0,0,71.81471015790926,0,0,1,0
United Kingdom,0.06,0.11012175903264304,mobile,0,0,77.89845189280217,7,0,1,0
Australia,0.06,0.17538678047761616,desktop,0,0,67.70227431856821,15,0,1,0
Canada,0.05,0.5607875802824441,desktop,1,0,155.65821432793257,4,1,1,1
India,0.18,0.14863994308826625,desktop,0,0,159.40303255963892,11,0,1,1
Netherlands,0.08,0.3407297532386112,mobile,0,0,59.5173255758267,19,0,1,0
France,0.07,0.10980913731593576,desktop,0,0,58.77562435939591,19,0,1,0
Japan,0.05,0.20859024219743466,mobile,0,0,70.93119087462688,0,0,1,0
Indonesia,0.3,0.031851133373502385,mobile,0,0,78.85708142965558,22,0,0,1
France,0.07,0.3948506542137591,desktop,0,0,419.21963011875283,20,0,1,0
Australia,0.06,0.3835206100553721,desktop,0,0,273.3894459963263,14,1,0,1
India,0.18,0.4014704162309893,desktop,0,1,240.45815404250192,19,1,0,1
Germany,0.05,0.036578637373186576,desktop,0,0,74.21999406731746,14,0,1,0
Vietnam,0.35,0.3080598819435198,tablet,0,1,89.59811980500054,9,0,1,0
United States,0.05,0.3617707087752222,desktop,0,0,54.76165939300622,15,0,1,1
Australia,0.06,0.07413569738224682,mobile,0,0,60.05361989179353,21,0,0,0
Netherlands,0.08,0.26722916639832583,tablet,0,0,73.13324865531808,1,0,1,0
Australia,0.06,0.2444155181300741,desktop,0,0,102.05097381587514,17,0,1,0
France,0.07,0.0037477812912923114,mobile,1,1,67.66992882411955,8,0,1,1
Australia,0.06,0.08355818046455497,mobile,1,0,65.95778864415202,20,0,1,0
United Kingdom,0.06,0.1609781602601594,mobile,1,0,35.23560623851381,15,0,1,0
United Kingdom,0.06,0.0634271737035311,desktop,0,0,57.81620950795808,2,0,1,0
Germany,0.05,0.01954202898207298,mobile,0,0,41.35978848155366,12,0,1,0
Australia,0.06,0.1910815724803242,tablet,0,0,45.127258721563244,20,0,1,0
France,0.07,0.027543224168692895,mobile,0,0,83.76537860544761,18,0,1,0
Germany,0.05,0.09137891494065987,mobile,1,0,235.47374972237156,16,0,1,0
Nigeria,0.55,0.546402138821435,mobile,0,0,218.39905729073655,2,1,0,1
Canada,0.05,0.019603523745272942,mobile,0,0,82.8029957573141,23,0,1,0
France,0.07,0.25495496751800756,desktop,0,0,56.4764211607737,15,0,1,0
Canada,0.05,0.09140991421993935,tablet,0,0,51.06299134287359,19,0,1,0
United Kingdom,0.06,0.0903383266863375,desktop,0,0,151.35828806180402,20,0,1,0
Japan,0.05,0.23024619787673198,mobile,0,0,55.59650835724749,23,0,1,0
France,0.07,0.098527651709596,desktop,0,0,36.59976732737201,15,0,1,0
United States,0.05,0.1528450793086538,mobile,1,0,80.314110497806,13,0,1,0
Romania,0.4,0.40359805737143456,mobile,0,0,325.15558627429556,1,1,0,1
Netherlands,0.08,0.51832402827077,mobile,0,0,251.81280618623202,3,0,1,0
Japan,0.05,0.23603726688917903,desktop,0,0,127.57032523710085,15,0,0,0
Netherlands,0.08,0.23177279081878005,mobile,0,0,83.85999819932991,22,0,1,0
Brazil,0.2,0.13788446453643174,desktop,0,0,79.79179840378961,20,0,1,0
Canada,0.05,0.1056371270842001,desktop,0,0,92.83890430021658,20,0,1,1
Australia,0.06,0.08558387093515618,desktop,0,0,189.9282227004034,3,0,1,0
Australia,0.06,0.039571902589016626,tablet,0,0,163.60851979593343,10,1,1,1
Germany,0.05,0.1182788883257367,tablet,0,0,65.98407776508388,14,0,1,0
Germany,0.05,0.04507084241298151,mobile,0,0,102.76354298391173,14,0,0,1
United Kingdom,0.06,0.15776524007553502,mobile,1,0,137.7072860683538,11,0,1,1
Japan,0.05,0.18344225455198687,desktop,0,0,93.94420272827772,22,0,1,0
Netherlands,0.08,0.0713554581639985,desktop,1,0,72.00850878817577,5,0,1,0
Netherlands,0.08,0.1138817353609457,mobile,1,0,61.91476038059555,20,0,1,1
Germany,0.05,0.08472987912537783,mobile,0,0,76.28819143421497,10,0,1,0
United Kingdom,0.06,0.22542341983512296,mobile,0,0,49.45495297515612,15,0,1,0
France,0.07,0.2963047054263596,desktop,0,0,100.82304556446354,10,0,1,1
Australia,0.06,0.08345578507251324,desktop,0,0,119.91981435916107,8,0,1,0
India,0.18,0.13742814533870437,desktop,1,0,64.14004439487522,13,0,1,0
Nigeria,0.55,0.21972664472873407,mobile,0,0,62.94818539936086,12,0,1,0
Brazil,0.2,0.02990684782132143,desktop,1,0,50.92501684066831,17,1,1,1
Netherlands,0.08,0.25160842005516915,desktop,0,0,86.78459007694339,1,0,1,0
Romania,0.4,0.05956187318544621,mobile,0,0,73.41982244646039,2,0,1,0
France,0.07,0.029389941834496773,desktop,0,0,44.46992417422123,9,0,1,0
United States,0.05,0.1434476448402968,desktop,0,0,204.4288800695232,4,0,0,1
United States,0.05,0.35139388727627957,mobile,0,0,39.551168318172195,17,0,1,1
Canada,0.05,0.15308021908996375,desktop,0,0,44.52600059682461,15,0,1,0
Germany,0.05,0.11221585258231744,mobile,0,0,102.3944428657695,3,0,1,0
United Kingdom,0.06,0.395119962834783,tablet,0,0,204.57115201455738,2,1,1,1
Romania,0.4,0.08381910459055482,desktop,0,0,57.39710550950122,20,1,1,1
United Kingdom,0.06,0.09424841434240988,desktop,1,0,56.11744250493723,15,0,1,1
Romania,0.4,0.05332769698298377,mobile,1,0,86.51000768313894,21,0,1,0
Japan,0.05,0.25316804765108064,mobile,0,0,84.12830978344695,15,0,1,0
Australia,0.06,0.3855863378825476,tablet,0,0,173.08625971971753,9,1,0,1
Japan,0.05,0.5327921304647429,desktop,1,0,187.07243697202873,8,1,1,1
Canada,0.05,0.1384295244515084,mobile,0,0,90.03070731488584,19,0,1,0
Australia,0.06,0.0625090940244302,desktop,0,0,117.65640674951231,23,0,1,1
United Kingdom,0.06,0.2017833728510433,desktop,1,0,72.42574328535702,10,0,1,1
Russia,0.6,0.08025677768754208,desktop,0,0,97.8628469353979,11,0,1,0
Germany,0.05,0.4155873888015005,desktop,0,1,592.497870554409,9,1,1,1
Germany,0.05,0.11210154109578976,desktop,0,0,89.06604933135498,23,0,1,0
Japan,0.05,0.15450631468045234,desktop,0,0,83.53263886569256,2,0,1,1
Japan,0.05,0.30417494993113786,desktop,0,0,99.16983779677457,4,1,1,1
France,0.07,0.14783813743958274,mobile,0,0,88.39575678948634,19,0,1,0
Australia,0.06,0.379369977878062,desktop,1,1,214.81825399748067,22,0,1,0
United Kingdom,0.06,0.15338601846714395,desktop,1,0,59.187720823355704,6,0,1,1
Japan,0.05,0.38083615962418405,desktop,0,0,183.81023881530038,13,1,1,1
Germany,0.05,0.2364309207265918,mobile,0,0,86.7673269848756,6,0,1,0
Germany,0.05,0.29633565805999906,tablet,0,0,98.36661760528456,23,0,1,0
United Kingdom,0.06,0.5530094301993717,desktop,0,0,301.94364820608575,1,1,1,1
Canada,0.05,0.033962730666956625,tablet,0,0,57.59051736302271,14,0,0,1
Canada,0.05,0.08350488720349276,mobile,0,0,101.63022207047649,14,0,0,1
France,0.07,0.13922973343520945,tablet,0,0,55.52506394681518,22,0,1,0
United Kingdom,0.06,0.2388191150458998,desktop,0,0,114.67929236348103,13,0,1,0
United Kingdom,0.06,0.2504270666637253,desktop,0,0,117.3885984668188,8,0,1,1
France,0.07,0.025035567183790013,mobile,0,1,73.43968594116689,11,0,1,0
United Kingdom,0.06,0.06571460372340787,mobile,0,0,58.74405500371763,15,0,0,1
Japan,0.05,0.21992136110747362,mobile,0,1,57.76502470786759,20,0,1,1
Russia,0.6,0.2965126776335871,mobile,0,0,50.25457799389774,0,0,0,1
Canada,0.05,0.28479327816437927,desktop,0,0,53.36110987218041,17,0,1,1
Vietnam,0.35,0.10721731760929325,mobile,1,1,69.18890735947922,13,0,1,1
United States,0.05,0.032764651508284684,desktop,0,0,60.5943680702558,4,0,1,0
United States,0.05,0.20086991387421835,mobile,0,1,41.95227159955644,8,0,1,0
Japan,0.05,0.08393246780308006,mobile,0,0,62.22459251080199,13,0,1,0
Netherlands,0.08,0.28468407991586414,mobile,0,0,76.1352609775757,19,0,0,1
Netherlands,0.08,0.030018675028681482,desktop,1,0,65.45158679540972,20,0,1,0
United States,0.05,0.46475166766845466,tablet,0,0,238.96612901051907,11,0,0,1
Netherlands,0.08,0.044327196591803224,desktop,0,0,31.915240799605897,16,0,1,0
Canada,0.05,0.12135085198293549,desktop,0,0,110.04655114405874,12,0,0,1
Germany,0.05,0.024042133170208466,desktop,0,0,72.68498897251348,16,0,1,0
United Kingdom,0.06,0.3093285438849478,desktop,1,0,82.45437552790528,23,0,1,1
Pakistan,0.45,0.19898691941445773,desktop,1,1,78.51480455561341,2,0,1,1
United States,0.05,0.10509625775367275,desktop,0,0,87.71377711909047,21,0,1,0
Netherlands,0.08,0.1595809761894068,desktop,0,0,80.17442056467888,4,0,0,1
Australia,0.06,0.14874696528564837,desktop,0,0,76.2878244416592,22,0,1,0
Japan,0.05,0.11442112270652208,desktop,0,0,96.26968802005395,9,0,1,0
Japan,0.05,0.08294322701470716,tablet,0,0,103.77846819863738,4,0,1,0
Netherlands,0.08,0.33692438884357984,desktop,0,1,119.60009562381293,1,0,1,0
United Kingdom,0.06,0.02163940077498459,desktop,0,0,55.082388771150995,21,0,1,0
United States,0.05,0.16594315173196278,mobile,1,0,80.42305386948168,17,0,1,0
Australia,0.06,0.041986029594840456,mobile,0,0,42.01881267018763,10,0,1,0
Canada,0.05,0.6361036225755304,desktop,0,0,267.2811226936048,22,0,1,0
United Kingdom,0.06,0.16676551148494187,desktop,1,0,68.78990533949019,20,0,1,0
United Kingdom,0.06,0.2570826483556547,mobile,0,0,95.51831550839752,4,0,1,1
Canada,0.05,0.03304745745120734,desktop,0,0,70.7230917892092,12,0,1,0
United States,0.05,0.16118324533042794,desktop,0,0,93.26851066194459,15,0,1,0
United States,0.05,0.063464199400679,tablet,0,0,65.31460506087446,16,0,1,0
Brazil,0.2,0.2600647210961152,desktop,0,0,60.20790241822802,12,0,1,1
Germany,0.05,0.025099120771958732,desktop,0,0,55.659236075242454,6,0,1,0
Indonesia,0.3,0.5768636856773118,desktop,0,0,213.93353216160116,5,0,1,0
Romania,0.4,0.15913439963273965,mobile,1,0,64.55788810501417,4,1,0,1
United Kingdom,0.06,0.02438850473536849,desktop,0,0,31.523333013044862,11,0,1,0
Japan,0.05,0.12116363216408797,desktop,0,0,92.06636967735068,13,0,1,0
Australia,0.06,0.14151268499093936,desktop,0,1,53.23711873274883,22,0,1,1
Japan,0.05,0.2387518045695009,desktop,0,0,78.8554783331921,3,0,0,0
United States,0.05,0.3068790754912188,desktop,1,0,49.64069431409801,11,0,1,0
United Kingdom,0.06,0.3405484811755671,desktop,0,1,74.0807777886683,14,1,1,0
United States,0.05,0.17030879239032648,desktop,0,0,26.987024530131535,10,0,1,0
Australia,0.06,0.1253263660631328,desktop,0,0,72.83596777856694,0,0,0,1
Pakistan,0.45,0.07368790593431167,tablet,0,1,54.25476990908365,16,0,1,1
Japan,0.05,0.27854891162987333,mobile,0,0,47.28970710473058,4,0,1,0
Japan,0.05,0.18443249705708373,desktop,1,0,96.2995296195164,17,0,1,0
Pakistan,0.45,0.1774691472601922,desktop,1,0,70.70129457800005,6,0,1,1
Japan,0.05,0.1085175278853929,mobile,0,0,67.66449058206908,16,0,1,0
United States,0.05,0.5449145538812356,mobile,0,0,141.16182080327792,4,1,1,1
Netherlands,0.08,0.32919620868320204,desktop,0,0,100.7960383564442,14,0,1,0
Canada,0.05,0.14875893438335203,desktop,0,0,63.297284916084294,2,0,1,0
United States,0.05,0.4082119662721854,desktop,0,0,276.07830517121596,7,1,1,0
France,0.07,0.16747545867184135,desktop,0,0,113.33508860907499,18,0,1,0
Russia,0.6,0.29274208191048795,desktop,0,0,121.37137852060185,6,0,1,0
Germany,0.05,0.07229954573807297,desktop,0,0,103.42063522022566,10,0,1,0
France,0.07,0.2004743958047523,mobile,0,0,59.60898781873883,10,0,1,0
United Kingdom,0.06,0.8029853947377177,desktop,0,0,294.54133420952655,6,1,1,1
United States,0.05,0.08562054909539804,desktop,0,0,68.64351769015273,13,0,1,0
United States,0.05,0.05852086856354292,desktop,1,0,98.82579244427474,7,0,1,0
Japan,0.05,0.21232075009977328,mobile,0,0,73.42697668144129,12,0,1,1
Netherlands,0.08,0.17701620488300987,desktop,0,0,67.68502027633676,19,0,1,0
United Kingdom,0.06,0.06461848352677599,mobile,0,0,131.67148837617034,18,0,1,0
Germany,0.05,0.15821991210580344,mobile,0,0,65.71992296077867,5,0,1,0
United Kingdom,0.06,0.07216140153638871,desktop,0,0,59.23109415475662,16,0,1,0
United States,0.05,0.09988021300301732,desktop,0,1,64.02786521927521,18,0,1,0
Australia,0.06,0.05425247132417631,tablet,0,0,107.22524977378198,13,0,1,1
Japan,0.05,0.3275507924297915,mobile,0,0,78.70640510665126,17,0,1,0
Australia,0.06,0.15477271977368037,desktop,0,0,86.52721365876276,10,0,1,0
Canada,0.05,0.03593157689456793,mobile,0,0,80.04577618528495,1,1,1,0
Australia,0.06,0.41889568156688234,desktop,0,0,100.5448931962909,13,0,1,0
United States,0.05,0.16525971149329363,desktop,0,0,50.699514554336,21,0,1,0
United Kingdom,0.06,0.060525811209642726,desktop,1,0,66.8486536773051,11,0,1,0
India,0.18,0.32317895639877947,mobile,0,0,82.28275632788892,13,0,1,0
Netherlands,0.08,0.5992958400106375,tablet,1,0,282.4337432685408,16,1,1,1
India,0.18,0.18171053382068691,mobile,1,0,51.660869957046,20,0,1,1
Brazil,0.2,0.3091087590525882,mobile,0,0,66.06872630446321,11,0,1,0
Australia,0.06,0.2760817201304901,desktop,0,1,117.2370959182148,7,0,1,0
India,0.18,0.2332079576485821,tablet,1,0,34.69156933696971,15,1,1,1
Canada,0.05,0.23704423998668436,desktop,0,0,29.135492146794416,16,0,1,0
United States,0.05,0.08076287805457208,tablet,0,0,135.28328028306518,16,0,1,0
United States,0.05,0.6353818820788352,desktop,0,0,129.43476299626406,14,0,1,0
United Kingdom,0.06,0.04265069709461579,desktop,0,0,63.95227752322921,23,0,1,0
United States,0.05,0.0656516016108465,mobile,0,0,43.5859092567919,6,0,0,0
Canada,0.05,0.26151509298608944,desktop,0,1,66.29414140318852,7,0,1,0
Japan,0.05,0.14491458000349228,desktop,0,0,70.27077017185657,20,0,1,0
Netherlands,0.08,0.51074654194356,mobile,0,0,393.35750433571025,4,1,1,1
Australia,0.06,0.06476594063164273,mobile,0,0,94.84426248440582,19,0,1,0
United Kingdom,0.06,0.11340220794131418,desktop,0,0,47.03568737461944,5,0,1,0
Japan,0.05,0.06625940456059502,desktop,0,0,37.79625447478425,16,0,1,0
Canada,0.05,0.3637960074362609,mobile,0,1,87.78474692091032,20,0,1,0
United States,0.05,0.07212439591771877,desktop,0,0,61.44458447127711,20,0,1,0
Germany,0.05,0.377748403061538,desktop,0,0,150.6293226964794,14,1,1,0
Canada,0.05,0.2820466795379448,mobile,0,0,111.57244853449379,5,0,1,1
Germany,0.05,0.14648198802887522,mobile,1,0,39.85489863739383,8,1,0,1
Netherlands,0.08,0.10943155491975438,desktop,0,1,64.83142494009682,17,0,1,1
Japan,0.05,0.2045585911716126,mobile,0,0,91.90652349753564,15,0,1,0
Japan,0.05,0.27264479402127273,desktop,1,0,48.759176168359524,6,1,1,1
United Kingdom,0.06,0.3484414908694118,mobile,0,0,116.08664219918488,13,0,1,0
Netherlands,0.08,0.29918029138292873,mobile,0,0,51.72389633591995,22,0,1,0
Japan,0.05,0.09081988017786474,desktop,0,0,71.90559532845374,1,0,1,0
United Kingdom,0.06,0.4189382861524956,desktop,0,0,214.61408777300736,13,1,1,0
Australia,0.06,0.13025683253373802,mobile,1,0,28.246265304259815,13,0,0,1
France,0.07,0.3097346224755253,mobile,1,0,63.61150934734525,20,0,1,1
France,0.07,0.15728985660533754,mobile,0,0,97.25100749856078,6,0,1,0
United Kingdom,0.06,0.2893254845476847,desktop,0,0,51.31134586195198,4,0,1,0
France,0.07,0.4638018590887434,desktop,0,0,190.92067266206755,10,0,0,0
United States,0.05,0.257553911220034,desktop,0,0,61.512466826501026,7,0,1,0
United Kingdom,0.06,0.5094238667927615,desktop,0,0,260.2023123327514,21,0,1,0
United Kingdom,0.06,0.042785273341557344,desktop,0,1,64.98057007170144,18,0,1,0
Romania,0.4,0.15695277471788724,desktop,1,0,74.29983321409821,9,0,0,1
Germany,0.05,0.10023577101894268,mobile,0,0,74.64042177887164,8,0,1,0
Canada,0.05,0.3490447327509818,desktop,0,0,61.36254967419135,0,0,1,0
Germany,0.05,0.23409738355972293,mobile,0,0,133.13557868617428,2,0,1,0
Vietnam,0.35,0.12534601125919373,desktop,0,0,51.477588520544664,13,0,1,0
Australia,0.06,0.1651827579586435,desktop,0,0,94.25828242840139,15,0,1,0
India,0.18,0.5557176941097782,desktop,0,0,242.09555998980056,19,1,0,1
Germany,0.05,0.1030946120857281,mobile,0,0,70.21728760657587,2,0,1,0
United Kingdom,0.06,0.1978003323858085,mobile,1,0,75.28607112109621,3,0,1,0
Australia,0.06,0.03346183847850383,desktop,0,0,88.73264829505527,13,0,1,0
Canada,0.05,0.35352025620424066,tablet,0,0,64.71934522881791,2,0,0,1
Netherlands,0.08,0.193197204154549,desktop,0,0,37.95369235151772,20,0,1,1
Nigeria,0.55,0.1275080348826643,desktop,1,0,67.53995814418533,10,0,1,1
France,0.07,0.09628141442025512,mobile,0,1,131.1092149442755,14,0,1,1
Indonesia,0.3,0.16958218140032089,desktop,0,0,89.93582233022461,18,0,1,0
Australia,0.06,0.23453114863306496,mobile,0,1,75.71668742318194,12,0,1,0
Germany,0.05,0.006370266350612201,tablet,0,0,96.03245180628934,1,0,1,0
France,0.07,0.1434501895506285,mobile,0,0,70.06767108708259,5,0,1,0
United States,0.05,0.23776862050564426,desktop,0,0,74.46403863791465,8,0,1,0
Netherlands,0.08,0.1896021297032268,desktop,0,0,63.375162892868076,3,0,0,1
United States,0.05,0.22848891128381757,mobile,0,0,87.1061052454875,12,0,1,0
Germany,0.05,0.36188966019471847,desktop,0,0,61.09027405463604,0,0,1,0
Australia,0.06,0.13530829801316255,desktop,1,0,65.99979011417088,3,0,1,0
United States,0.05,0.023686073426308338,tablet,0,0,100.24729758009522,19,0,1,0
United States,0.05,0.3313876396437812,mobile,0,0,68.85426515227672,3,0,1,0
Japan,0.05,0.08100034053522233,desktop,1,0,89.82284110145164,0,0,0,1
United States,0.05,0.26317370649315314,mobile,0,1,92.46030009865065,10,0,1,0
France,0.07,0.07657123050725044,desktop,0,0,71.7474743199102,20,0,1,0
Canada,0.05,0.1878426232488535,tablet,0,0,65.21371926251051,5,0,1,0
Germany,0.05,0.15658877028365645,mobile,0,0,46.436476827955026,9,0,1,0
United Kingdom,0.06,0.3855451824101464,desktop,0,0,199.03712871380884,18,0,1,0
Netherlands,0.08,0.12116619141081345,desktop,0,0,91.21201448476108,21,0,1,0
Romania,0.4,0.23054352846746667,desktop,0,0,90.62370713430656,7,0,1,0
United Kingdom,0.06,0.5460494913419194,desktop,0,0,203.8633799796122,3,1,1,1
Romania,0.4,0.3726264256811472,mobile,0,0,84.66845362459537,5,0,1,0
Australia,0.06,0.1928679665417711,desktop,0,0,79.49710053246619,19,0,1,0
Australia,0.06,0.19087930983226703,mobile,0,0,102.25085708979643,8,0,1,0
Japan,0.05,0.5543791662569857,desktop,0,1,252.57830452914803,20,0,1,0
Japan,0.05,0.04406162480879876,desktop,0,0,90.12423930266057,11,0,1,0
Netherlands,0.08,0.24923313912434766,mobile,1,0,57.87131434750366,10,0,1,1
France,0.07,0.2569501582787293,mobile,0,0,95.60129075064168,17,0,1,0
France,0.07,0.08588551924152663,desktop,0,0,51.17859321673039,23,0,1,1
Germany,0.05,0.2599280575704406,desktop,1,1,160.37057321691583,17,0,1,1
United States,0.05,0.4193325494472443,desktop,0,0,190.96020806547895,5,1,0,1
Japan,0.05,0.052488552045781824,mobile,0,0,85.9255452264862,7,0,1,0
United States,0.05,0.03531301096475309,tablet,0,0,73.74803794921063,2,0,1,0
Germany,0.05,0.03831296687141321,mobile,0,0,63.76547550968164,14,0,1,0
United States,0.05,0.1635652268025957,mobile,0,0,62.376505978033734,23,0,1,1
United Kingdom,0.06,0.13611124951472567,mobile,0,0,118.70348836317602,7,0,1,0
Australia,0.06,0.2195803277049941,mobile,0,0,89.86044016534449,6,0,1,0
Australia,0.06,0.21561015946157758,mobile,0,0,69.87279384389753,22,0,1,0
Canada,0.05,0.33829825820312165,desktop,0,1,135.13440689920003,0,0,1,0
United States,0.05,0.11111578965906717,desktop,0,0,70.70113640256878,5,1,1,0
Canada,0.05,0.3025088025271482,mobile,0,0,95.31686324095662,9,0,1,0
Canada,0.05,0.10773027118473083,mobile,0,1,46.10213802783556,22,1,1,1
Japan,0.05,0.46996690369535954,mobile,0,0,122.21491925713477,23,1,1,1
Australia,0.06,0.3631855910683451,desktop,1,0,94.48237128893788,21,0,1,0
France,0.07,0.1104758364844289,mobile,0,0,82.09039792829708,20,0,1,0
France,0.07,0.34143497440771475,desktop,0,0,156.23429104212548,0,0,1,1
Romania,0.4,0.04351999136839431,desktop,0,0,57.57784292871307,2,0,1,0
Japan,0.05,0.5827003987573917,desktop,0,0,231.89033643389638,21,1,0,1
France,0.07,0.23529195548755294,mobile,1,1,67.62595593923557,8,1,0,1
France,0.07,0.04032012525129265,desktop,0,1,99.17440517329528,3,0,1,1
United States,0.05,0.12214622303317861,mobile,0,0,96.4554643060676,12,0,1,0
Russia,0.6,0.33072711389114795,mobile,1,0,72.99318800824402,22,0,1,0
Germany,0.05,0.10764119421089849,desktop,0,0,56.87250181241135,19,0,0,0
Germany,0.05,0.30708843326456,desktop,0,0,65.44925194945104,10,0,1,1
Pakistan,0.45,0.09369564788536018,mobile,1,0,49.92520759503243,4,0,0,1
Japan,0.05,0.140500644684248,tablet,0,0,83.73656108402537,18,0,1,0
United States,0.05,0.38756332939063165,mobile,0,0,233.00113873563035,2,1,1,1
United States,0.05,0.2590886406201392,desktop,0,0,60.13596722674472,2,0,1,0
United States,0.05,0.10190181883150588,mobile,0,0,101.1329833623446,17,0,0,0
Australia,0.06,0.14460021519781957,mobile,0,0,100.28980159682908,4,0,1,0
United States,0.05,0.29228708131664805,desktop,0,0,41.920158762289724,0,0,1,0
India,0.18,0.41171196676429056,mobile,0,0,263.18624359418334,23,1,1,1
Russia,0.6,0.2748168037522804,desktop,1,1,49.43144333799466,12,0,1,0
Australia,0.06,0.7292931569507368,mobile,0,0,202.72181933272964,18,1,1,1
Australia,0.06,0.1618569086254505,desktop,0,0,96.3595082622661,16,0,1,0
Germany,0.05,0.05602666581718163,desktop,0,0,52.38922315867488,19,0,1,0
United States,0.05,0.378201808548519,desktop,0,0,434.74818976089017,16,1,1,0
Japan,0.05,0.03578341603878328,desktop,0,0,80.63384683698955,17,0,1,0
United States,0.05,0.1403341587889553,desktop,0,0,86.6561451092132,12,0,1,0
United States,0.05,0.06813578148225463,desktop,0,0,107.45032740084733,3,0,1,0
Germany,0.05,0.05010613614270709,desktop,0,0,100.65173116088205,18,0,1,0
United States,0.05,0.3457052281009911,desktop,0,0,97.62466493681428,11,0,1,1
Canada,0.05,0.2782280736449979,desktop,0,0,58.54484430346055,14,0,1,0
Japan,0.05,0.3612909134074282,desktop,0,0,49.95763602765527,7,1,1,1
Netherlands,0.08,0.06759637342492884,tablet,0,0,66.76654774570076,19,0,1,0
Australia,0.06,0.1876200241907892,desktop,0,0,87.01171625126061,18,0,1,0
Netherlands,0.08,0.35688493264318516,mobile,0,1,46.995095863417546,13,0,1,1
Canada,0.05,0.04144570077484692,desktop,0,0,90.37787794906075,4,0,1,0
Netherlands,0.08,0.051254160856573215,desktop,0,0,84.02080400899136,10,0,1,0
France,0.07,0.16968251403732665,mobile,0,0,69.15616999306039,6,0,1,0
Germany,0.05,0.10802373506440936,mobile,0,0,75.30398627737291,14,0,1,0
Russia,0.6,0.004159143215060191,mobile,0,0,75.39859880331635,1,0,1,1
Germany,0.05,0.015351167164255516,desktop,0,0,86.01868996011278,10,0,1,0
United States,0.05,0.4365545199005002,desktop,0,0,278.57353460113814,23,1,0,1
Germany,0.05,0.012778265074797858,desktop,1,0,201.3414088133975,5,0,1,1
Canada,0.05,0.06994798931100259,desktop,0,0,78.19281561539118,11,1,1,0
Canada,0.05,0.21338789242907663,tablet,0,0,58.82467970067875,11,0,1,0
France,0.07,0.11463066710342229,desktop,0,0,37.81989862154784,20,0,1,0
Nigeria,0.55,0.0850168259116752,desktop,0,0,45.02477549646538,22,0,1,1
Germany,0.05,0.03190039675285917,desktop,0,0,56.53843604625376,20,0,1,0
France,0.07,0.22475917332792084,desktop,0,0,93.81307270152992,14,0,1,0
Canada,0.05,0.2853775323163617,desktop,0,0,64.18657717532497,10,0,1,0
Netherlands,0.08,0.3033583428961788,desktop,0,0,84.97480734206944,17,0,1,0
United Kingdom,0.06,0.29241173648625857,tablet,0,0,57.041687378122504,1,0,0,1
United States,0.05,0.003894115756635914,mobile,0,0,86.43601995799857,15,0,1,0
France,0.07,0.10097378930073275,desktop,0,0,100.01751301972507,7,0,1,1
Japan,0.05,0.24849133123120928,desktop,0,0,64.02203545646483,11,0,1,0
Netherlands,0.08,0.06380910459412477,mobile,1,1,85.81924012778346,15,0,0,1
Australia,0.06,0.4825204177596534,desktop,0,0,261.8254289577933,9,0,1,0
Netherlands,0.08,0.15420826387135006,mobile,0,0,47.88703449603231,7,0,1,0
Canada,0.05,0.17481307384052316,mobile,0,0,89.46016951929732,4,0,1,0
United States,0.05,0.015949558752592144,desktop,0,0,85.15403747664547,9,0,1,0
United Kingdom,0.06,0.06621397077895962,mobile,0,0,90.71388200552758,0,0,1,0
United States,0.05,0.19328633687838723,desktop,0,0,102.96986722178174,20,0,1,1
Canada,0.05,0.06441449989817721,desktop,0,0,67.55330141294674,20,0,1,0
France,0.07,0.1951887472345378,mobile,0,0,69.31754374349718,16,0,1,0
Canada,0.05,0.07727479891355056,desktop,0,0,66.70575263516328,6,0,1,0
Australia,0.06,0.17428388982300314,desktop,0,0,83.16702063069289,18,0,0,1
France,0.07,0.2904774321822476,tablet,0,0,70.20632353204245,14,0,1,1
Japan,0.05,0.3834706418838643,mobile,0,0,158.5579534961991,6,0,1,0
Japan,0.05,0.259044484482114,desktop,0,0,57.269871043639526,11,0,1,1
Germany,0.05,0.27899830530350667,mobile,0,0,51.43617420784817,1,0,1,0
Canada,0.05,0.23511838087287856,desktop,0,0,53.62126143846574,2,0,0,1
Australia,0.06,0.037330722574876705,mobile,0,0,85.26864446960566,9,0,1,0
Australia,0.06,0.4393772697422671,desktop,0,0,237.8601303052888,0,1,0,1
Germany,0.05,0.116093139584972,desktop,0,0,62.007899199351336,20,0,1,0
Canada,0.05,0.41749086055056994,mobile,0,0,246.3838491493023,22,1,0,1
Japan,0.05,0.06487057359151911,desktop,0,0,122.76106136201955,7,0,1,0
Australia,0.06,0.5010623891395476,tablet,0,0,184.67745459329458,8,0,1,1
United Kingdom,0.06,0.13209921858428522,desktop,1,0,50.43080332406925,18,0,1,0
France,0.07,0.23773299665247197,tablet,0,1,102.59545859983035,7,0,1,0
Vietnam,0.35,0.13173280357041983,desktop,0,1,74.09886119392569,18,0,1,0
United States,0.05,0.0678689714196262,desktop,0,0,69.11821052362922,2,0,1,0
Netherlands,0.08,0.23149082923033304,desktop,0,0,105.23684721286668,12,0,1,0
United Kingdom,0.06,0.07912921056292647,desktop,0,0,67.2292812208756,0,0,1,0
France,0.07,0.12963321943077658,mobile,0,0,84.68779623216568,17,0,1,0
Canada,0.05,0.20639814061768252,mobile,0,0,77.95196575641474,17,0,1,0
United States,0.05,0.4722170925987286,mobile,0,0,361.8816235962305,11,1,1,1
Brazil,0.2,0.10511130462484528,desktop,0,0,70.31587494149545,21,0,1,0
France,0.07,0.4781283301585251,desktop,0,1,605.8685305235036,15,0,1,1
Romania,0.4,0.45361345605186376,desktop,1,0,285.8700452758277,6,0,0,1
Germany,0.05,0.37199128668869014,mobile,0,1,86.27284355557249,14,0,1,0
Netherlands,0.08,0.4166216514180276,tablet,0,0,214.59567806123795,10,1,1,0
India,0.18,0.03945509966227295,desktop,0,0,97.35761249955178,16,0,1,0
Australia,0.06,0.18975680442656678,desktop,0,0,71.27263307898164,14,0,0,0
United Kingdom,0.06,0.10123052112347672,desktop,0,0,87.90221567627053,18,0,1,0
Japan,0.05,0.20736598426782107,desktop,0,0,56.56562946739702,4,0,1,0
Australia,0.06,0.14192276758866326,mobile,0,0,55.76668649622497,0,0,1,0
Russia,0.6,0.48461544684396707,desktop,0,0,126.87238310431599,8,0,1,0
France,0.07,0.16829167542636866,mobile,0,0,83.76629550345608,1,0,1,0
Germany,0.05,0.3340660004418638,desktop,0,0,58.724237970274274,11,0,1,0
United Kingdom,0.06,0.38962074414781,desktop,0,0,484.2766794898122,8,0,0,0
Japan,0.05,0.2981982782738213,desktop,0,0,62.47007343225655,15,0,1,0
Indonesia,0.3,0.2529942125083745,desktop,0,0,114.00480468611222,16,0,1,0
United States,0.05,0.04482662867035595,mobile,1,0,110.00520521355172,23,0,1,1
Japan,0.05,0.11111547165333996,tablet,0,0,67.61946989160589,0,0,1,0
India,0.18,0.1706999997932464,desktop,0,0,56.94824058005533,11,0,1,0
United States,0.05,0.04663767586596426,desktop,0,1,70.30606448778622,19,0,1,0
United Kingdom,0.06,0.15160758071163963,mobile,0,0,109.64131036900892,6,0,1,0
Japan,0.05,0.15156815763873724,mobile,0,0,164.00886333721215,20,0,1,0
Australia,0.06,0.1261634738613235,mobile,1,0,47.83742344745638,15,0,0,1
United States,0.05,0.1531725854189594,desktop,0,0,74.06900703145445,11,0,1,0
Netherlands,0.08,0.017306362419109846,mobile,0,0,59.64541432598343,2,0,1,0
France,0.07,0.24633577700299394,desktop,0,0,64.93573671899189,13,1,1,1
Brazil,0.2,0.35367906876934735,desktop,0,0,133.94138216712108,0,0,1,1
Nigeria,0.55,0.17224626856293293,tablet,0,0,56.29748746649141,7,0,1,1
Netherlands,0.08,0.04478155955945269,desktop,0,0,41.989096332344445,9,1,1,0
France,0.07,0.28568487979786705,desktop,0,0,79.09965342203303,2,1,0,0
Germany,0.05,0.005679787570619289,desktop,0,0,84.17121307995,1,0,1,0
France,0.07,0.14533519590827637,desktop,0,1,63.60064378105122,21,0,1,0
United States,0.05,0.047163723309130205,tablet,0,0,58.06275687315375,11,0,1,0
Japan,0.05,0.02384816194791614,desktop,0,0,77.95398490063728,2,0,1,0
United Kingdom,0.06,0.1324655048671087,desktop,0,0,45.94907632593065,7,0,1,0
France,0.07,0.4005790450054916,mobile,0,0,284.98763841838246,14,0,1,0
United States,0.05,0.17000568878873065,desktop,0,1,65.25483680901941,21,0,1,0
Germany,0.05,0.11140604721964129,desktop,0,0,119.75548529862408,10,0,1,0
Germany,0.05,0.03353305545654578,desktop,0,0,82.38842065117282,4,0,1,0
Australia,0.06,0.436530072561464,desktop,0,0,194.00192115474766,11,1,0,1
Netherlands,0.08,0.015630444784300198,desktop,0,0,68.00666630593453,16,0,1,0
United States,0.05,0.44356891489240824,mobile,0,0,219.7595969854799,3,0,1,1
Netherlands,0.08,0.0944779541017543,desktop,0,0,70.56688202907519,15,0,1,0
Netherlands,0.08,0.24161210475547187,mobile,0,0,68.63919397124458,8,0,1,1
Canada,0.05,0.10592049007272603,tablet,0,0,75.0381051522726,23,0,1,0
Japan,0.05,0.14159764623395202,desktop,1,0,68.95097763423864,10,0,1,0
Canada,0.05,0.283501159230834,desktop,0,0,121.49924827194107,13,0,1,0
United Kingdom,0.06,0.21987952234419308,desktop,0,0,67.07926521049926,16,0,1,0
France,0.07,0.16419790088987035,desktop,0,0,54.851673629527205,19,0,1,0
United States,0.05,0.03298132809397338,desktop,0,0,41.15521026432828,1,0,0,1
Nigeria,0.55,0.5222449817004088,desktop,0,0,204.6795299685083,8,1,1,1
India,0.18,0.24114962838176252,desktop,0,0,51.08736379339411,0,0,1,0
Netherlands,0.08,0.5108530939934433,desktop,0,0,118.82067986551586,1,1,1,1
Australia,0.06,0.026068233059214657,desktop,0,1,66.08133684551858,11,0,1,0
Australia,0.06,0.0674614433574689,mobile,0,0,109.7714188511256,9,0,1,0
Pakistan,0.45,0.031058699536523644,desktop,1,0,102.23338463419293,17,0,1,1
Germany,0.05,0.23748861735858698,mobile,0,0,47.0542868448071,16,0,1,0
United States,0.05,0.5270722562262151,mobile,0,1,199.30859752370606,22,1,0,1
Australia,0.06,0.3041552301008879,desktop,0,0,85.4642955822095,6,0,1,0
Canada,0.05,0.34792773890653733,mobile,0,0,90.43595073329769,13,0,0,1
Germany,0.05,0.08550444109970692,desktop,0,0,129.1897211033319,3,0,1,0
United States,0.05,0.24376823774086323,mobile,0,0,48.94087552705538,10,0,1,0
Australia,0.06,0.14065779985818117,desktop,0,0,54.05280142589459,2,0,1,0
Germany,0.05,0.17588356142239975,desktop,0,0,58.445084540817334,21,0,1,0
United Kingdom,0.06,0.07633697002578342,desktop,0,1,83.78255841173727,12,0,1,0
United States,0.05,0.06403975021907544,mobile,0,0,28.42741334513336,1,0,1,0
Canada,0.05,0.11508716620816731,mobile,0,0,68.03123104968535,8,0,1,0
Nigeria,0.55,0.23981625667229156,desktop,0,0,39.49453957579596,18,0,1,0
Canada,0.05,0.41853695593340534,desktop,0,0,253.10708798739705,18,0,1,0
Japan,0.05,0.008888456807547365,desktop,0,0,152.09839565342781,17,0,1,0
Japan,0.05,0.07909679056419867,desktop,0,0,101.02330687011805,15,0,1,0
Canada,0.05,0.4048034795248951,desktop,0,0,194.28678516234325,23,1,1,0
Netherlands,0.08,0.05103026974392939,mobile,0,0,63.65500073907239,22,0,1,0
Japan,0.05,0.34143513917152846,mobile,0,0,53.97797166402514,9,0,0,1
Australia,0.06,0.39400408698155187,mobile,0,0,247.95837009497671,23,1,0,1
United States,0.05,0.0939900361964145,desktop,0,1,34.10232770077213,16,0,1,0
United States,0.05,0.41829502949190034,mobile,0,0,229.40344785404315,0,0,1,0
Pakistan,0.45,0.13359783961984684,mobile,1,0,57.75475246066722,17,0,1,0
Netherlands,0.08,0.20240245829365897,desktop,0,0,48.880466888463985,5,0,1,0
Russia,0.6,0.20813877012150503,mobile,0,0,131.69486356070934,20,0,1,0
Brazil,0.2,0.28381896781741234,desktop,0,0,42.59931840599387,5,0,1,0
United States,0.05,0.22139616008416702,desktop,0,0,48.52125202289447,11,0,1,0
Netherlands,0.08,0.257661209021495,tablet,0,1,128.8226353782042,21,0,1,0
France,0.07,0.33883531082075163,desktop,0,0,71.17513993677483,18,0,1,0
Netherlands,0.08,0.33967632786636537,tablet,0,1,69.3087831346292,3,0,1,0
United States,0.05,0.4204874674754419,mobile,0,0,175.620073240187,23,1,1,1
Germany,0.05,0.1425367710839493,mobile,0,0,73.6435148016098,10,0,1,0
Japan,0.05,0.08635646494672132,mobile,0,0,63.420907922789134,12,0,0,0
Netherlands,0.08,0.047185369405437244,mobile,0,0,56.99049485895951,1,0,1,0
Australia,0.06,0.2038260073194025,desktop,0,0,45.128038574414795,0,0,1,1
Germany,0.05,0.10706393154958228,desktop,1,1,74.74539810457846,11,0,1,0
Germany,0.05,0.17575612918154346,mobile,1,0,59.80163981577646,8,0,1,0
Romania,0.4,0.21300269938678848,desktop,0,0,62.5399623220075,0,0,1,1
France,0.07,0.2551824381400356,desktop,0,0,92.84045360472243,2,0,1,1
France,0.07,0.15211366443872099,tablet,0,0,61.74415156607341,17,0,1,0
Australia,0.06,0.2105447949920401,desktop,0,0,70.91874227408323,14,0,1,0
Canada,0.05,0.169062552476822,mobile,0,1,132.3954426783597,12,0,1,0
Australia,0.06,0.008644523823838972,desktop,0,0,84.29083782436554,13,0,1,0
Canada,0.05,0.1418854344674567,desktop,1,0,61.012864180777655,23,0,1,0
Netherlands,0.08,0.41671971374849964,mobile,0,0,281.0023887222047,11,1,1,1
Brazil,0.2,0.01858763051862279,desktop,0,0,70.35694592793283,23,0,1,0
India,0.18,0.10676252878711663,mobile,0,0,97.09596810367215,7,0,1,0
Australia,0.06,0.4801524621977216,desktop,0,0,208.00084674218215,18,1,0,1
France,0.07,0.1678456733629063,desktop,0,0,72.59105033009568,15,0,1,0
Japan,0.05,0.282310832449342,mobile,0,0,59.41494282141333,7,0,1,0
Netherlands,0.08,0.035445523760882544,desktop,0,0,63.89828744014772,2,0,1,0
Australia,0.06,0.28094305909637945,desktop,0,0,47.130435809026146,2,0,1,0
Japan,0.05,0.05836954046872454,desktop,0,0,79.33163740114274,15,0,1,0
Japan,0.05,0.4473338946415083,tablet,0,0,182.9560054416427,3,1,1,0
Japan,0.05,0.09326344181081851,tablet,0,0,120.89387945456306,14,0,1,0
Japan,0.05,0.403686095236534,desktop,0,0,181.2077217750689,16,0,1,0
United Kingdom,0.06,0.0430342553031243,desktop,0,0,56.13101236843801,17,0,1,0
France,0.07,0.22882513992831474,tablet,1,0,119.74905752288737,3,0,1,1
Australia,0.06,0.35029156987129817,mobile,0,0,81.82553306155991,2,0,1,0
United States,0.05,0.18058892361062406,desktop,0,0,76.95546398241808,6,0,1,0
Netherlands,0.08,0.35637983521948263,mobile,0,0,71.66228537200399,11,0,1,1
Australia,0.06,0.05662391992781963,desktop,1,0,75.92603355300697,2,0,0,1
United Kingdom,0.06,0.16966805310879796,desktop,0,0,53.189595022771975,11,0,1,0
Netherlands,0.08,0.13885516019062802,mobile,0,0,69.85733608342164,1,0,1,0
Japan,0.05,0.12125629599003672,mobile,0,0,66.57375681697296,3,0,1,0
Japan,0.05,0.08600574481489336,desktop,0,0,81.44384292627302,9,0,1,0
Canada,0.05,0.25205886495012153,mobile,0,0,106.25503675695758,13,0,1,0
Netherlands,0.08,0.2348080666309962,desktop,0,0,100.80448018268697,9,0,1,1
Canada,0.05,0.10941911764849048,mobile,0,0,85.9707542433432,16,0,1,1
Australia,0.06,0.33876617536974846,desktop,0,0,39.32461692291357,4,0,0,1
United States,0.05,0.547795039862438,tablet,0,0,143.25635267309656,2,1,1,1
Australia,0.06,0.16445061502481756,desktop,0,0,37.99184107689383,22,0,1,0
Japan,0.05,0.030376481958580042,desktop,0,0,104.98681818660394,10,0,1,0
Australia,0.06,0.1192242243589541,mobile,0,0,68.91928208814524,14,0,1,0
France,0.07,0.3961564911699008,desktop,0,0,197.7551709036125,17,1,1,1
Netherlands,0.08,0.010688298878725555,desktop,0,0,56.54890314051068,7,1,1,1
Japan,0.05,0.06492343643959514,mobile,0,0,111.8907846459665,1,0,1,0
Germany,0.05,0.2676867204133045,desktop,0,0,74.49312549251157,20,0,1,0
Romania,0.4,0.3348104905623895,mobile,0,1,69.06933106165758,16,0,1,0
Japan,0.05,0.16915847630465786,desktop,0,0,75.11257631870552,13,0,0,1
Pakistan,0.45,0.29935702714656426,desktop,0,0,77.1577559873064,20,0,1,1
Indonesia,0.3,0.23966378640212124,desktop,0,0,68.58022297933722,10,0,1,0
India,0.18,0.18334471203109942,desktop,0,0,111.83940018945152,1,0,1,0
Japan,0.05,0.3339330697543344,desktop,0,0,111.43799243104101,18,0,1,1
Australia,0.06,0.06530347490292471,desktop,0,0,74.29412959723106,19,0,1,0
United Kingdom,0.06,0.17837363954970592,desktop,0,0,54.76062627872606,8,0,1,0
France,0.07,0.38967033447036137,desktop,0,0,284.1571838262859,4,1,1,1
Netherlands,0.08,0.2883248251835415,mobile,0,0,58.37378560517958,19,1,1,0
France,0.07,0.3318033103586593,desktop,1,0,118.47071983026115,1,1,1,1
Netherlands,0.08,0.201319008308537,desktop,0,0,124.5874485928971,0,0,1,0
United Kingdom,0.06,0.6183718348300545,desktop,0,0,269.2759360209451,20,0,1,1
Canada,0.05,0.4265287586462467,mobile,1,0,258.02367190386065,5,1,1,1
France,0.07,0.538217654483828,desktop,0,0,161.30734874236094,18,1,1,0
Canada,0.05,0.42545097832169276,tablet,0,1,195.78058186811998,12,0,1,0
United States,0.05,0.05115873519894539,desktop,0,0,53.58465811813915,22,0,1,0
United Kingdom,0.06,0.3377117901908206,tablet,0,0,64.68355629743449,20,1,0,1
Netherlands,0.08,0.11637838952713875,desktop,0,0,78.02414808916417,11,0,1,0
France,0.07,0.11149098815239299,desktop,0,0,86.50068820130872,17,0,0,1
United States,0.05,0.22015067275221498,desktop,0,0,112.89089143560481,3,0,1,0
United States,0.05,0.17095683844127357,tablet,0,0,71.39095139787062,22,0,1,0
France,0.07,0.09646344292464026,desktop,1,0,64.76472195192152,22,0,1,0
United Kingdom,0.06,0.027707074260556276,mobile,0,1,45.8327304661907,6,0,1,1
Japan,0.05,0.10609538092969177,desktop,1,0,81.24258087002055,12,0,0,1
Netherlands,0.08,0.3097821005276793,mobile,0,0,61.40354615907994,22,0,0,1
Germany,0.05,0.011674514311607782,mobile,0,1,66.8887901848763,7,0,1,0
Australia,0.06,0.05460446778394354,desktop,0,0,59.03230959469216,2,0,1,0
United Kingdom,0.06,0.14076701247102122,mobile,0,0,59.62004367223213,23,0,0,1
Germany,0.05,0.2899305393390466,mobile,0,0,92.52211008052151,4,0,1,1
Vietnam,0.35,0.22310224481982105,desktop,0,0,70.55319494397723,3,0,1,1
Australia,0.06,0.08625746844378408,desktop,0,0,124.33971208869238,11,0,1,0
Vietnam,0.35,0.06749981341127861,desktop,1,0,48.66806341019572,11,1,1,1
Germany,0.05,0.14537747909000373,mobile,0,0,111.49968524273191,5,0,0,1
Canada,0.05,0.3704962655228489,desktop,1,0,60.56953325591023,21,0,1,0
France,0.07,0.1985620601586755,mobile,0,0,70.60151420055709,0,0,1,0
France,0.07,0.32095592541180273,desktop,0,1,85.58037522457163,22,0,1,0
Pakistan,0.45,0.12307861011794256,tablet,1,0,103.101059403643,15,0,0,1
United Kingdom,0.06,0.03964192448535448,mobile,0,0,104.53298422555707,6,0,1,0
Netherlands,0.08,0.29238388746929983,desktop,0,0,103.82534904626334,9,0,1,0
Netherlands,0.08,0.26320497217094285,mobile,0,0,66.93394662368986,1,0,1,0
Australia,0.06,0.1783183026285343,mobile,0,0,135.7765809890229,22,0,1,0
Canada,0.05,0.13291262491930017,desktop,0,0,89.28360367460078,16,0,0,1
France,0.07,0.4264871777991886,desktop,0,0,181.24074455764284,23,1,1,1
Germany,0.05,0.4162650267194108,desktop,0,0,208.50889917830926,1,0,1,0
Netherlands,0.08,0.377655582199095,desktop,0,1,334.55695495945486,22,1,1,1
France,0.07,0.17384790072679088,desktop,0,0,65.11989018545749,19,0,0,0
India,0.18,0.5122908060112744,desktop,0,0,420.9068459040234,12,1,1,0
Australia,0.06,0.23499604930258508,desktop,0,1,80.91254826079135,14,0,1,0
France,0.07,0.033828733972584825,desktop,0,0,57.356231375528765,7,0,0,1
Japan,0.05,0.3605854450771874,desktop,0,0,122.98454807671583,12,0,1,0
France,0.07,0.33834911546349977,desktop,0,0,46.349688851428844,22,0,1,0
Brazil,0.2,0.04970750313862586,desktop,0,1,45.26685583904712,19,1,0,1
United Kingdom,0.06,0.05588810639543343,desktop,0,0,49.69357899536894,8,0,1,0
Indonesia,0.3,0.08001640515449678,desktop,1,0,84.90232767625133,13,1,1,0
Netherlands,0.08,0.2268253465127073,mobile,0,0,82.64772875150994,9,0,1,0
Netherlands,0.08,0.15507291275771953,mobile,0,0,54.69001784142685,8,0,1,0
France,0.07,0.12094017232196792,mobile,0,0,59.008737824012925,15,0,1,0
Netherlands,0.08,0.20863163943820362,tablet,0,0,72.57118185710353,10,0,1,0
Germany,0.05,0.05729799061568712,mobile,0,0,50.00015194797844,15,0,1,0
Netherlands,0.08,0.06314242855956845,mobile,0,0,96.11320253524224,23,0,1,0
United Kingdom,0.06,0.026739108841741136,desktop,0,0,125.7375781747301,2,0,1,0
Germany,0.05,0.26293401309936293,mobile,0,0,68.2972180485119,9,0,0,1
France,0.07,0.11145468772870261,desktop,0,0,82.05274686442104,4,1,1,0
Germany,0.05,0.39582907808940954,mobile,0,0,225.84795171043058,1,1,1,1
Canada,0.05,0.3873523307054203,desktop,0,0,277.70604995460553,0,1,1,0
Netherlands,0.08,0.29909879830614894,tablet,1,0,143.36258513986994,8,0,1,1
Germany,0.05,0.28047262427329606,desktop,0,1,64.12945723855657,2,0,1,0
Japan,0.05,0.0941615756212125,mobile,0,0,73.50819824719855,17,0,1,0
United States,0.05,0.26989513018318934,tablet,0,0,98.14643247970174,8,0,1,1
Netherlands,0.08,0.28161507590048857,mobile,0,0,82.0092725137829,5,0,1,1
Netherlands,0.08,0.06542903962434495,desktop,0,1,52.82551086813039,22,0,1,0
Canada,0.05,0.12035582773159101,desktop,1,0,38.58795375888154,15,0,1,1
Japan,0.05,0.5598841232273387,mobile,1,1,234.0622094956576,19,1,0,1
Brazil,0.2,0.2970311985249858,desktop,0,0,81.5229541813503,18,0,1,0
Netherlands,0.08,0.08621557695110034,desktop,0,0,63.32061183680433,5,0,1,0
Canada,0.05,0.1281457070052539,mobile,0,0,50.24821075560769,15,0,1,0
France,0.07,0.046689085877784746,tablet,0,0,59.32565476360087,2,0,1,0
Netherlands,0.08,0.026023162640505696,desktop,0,0,137.95358439113932,12,0,1,0
Germany,0.05,0.18115053874011994,desktop,0,0,48.96769952774024,23,0,1,0
Netherlands,0.08,0.04154844288821831,mobile,0,0,65.1039119142757,5,0,1,0
Canada,0.05,0.050492324315779644,mobile,0,0,60.67364541973981,17,0,1,0
Netherlands,0.08,0.12753950503805633,tablet,0,0,144.1461155616018,1,0,0,1
United States,0.05,0.1279098815384098,mobile,0,0,43.41458539552663,12,1,1,1
United States,0.05,0.03644507152882547,desktop,0,0,55.219915248414495,3,0,1,0
Pakistan,0.45,0.13699512404979988,mobile,0,0,74.35450544249454,23,0,1,0
Netherlands,0.08,0.39145652157932026,mobile,0,0,278.7118501995619,10,1,0,1
Nigeria,0.55,0.27593386863012914,desktop,0,1,107.67906716571264,22,0,0,1
Romania,0.4,0.1439621440194152,desktop,0,0,103.85536219552527,21,0,1,1
France,0.07,0.1642071336306813,mobile,0,0,56.83915403854005,2,0,1,0
Germany,0.05,0.013616324624685762,desktop,0,0,81.15393273562633,12,0,1,1
United Kingdom,0.06,0.1767842678925507,tablet,0,0,68.44663022937443,15,0,1,0
France,0.07,0.13785004145539978,desktop,1,0,61.95712026960818,10,0,1,1
Germany,0.05,0.08202710981688707,desktop,0,0,103.78365539611713,16,0,1,0
Russia,0.6,0.1502998765395831,tablet,0,0,79.49581234129523,10,0,0,1
United States,0.05,0.3099442721716041,desktop,0,0,127.07116345409615,20,0,1,0
United Kingdom,0.06,0.22103514048567022,desktop,0,0,85.9071364599558,15,0,1,0
Germany,0.05,0.048488724466702125,desktop,0,0,100.6056002930767,11,0,1,0
United Kingdom,0.06,0.16907250082095343,tablet,0,0,28.12699338045148,20,0,1,0
Germany,0.05,0.2997939734753438,tablet,0,0,75.0660111264249,16,0,1,0
Japan,0.05,0.495502378982131,desktop,0,0,228.967166191278,6,0,1,1
Canada,0.05,0.13924474397105197,mobile,0,0,87.43548971015811,8,0,1,0
Australia,0.06,0.25624609668140863,mobile,0,0,125.0508310271468,2,0,0,1
Vietnam,0.35,0.03860654682207172,desktop,1,0,90.41335585137065,9,0,1,0
Australia,0.06,0.21757316031533572,desktop,0,1,47.64585134872051,13,0,1,0
Japan,0.05,0.3077415761466196,mobile,0,1,87.9587304656321,13,0,1,0
Canada,0.05,0.31154549078955596,desktop,0,0,97.65992206590023,19,0,1,0
United Kingdom,0.06,0.2914093965528547,desktop,0,1,58.85446557267803,5,0,1,0
Germany,0.05,0.1586968407093844,desktop,0,0,63.09407132030002,9,0,1,0
Romania,0.4,0.1608900705857998,mobile,1,0,96.00175466786517,19,0,1,1
Australia,0.06,0.18496358807901334,desktop,0,0,72.99105585578064,17,0,1,0
Germany,0.05,0.33571163088548117,desktop,0,0,106.95891865738766,11,0,1,0
France,0.07,0.24201536499793108,desktop,0,0,77.85215334803522,18,0,1,0
Netherlands,0.08,0.5178209155809707,tablet,0,0,152.29846943490068,20,1,0,1
Japan,0.05,0.37437434658135044,desktop,0,0,74.48801171310339,10,0,1,1
Australia,0.06,0.2650010182089078,desktop,0,0,63.51269167930711,18,0,1,0
Nigeria,0.55,0.3649327250866693,desktop,0,0,90.57725956260872,5,0,1,0
Japan,0.05,0.05388387889180747,desktop,0,0,84.68513450733923,13,0,1,0
Australia,0.06,0.3412163344435737,mobile,0,0,52.510286396807054,5,0,1,0
United Kingdom,0.06,0.18499959855081263,desktop,0,0,78.2864175673343,16,0,1,0
United States,0.05,0.41948500239869263,mobile,0,0,137.29638378054608,8,0,1,0
Romania,0.4,0.14725668000711892,desktop,1,0,85.3225551063242,20,0,0,1
Australia,0.06,0.13993544761946508,mobile,0,0,102.82295769612546,21,0,1,0
Canada,0.05,0.43910081212849894,mobile,0,0,188.97408775706788,8,0,1,1
Australia,0.06,0.05047576651660019,desktop,0,0,69.16060325188063,0,0,1,0
United States,0.05,0.14880003064459915,mobile,0,0,33.49135027301059,17,0,1,0
Netherlands,0.08,0.35150725160043694,mobile,0,0,110.39732677748901,21,0,1,0
United Kingdom,0.06,0.17240059016041487,tablet,0,0,76.23391944635924,22,0,1,0
Netherlands,0.08,0.19290600799110308,tablet,0,0,70.87203713196153,5,0,1,0
France,0.07,0.48336606674995775,mobile,0,0,391.40670670475913,0,1,1,1
Germany,0.05,0.25056220618273617,desktop,1,0,87.18966158126838,1,0,0,1
United States,0.05,0.20465762175505198,desktop,0,0,106.08452547639035,11,0,1,0
Netherlands,0.08,0.14567356616874963,mobile,0,0,66.55880975653206,6,0,0,0
United Kingdom,0.06,0.003259199070142378,tablet,1,0,85.05740371525381,3,0,1,0
United States,0.05,0.19824376593868115,desktop,0,0,84.71150876906631,4,0,1,0
Japan,0.05,0.08822390909805426,mobile,0,0,34.14225548045359,9,0,1,0
Canada,0.05,0.3398550979215103,desktop,0,0,57.52370411810889,1,0,1,0
Canada,0.05,0.28847677881353107,desktop,0,0,85.83473379746204,19,0,1,0
Germany,0.05,0.16664268008933975,desktop,0,0,113.50511396214355,22,0,1,0
Netherlands,0.08,0.048801323345089145,desktop,0,0,118.59039826862136,4,0,1,0
Germany,0.05,0.3113322065653726,mobile,0,0,48.00790972176607,13,0,1,0
United Kingdom,0.06,0.0419069418430223,desktop,0,1,104.56355324731129,0,0,1,0
Germany,0.05,0.08816698486347296,mobile,0,0,105.80571648853241,2,0,0,1
United Kingdom,0.06,0.5619972487682554,mobile,0,0,425.0267551126331,6,1,1,1
Germany,0.05,0.12923714192422492,mobile,0,0,36.34497270804196,20,0,1,0
United States,0.05,0.3044838505106128,desktop,0,0,61.06901721589141,18,0,0,1
United Kingdom,0.06,0.12650679287740868,desktop,1,0,76.54735583302909,17,0,1,0
Canada,0.05,0.12918220438340552,mobile,0,0,67.8585678215455,2,0,1,0
Nigeria,0.55,0.10575153067460265,mobile,0,1,34.5010882242361,5,0,0,1
United States,0.05,0.08490622665849176,desktop,0,0,67.25897442155387,14,0,1,0
United Kingdom,0.06,0.1956367392846391,desktop,0,0,53.211085990458926,8,0,1,0
Brazil,0.2,0.4713382974891217,tablet,0,0,526.0472071263334,17,1,0,1
Vietnam,0.35,0.2388629567459951,desktop,0,0,87.18003685219342,13,0,1,0
Japan,0.05,0.284639348836267,desktop,0,0,88.50669096103381,13,0,1,0
Germany,0.05,0.11996268317048162,tablet,0,0,64.76199164051803,13,0,1,0
Canada,0.05,0.051158107651121276,mobile,1,0,74.22484806719773,22,1,1,0
United Kingdom,0.06,0.27717331532596884,desktop,0,0,71.56681700956615,13,0,1,0
United Kingdom,0.06,0.16806718827715716,mobile,0,0,101.47078410486587,18,0,1,0
Canada,0.05,0.3770543955166252,desktop,0,0,151.34799281369868,11,1,0,1
Australia,0.06,0.09199358991317592,mobile,0,0,56.541915568102816,2,0,1,0
Canada,0.05,0.09873652196479311,mobile,1,0,103.18631695247913,13,0,1,0
Australia,0.06,0.4712481737409124,desktop,0,0,238.30033467750093,20,1,1,1
Germany,0.05,0.2957556183298787,tablet,0,0,86.75402310863366,18,0,1,0
Canada,0.05,0.46527490539476835,mobile,0,1,231.78851074780266,13,0,1,0
Netherlands,0.08,0.49559203430031573,desktop,0,0,346.5253377086908,22,0,1,0
Nigeria,0.55,0.08772974761549894,mobile,0,0,113.37806057294503,23,0,1,0
Germany,0.05,0.03696986953059266,mobile,0,0,56.737202660192004,22,0,1,0
Australia,0.06,0.33465136406383705,desktop,0,0,98.58152609117332,23,0,1,0
Germany,0.05,0.28009138409253376,desktop,0,0,76.59882565895826,7,1,0,1
United States,0.05,0.054876079218268585,desktop,1,0,60.533333305938115,3,0,0,1
Japan,0.05,0.35202502673088426,tablet,0,0,56.86079039873239,10,0,1,0
United Kingdom,0.06,0.2709366294493759,desktop,0,0,80.98351484013595,5,0,1,0
Canada,0.05,0.16279476794406983,desktop,0,0,98.09093737204643,3,0,1,0
France,0.07,0.039857138022886825,mobile,0,0,119.43387645102757,15,0,1,0
United Kingdom,0.06,0.4181705166605388,desktop,0,0,304.7632287235744,2,1,1,0
United States,0.05,0.5594370406307205,desktop,0,0,192.09318871362086,1,1,0,1
Canada,0.05,0.1819311574767027,desktop,0,0,68.57626089800385,4,1,1,1
Romania,0.4,0.21334137467346176,desktop,0,1,79.5021193918249,9,0,0,1
Australia,0.06,0.14023821400338715,mobile,0,0,43.67551466694643,15,0,1,0
Canada,0.05,0.29634342958139753,desktop,0,0,89.82270304741331,23,0,1,0
United States,0.05,0.00943288692138178,desktop,1,1,85.72125637549135,14,0,1,1
Australia,0.06,0.15401039823372922,desktop,0,1,144.02357581671313,12,0,1,0
United States,0.05,0.33355443856464245,mobile,0,0,72.68283931329073,7,0,1,0
France,0.07,0.12351738716524555,desktop,0,0,111.82612862268086,7,0,0,0
Japan,0.05,0.4071181583488403,desktop,0,1,291.4804824142981,14,1,0,1
Canada,0.05,0.4713179398117297,mobile,0,0,291.6157469343882,4,0,1,0
Germany,0.05,0.3733857549444332,desktop,0,0,122.40301646052956,1,0,1,0
United States,0.05,0.17968160855358312,mobile,0,0,109.5279085759353,18,0,1,0
United States,0.05,0.3069765649919432,desktop,0,0,75.26985627235706,23,0,1,0
Canada,0.05,0.1215588849094676,mobile,0,0,68.1845181396339,22,0,1,0
Nigeria,0.55,0.6496927770677158,mobile,0,0,276.51892277628565,16,0,1,1
Germany,0.05,0.05657594883195674,mobile,0,0,52.43347808103429,22,0,1,0
Australia,0.06,0.583709160927587,tablet,0,0,331.1843078190261,18,0,1,1
Japan,0.05,0.38093351605510234,mobile,0,0,487.09917603527134,1,0,0,0
United States,0.05,0.06340281123687679,desktop,0,0,84.26258212473893,9,0,1,0
United Kingdom,0.06,0.3447034664442361,mobile,1,0,78.21352803602376,1,0,1,1
Canada,0.05,0.23288235763283846,mobile,0,0,50.61191600242784,6,0,1,0
Japan,0.05,0.13958697183687535,desktop,0,0,106.8523485827218,23,0,1,1
France,0.07,0.14363004471350316,desktop,0,0,76.22063462517583,19,0,1,0
Japan,0.05,0.153300200242487,desktop,0,0,99.66062676406429,22,0,1,1
Netherlands,0.08,0.1913289565509113,tablet,0,0,49.01450013729291,11,0,1,0
Japan,0.05,0.5246598476650599,mobile,0,0,184.63439661843907,5,1,0,1
Pakistan,0.45,0.019395136396045395,mobile,1,0,64.24301623376603,9,0,1,0
Japan,0.05,0.05248926011206785,mobile,0,0,80.23960098865255,4,0,1,1
Netherlands,0.08,0.045941609211742986,mobile,0,0,71.07605438342414,23,0,1,0
Netherlands,0.08,0.4025304688423854,mobile,0,0,232.65338857163664,14,1,0,1
Japan,0.05,0.22285835779971602,desktop,0,0,105.85990490614289,1,0,0,0
Netherlands,0.08,0.0722193537366896,desktop,0,0,57.06417488810969,7,1,1,0
India,0.18,0.17170423308415073,mobile,0,0,206.68440807997428,11,0,0,1
France,0.07,0.263732483121419,mobile,0,0,71.54398274882026,17,0,1,1
Australia,0.06,0.06740802858468418,mobile,0,0,115.80736318248088,21,0,1,0
France,0.07,0.22546282999286008,tablet,0,0,66.7131856170839,4,0,1,0
Netherlands,0.08,0.2584900983889053,mobile,0,0,91.7120168218232,16,0,1,0
Canada,0.05,0.012595112893660769,desktop,0,0,102.76673895871164,19,0,0,0
Netherlands,0.08,0.3153771736853217,desktop,0,0,43.532215854718224,18,0,1,0
Netherlands,0.08,0.4215344644533898,desktop,0,1,219.14375793793823,6,1,1,1
Romania,0.4,0.2827296608363738,mobile,0,0,56.066774478417955,8,0,1,1
Germany,0.05,0.09639132130117664,desktop,0,0,65.22316658271352,3,0,1,0
Japan,0.05,0.1967359139438039,desktop,0,0,59.63186747468765,13,0,0,1
Japan,0.05,0.08385332910944855,desktop,0,0,60.42908720163889,8,0,1,0
Russia,0.6,0.2602987475668951,mobile,0,0,61.43379067508461,9,0,1,0
Brazil,0.2,0.42036044139388246,desktop,0,0,236.00036661469073,0,1,0,1
Australia,0.06,0.11262141631165927,mobile,0,0,96.20037040038636,22,0,1,0
Australia,0.06,0.22418079406392646,desktop,1,0,76.73340010499942,15,0,1,0
United Kingdom,0.06,0.1875617218969893,mobile,1,0,70.21748176453309,5,0,0,1
Indonesia,0.3,0.21594919280003302,mobile,0,0,105.17555742056616,1,0,1,0
Germany,0.05,0.33732028915349865,desktop,0,0,136.7629518239949,9,0,1,0
Japan,0.05,0.16662080996795758,mobile,0,0,42.69079664538047,3,0,0,0
Netherlands,0.08,0.06529726524051856,mobile,0,0,130.0924050043901,4,0,1,0
France,0.07,0.12004165924554835,desktop,0,0,73.10454154439942,19,0,1,0
United Kingdom,0.06,0.20302895280879893,mobile,0,0,45.93247635255582,1,0,1,0
United Kingdom,0.06,0.30263845946148893,mobile,0,0,85.15281158813109,12,1,1,0
Netherlands,0.08,0.47581059281081184,desktop,1,0,146.97596296101523,18,1,1,1
France,0.07,0.5322917780312976,desktop,0,0,631.148174096547,14,1,1,1
United States,0.05,0.032519575991098365,desktop,1,0,77.54720104298674,3,0,0,1
Japan,0.05,0.32987304491000113,desktop,0,0,83.50285121247367,6,0,1,0
Germany,0.05,0.18113814480145685,desktop,0,0,63.28666345612141,4,0,1,0
Nigeria,0.55,0.6360999918328408,mobile,1,0,145.12357032686614,23,1,1,1
Germany,0.05,0.16085004805129394,tablet,0,0,95.5468230454654,16,0,1,0
United Kingdom,0.06,0.3256752117483166,desktop,0,0,61.32970553498129,23,0,1,0
United States,0.05,0.32142304135253424,mobile,0,0,84.84579967770227,3,0,1,0
France,0.07,0.16124112283778447,mobile,0,0,123.97111113115348,8,0,1,0
France,0.07,0.3335483438345886,mobile,0,1,69.69109234315826,8,0,1,1
Japan,0.05,0.0129763617195605,mobile,1,0,94.16309061225553,18,0,0,1
France,0.07,0.1099479232697203,desktop,0,1,72.91483337575185,1,0,1,1
Canada,0.05,0.14329183894108358,mobile,0,0,64.86913790866569,19,0,1,0
Germany,0.05,0.12602970088394194,desktop,0,1,42.65641672379223,11,0,1,0
Germany,0.05,0.07793460617622848,desktop,0,0,72.69048606795599,21,0,1,0
India,0.18,0.07087387012178395,desktop,0,0,69.58291232655615,7,0,1,0
United Kingdom,0.06,0.39309668298787154,desktop,0,0,119.4113466215845,20,1,1,1
Pakistan,0.45,0.2380210411767218,desktop,0,0,36.151539090709406,21,1,1,1
Canada,0.05,0.01945881246878775,desktop,0,0,41.07680698804544,10,0,1,0
United States,0.05,0.18585192330098887,desktop,0,0,137.66679107684047,21,0,1,0
Germany,0.05,0.12311988185832808,desktop,0,1,74.68158556551163,8,0,1,1
United States,0.05,0.2378317453736005,desktop,0,0,44.58178319965963,15,0,1,1
Netherlands,0.08,0.6136328518937526,desktop,0,0,171.33753327727894,22,1,1,1
France,0.07,0.07051143667669829,mobile,0,0,73.96175921245658,4,0,1,0
Canada,0.05,0.06177275604457451,mobile,0,0,86.23669649258532,9,0,0,1
Japan,0.05,0.09669327252727407,tablet,0,0,67.92276301061273,1,0,1,0
Australia,0.06,0.10857187264538165,tablet,0,0,149.51918245751676,12,0,1,0
Russia,0.6,0.023513961696408,mobile,1,0,152.00687140255545,6,0,1,0
Romania,0.4,0.23512727036861583,mobile,0,0,84.27151191955483,2,0,1,0
Japan,0.05,0.09763136803725744,desktop,0,0,64.83302406813311,21,0,1,0
Netherlands,0.08,0.166284094470502,desktop,0,0,84.25997813383634,7,0,1,0
Netherlands,0.08,0.12518541062228147,tablet,0,0,46.28803707159113,17,0,1,0
France,0.07,0.614544163359962,tablet,0,0,296.9500952473468,3,1,0,1
Japan,0.05,0.2175220989542356,desktop,1,1,78.26523932232703,6,0,1,0
United States,0.05,0.239749124290126,desktop,0,0,48.30537434822039,1,0,1,0
Japan,0.05,0.32478521361011475,desktop,0,0,60.069842665089034,16,0,1,0
Romania,0.4,0.2518864518132461,desktop,0,0,90.08105557975581,8,0,1,0
United States,0.05,0.6470797989498279,desktop,0,1,74.51218734434727,21,0,0,1
Netherlands,0.08,0.23621725387215106,desktop,0,0,53.90754527213338,12,0,0,1
India,0.18,0.10979661449135217,desktop,0,0,62.61136162862942,4,0,1,0
Germany,0.05,0.13470552347981654,mobile,0,0,103.68173029186326,18,0,0,1
France,0.07,0.3703505397245,mobile,0,0,134.29345993579145,20,0,1,0
India,0.18,0.08132680143826221,mobile,0,0,84.14627513751294,14,0,1,0
Romania,0.4,0.008864993073841261,desktop,0,0,24.384172505423876,16,0,1,0
United Kingdom,0.06,0.08870675681092807,desktop,0,0,49.85560202950948,19,0,1,0
Canada,0.05,0.3920363272939153,mobile,0,0,397.3367239968095,2,1,0,1
Japan,0.05,0.25538856265271365,mobile,0,1,77.87415599641,5,0,1,0
Germany,0.05,0.29513108166632046,tablet,1,0,29.59956411773749,18,0,0,1
Germany,0.05,0.03726021158593652,desktop,0,0,169.09657745687824,19,0,1,0
United States,0.05,0.028794392544934176,desktop,0,0,46.17311417506963,4,0,1,1
United Kingdom,0.06,0.07252269999328567,desktop,0,0,90.08175833870047,1,0,1,0
Australia,0.06,0.2586350867003631,desktop,0,0,49.343032384111545,12,0,1,1
Japan,0.05,0.2960708745057056,desktop,0,0,159.2956364324449,6,0,1,0
Australia,0.06,0.0294900070920272,desktop,0,0,44.884263222477905,3,0,1,0
Netherlands,0.08,0.24867606745332183,desktop,0,0,60.04789629864019,10,0,1,0
Canada,0.05,0.3409679562436127,desktop,0,0,106.39389174721141,6,0,1,0
Germany,0.05,0.5814388792087846,mobile,0,0,386.82882143333234,22,1,0,1
United States,0.05,0.1609319084893987,desktop,0,0,87.37614607208421,19,0,1,0
United Kingdom,0.06,0.054609454884236935,mobile,0,0,98.56772444329397,2,0,1,0
Germany,0.05,0.13982899723588385,mobile,0,0,78.41322010483276,23,0,1,0
United Kingdom,0.06,0.2074412383307588,desktop,0,0,49.954848743119996,6,1,1,0
United States,0.05,0.5743834862384092,desktop,0,0,261.77745037638124,3,1,1,1
United Kingdom,0.06,0.05707872873621424,desktop,0,0,64.44425433695321,3,0,1,0
Japan,0.05,0.44044009918661226,desktop,0,0,305.3508571073673,9,1,1,0
Australia,0.06,0.17943695136781326,mobile,0,0,97.91441052316287,10,0,1,0
Russia,0.6,0.26270761834094625,tablet,1,0,79.1852144116146,21,0,1,1
Netherlands,0.08,0.17101082069140847,desktop,0,0,94.23177289628349,7,0,1,0
Australia,0.06,0.8506864955765455,desktop,0,0,178.0599763541967,16,1,0,1
United Kingdom,0.06,0.1612507853850123,mobile,0,0,81.79337815547814,2,0,1,0
Australia,0.06,0.029192373036215212,desktop,0,0,72.04490876751953,19,0,1,0
United States,0.05,0.23456582995250655,desktop,0,0,87.64799459834524,11,0,1,0
Canada,0.05,0.18047381501146081,desktop,0,0,95.89896368105431,13,0,1,0
Canada,0.05,0.12108194367400242,desktop,0,0,51.01479673625196,11,0,1,0
Canada,0.05,0.11039068622610627,desktop,0,0,70.91631001385441,17,0,0,1
Germany,0.05,0.2932836558110468,tablet,0,0,117.57388758511073,15,0,1,0
Japan,0.05,0.49212129670946514,mobile,0,0,314.87639593632946,8,1,1,0
Netherlands,0.08,0.0756334756216289,desktop,0,0,71.15866991480216,20,0,0,0
Netherlands,0.08,0.09222923027522686,tablet,0,0,48.122392129794406,2,0,1,0
Australia,0.06,0.2783960424665844,desktop,0,0,89.12061024487629,23,1,1,1
France,0.07,0.3182349484235123,desktop,0,0,45.30460479366059,14,0,1,1
United States,0.05,0.41032590498108207,tablet,0,0,162.90786099679565,2,1,1,1
Japan,0.05,0.0801616214079392,mobile,0,1,62.058159660263904,11,0,1,0
Australia,0.06,0.2653398196113317,mobile,0,0,84.58030377875397,8,0,0,1
Germany,0.05,0.20364266878739962,desktop,0,0,59.76726171816398,1,0,1,0
Canada,0.05,0.200932843883382,desktop,0,0,65.69614117910703,23,0,1,1
Russia,0.6,0.4090676305217751,tablet,0,0,205.90476027407703,21,0,1,0
Australia,0.06,0.21680298518570199,desktop,0,0,67.56213989942533,13,0,1,0
France,0.07,0.04372947007873954,mobile,0,0,79.45227266028458,2,0,1,0
Australia,0.06,0.4410542316848283,mobile,1,0,242.96286090964162,9,1,1,1
Canada,0.05,0.04328125342946697,desktop,0,0,66.04050581369722,17,0,1,0
France,0.07,0.14927515335213318,mobile,0,0,78.0684263955264,10,0,1,0
Germany,0.05,0.4025714024702346,tablet,0,0,170.96679091200718,13,1,1,1
France,0.07,0.17065439700446602,mobile,1,0,95.64216384272268,20,0,1,0
Japan,0.05,0.05949337323864806,desktop,0,0,46.86056756350897,4,0,1,0
United States,0.05,0.15236960510379122,mobile,0,0,96.40776670202126,20,0,1,0
Netherlands,0.08,0.30659765862916644,desktop,0,0,118.95536583369673,23,0,0,1
Germany,0.05,0.06472351888063739,desktop,0,0,94.34817096442485,7,0,1,0
Japan,0.05,0.29729591481148987,tablet,0,0,31.66689535173439,22,0,1,0
Australia,0.06,0.30903672082324435,tablet,0,0,80.85555138322196,7,0,1,1
Japan,0.05,0.14774422797388598,desktop,0,0,119.60792280043005,16,1,1,1
Australia,0.06,0.1960392497115912,mobile,0,0,62.990499263148955,16,0,1,0
Romania,0.4,0.40308458265565444,tablet,0,0,387.46447519548497,22,0,1,0
France,0.07,0.44684455430395137,mobile,0,0,115.07644451101329,1,1,1,1
Japan,0.05,0.24891431306350312,desktop,0,0,77.56774930491783,14,0,1,0
Japan,0.05,0.3709439544529995,desktop,0,0,94.93435679416415,20,0,1,0
Germany,0.05,0.16723827121666518,desktop,0,0,78.27510083206084,2,0,1,1
Germany,0.05,0.0037153149403582417,tablet,0,0,77.78116964042208,0,0,0,1
Canada,0.05,0.07750551971129004,desktop,0,0,51.21096128135886,1,0,0,1
Germany,0.05,0.22442439699507152,desktop,0,1,60.258194036818374,11,0,1,0
Canada,0.05,0.5139335463397631,mobile,0,1,310.9577836726741,13,1,0,1
Canada,0.05,0.6137427690947479,mobile,0,0,98.78627722557366,19,1,1,1
Australia,0.06,0.2213317732196517,tablet,0,0,101.17591979309785,10,0,1,0
Germany,0.05,0.08695796966996443,mobile,0,0,70.81591688258686,21,0,1,0
Netherlands,0.08,0.029738392969587014,mobile,0,0,89.4156860616568,2,0,1,1
France,0.07,0.29105494084930805,tablet,0,0,99.11044729174127,15,0,1,0
Japan,0.05,0.13996207942439318,mobile,0,0,271.942339027255,11,0,1,0
United States,0.05,0.1326326861695213,mobile,0,0,120.24720016399701,12,0,1,0
France,0.07,0.12273121222524878,desktop,0,0,48.394716888081525,12,0,1,0
United States,0.05,0.3020407424471391,desktop,0,0,157.0556497099528,16,0,1,1
Japan,0.05,0.20706107780919156,desktop,0,0,28.512255666965924,17,0,0,0
Canada,0.05,0.0840738274702838,mobile,0,0,63.09812276789543,20,1,1,1
Russia,0.6,0.10626889990297998,desktop,1,0,78.3167208402963,8,0,0,1
Germany,0.05,0.17918745019973786,desktop,0,0,65.79865650802991,0,0,1,0
Australia,0.06,0.1955139178000397,tablet,0,0,81.3381571432208,3,0,1,0
Germany,0.05,0.3361787224862679,mobile,0,0,69.47292604311538,14,1,1,1
Australia,0.06,0.1568504452309371,mobile,0,0,115.54533459314081,3,0,1,0
France,0.07,0.03824968099129716,mobile,0,0,62.253448402641915,18,0,1,0
Canada,0.05,0.05994492656191008,desktop,0,0,70.77643443000943,0,0,1,0
United Kingdom,0.06,0.05589476611519478,desktop,0,0,137.0060628210711,22,0,1,0
United Kingdom,0.06,0.25149811744164563,mobile,0,0,103.42473279102423,23,0,1,0
United Kingdom,0.06,0.7243361268448195,mobile,0,0,257.469685754713,9,1,0,1
Pakistan,0.45,0.249022913421311,desktop,1,0,86.94804208263477,20,0,1,1
Canada,0.05,0.30161429693109065,desktop,0,0,141.9434660258682,21,0,1,0
United States,0.05,0.1574180214610228,desktop,0,0,45.394916373577814,19,0,1,0
Romania,0.4,0.0993935206030234,desktop,0,0,50.36934935717296,15,0,1,1
United States,0.05,0.05227469986477757,desktop,1,0,60.27323165742372,4,0,1,0
Canada,0.05,0.13407858141221896,desktop,1,0,79.52068263146028,8,0,1,0
Japan,0.05,0.45809680273624687,desktop,1,0,177.30949122157324,8,1,1,1
Brazil,0.2,0.20044224599763658,mobile,0,0,56.39022509089586,23,0,1,0
Japan,0.05,0.2223278158359319,mobile,1,0,53.0070846134179,15,0,0,1
France,0.07,0.2789208406724545,desktop,0,0,46.56846290518107,1,0,0,1
Indonesia,0.3,0.03065712257868191,desktop,0,0,52.99555900752356,3,0,1,0
United States,0.05,0.09938926222741212,desktop,0,0,58.58551026187043,20,1,1,0
Pakistan,0.45,0.16695870600483395,mobile,0,0,34.56324149793325,11,0,1,0
Netherlands,0.08,0.23500512056526826,desktop,0,0,60.55405542003466,12,0,1,0
India,0.18,0.13445605316519188,tablet,0,1,51.043095245520895,22,0,0,1
Germany,0.05,0.470827051327563,desktop,0,1,159.1213637481785,14,1,1,1
United Kingdom,0.06,0.14650537251197723,mobile,0,0,133.52947315685918,9,0,1,0
Japan,0.05,0.088551438935233,desktop,0,0,42.19460270767083,19,0,1,0
France,0.07,0.27263474261020154,mobile,0,0,105.09638021886958,8,0,1,0
France,0.07,0.2199822869778788,mobile,0,0,132.11755142538354,22,0,1,0
India,0.18,0.4733287916709334,desktop,0,0,318.539706336064,1,0,1,0
Australia,0.06,0.47363364992923546,desktop,0,0,201.69803070738175,21,1,0,1
Germany,0.05,0.04460892723998446,desktop,0,0,116.73344690595394,2,0,0,1
Canada,0.05,0.2916106722701708,desktop,1,0,91.97479418026951,11,0,1,0
United Kingdom,0.06,0.455580894350227,tablet,0,0,270.2067814885917,5,1,0,1
United Kingdom,0.06,0.10785780145738323,mobile,0,0,76.82545481700183,17,0,1,0
United Kingdom,0.06,0.4620773770560138,mobile,0,0,157.33462932165958,11,0,1,0
Netherlands,0.08,0.12986897949851547,desktop,0,0,110.75420418825487,18,0,1,1
Japan,0.05,0.05763259603771884,desktop,0,0,183.71203708878414,13,0,1,0
France,0.07,0.11654646259992378,mobile,0,0,65.42175389371845,8,0,1,0
Canada,0.05,0.11975953918368029,desktop,1,0,74.28457005686954,17,1,1,0
Japan,0.05,0.17658534999579997,desktop,0,0,76.64618616328875,7,0,1,0
Netherlands,0.08,0.2846369856028608,desktop,1,0,44.07270652272097,5,0,1,1
Nigeria,0.55,0.04508687591694232,desktop,1,1,54.76795728873069,19,0,0,1
Australia,0.06,0.2765505657546474,tablet,0,0,81.98880143129149,23,0,1,0
Netherlands,0.08,0.0960328721884584,desktop,0,1,71.31739767534837,12,0,1,0
France,0.07,0.04164685461922979,desktop,0,0,74.13226748933731,23,0,1,0
France,0.07,0.19666955622363985,desktop,0,0,74.38694143899538,5,0,1,0
Netherlands,0.08,0.30782190052414066,desktop,0,1,70.76223885389545,0,0,1,0
Canada,0.05,0.04918221662810691,desktop,0,0,56.3734083645168,21,0,0,1
Canada,0.05,0.28161458089780056,desktop,0,0,85.8175740991036,19,0,0,1
Germany,0.05,0.06991193685103635,desktop,0,0,82.68027196981309,11,0,1,0
France,0.07,0.23191066032912555,desktop,0,0,54.1582587248552,20,0,1,0
Australia,0.06,0.27240716930372255,mobile,0,0,85.21330526497708,20,0,1,0
Japan,0.05,0.16168130879401,desktop,0,0,59.25181766359622,8,0,1,0
Canada,0.05,0.2538060158371628,mobile,0,1,92.62704418397702,3,0,1,0
Germany,0.05,0.022471245760588152,desktop,0,0,72.59459838457019,14,0,1,0
Netherlands,0.08,0.024323981172393826,desktop,1,0,84.60300543391392,21,0,0,1
Canada,0.05,0.039282742500614885,tablet,0,0,78.38300293344308,13,0,1,0
India,0.18,0.11750175130597927,desktop,1,0,72.26118890166552,9,0,1,0
United Kingdom,0.06,0.42241611571567494,desktop,0,0,336.64612131929243,5,1,1,1
Australia,0.06,0.17421752754758138,desktop,0,0,98.96250693076932,7,0,1,1
France,0.07,0.28783800756626066,desktop,0,0,76.87451980695046,18,0,1,0
Netherlands,0.08,0.1485972606151844,mobile,0,0,76.43895115490092,8,0,1,0
United Kingdom,0.06,0.015964351425396425,mobile,0,0,65.11427298706027,12,0,1,0
Brazil,0.2,0.1054920773618274,desktop,0,0,38.996043664230875,14,0,0,1
France,0.07,0.20464873956013885,desktop,0,0,74.57548238571394,7,0,1,0
Australia,0.06,0.32035597718628867,desktop,0,0,47.31299738009691,7,0,1,0
France,0.07,0.16383413723859314,desktop,0,0,60.4561405418139,17,0,1,0
United States,0.05,0.09763217127910594,mobile,0,0,54.42883009547163,15,0,1,0
France,0.07,0.031348928985304336,mobile,0,0,57.33149278998654,18,0,1,0
Germany,0.05,0.2564125543580248,desktop,0,0,58.597153612570715,12,0,1,0
Canada,0.05,0.09148121469117886,desktop,0,0,87.35118134514254,0,0,1,0
Australia,0.06,0.08969679486575832,mobile,1,1,82.80275666063604,15,0,1,1
France,0.07,0.2253573526817704,desktop,0,0,76.61819605449263,0,0,1,0
United States,0.05,0.28825592098267716,tablet,0,0,112.53990321113338,8,0,0,1
United States,0.05,0.12395273853667055,mobile,1,0,214.96415897830784,17,0,1,0
United Kingdom,0.06,0.04878491068247446,desktop,1,0,88.0237421195135,6,0,1,1
United Kingdom,0.06,0.0908192450507499,mobile,0,0,101.27320529079596,20,0,1,0
Australia,0.06,0.20330646028583804,desktop,0,0,81.29768891559992,16,0,1,0
United Kingdom,0.06,0.12210066691313352,desktop,0,0,92.4601911726595,21,0,1,0
Nigeria,0.55,0.11105702350350875,tablet,0,0,41.740792061252705,12,0,1,1
United Kingdom,0.06,0.04358046535910947,mobile,0,0,28.59948107072918,11,0,1,0
United States,0.05,0.20876400108466922,desktop,1,0,35.16647270504361,3,0,1,1
Nigeria,0.55,0.1556328290771221,mobile,0,0,59.227972230437025,21,0,0,1
Germany,0.05,0.3514714152436859,desktop,0,0,118.91434786326639,15,0,1,0
Canada,0.05,0.024800797429400077,mobile,0,0,80.59008424204818,19,0,1,0
Romania,0.4,0.12942337007241514,tablet,1,0,64.28132456374831,6,0,0,1
Russia,0.6,0.22189419148804873,mobile,1,0,89.95453674745524,4,0,1,1
Japan,0.05,0.17820080953788978,desktop,0,0,83.3952493350556,8,0,1,0
United States,0.05,0.21250444688056844,desktop,0,0,45.864716790995224,11,0,1,0
Australia,0.06,0.09112292475517804,mobile,0,0,86.84389429639451,20,0,1,0
Pakistan,0.45,0.09870556906578642,desktop,0,0,98.62407690179363,6,0,1,0
Russia,0.6,0.3543362721600447,tablet,0,0,153.74332494573858,4,0,1,1
United States,0.05,0.22598349858340752,desktop,0,0,71.67634664986086,2,0,1,0
Canada,0.05,0.29720518910289506,desktop,0,0,133.32892330216262,10,0,1,0
Germany,0.05,0.37443383615183845,desktop,0,0,63.964160432714664,2,0,1,1
United Kingdom,0.06,0.13323179641309552,desktop,0,1,166.37794304650896,2,0,1,1
Japan,0.05,0.22456674937241333,desktop,0,0,59.84471540937997,8,0,1,0
Germany,0.05,0.08644888677580377,desktop,0,0,92.2894741871105,10,0,0,1
Canada,0.05,0.34885800058353394,tablet,1,0,81.47711457411427,9,0,1,0
United States,0.05,0.41946537928653205,desktop,0,0,320.443871727613,22,1,1,1
France,0.07,0.2277793255338002,mobile,0,0,118.41374113458504,22,1,1,1
United Kingdom,0.06,0.05727756845646882,desktop,0,0,51.16945983804867,13,0,1,0
Canada,0.05,0.2705433249719339,mobile,0,1,65.51740460619207,22,0,1,0
United Kingdom,0.06,0.06254653597755401,desktop,0,0,155.12257320349048,20,0,0,1
Romania,0.4,0.2696943059480862,mobile,0,0,76.30067186235546,1,0,1,0
United Kingdom,0.06,0.1310851301541308,desktop,1,0,97.99108282752832,13,0,1,0
France,0.07,0.20678728489035883,desktop,0,0,50.67222958553925,8,0,1,0
United Kingdom,0.06,0.04089657822588456,desktop,0,0,67.62217468065829,1,0,0,1
United States,0.05,0.028312312282516808,desktop,0,0,57.50991216614241,15,0,0,0
United Kingdom,0.06,0.11644091224521692,desktop,0,0,101.9107479421143,12,0,1,0
United States,0.05,0.17234031233134695,mobile,0,0,95.40789134497791,14,0,1,0
United Kingdom,0.06,0.10015165826603836,desktop,0,0,113.0988558976478,5,0,1,0
France,0.07,0.19417739157843267,mobile,0,0,50.408127596307494,20,0,1,0
Australia,0.06,0.25966105733515976,desktop,0,0,89.30291588078829,10,0,1,1
United States,0.05,0.03174254763909114,mobile,0,0,74.22228033130503,5,0,1,0
France,0.07,0.006607262769350871,desktop,0,0,31.32321263610828,5,0,1,0
Australia,0.06,0.23251819215299852,mobile,0,0,86.670922372314,6,0,0,0
Germany,0.05,0.09135754995165023,tablet,0,0,115.8392347021398,2,0,1,0
Canada,0.05,0.013960565235844075,desktop,1,0,127.70980241618135,20,0,1,0
United States,0.05,0.02753318174007576,desktop,0,0,72.79360209970517,5,0,1,1
Germany,0.05,0.2146630847075379,mobile,0,0,98.52828299849263,17,0,1,0
France,0.07,0.14755686289709713,desktop,0,0,89.19998121945919,9,0,1,0
Pakistan,0.45,0.21124231691784293,desktop,0,0,56.48373594962223,2,0,1,0
Pakistan,0.45,0.17469255718655344,desktop,1,0,53.848131453046115,19,0,1,1
Indonesia,0.3,0.12453686408540714,desktop,0,0,72.47518042503616,19,0,1,0
Canada,0.05,0.32237485330299726,mobile,0,0,67.86253567014334,18,0,1,0
United States,0.05,0.37029811895874243,desktop,0,0,76.01072328024658,8,0,0,1
Germany,0.05,0.0942647835798923,desktop,0,0,63.675053368810566,0,0,1,0
Germany,0.05,0.2199043390622045,desktop,0,0,79.38922652323801,18,0,1,0
United States,0.05,0.13733476661988206,desktop,0,0,50.7424331028412,18,0,1,0
United States,0.05,0.24741383046591803,mobile,0,0,125.6167513246438,20,0,1,0
France,0.07,0.13424326133415032,mobile,0,0,38.97933409989527,0,0,1,0
Canada,0.05,0.37755042119216925,mobile,1,0,456.48344438837296,20,0,0,0
United Kingdom,0.06,0.4380236838737289,desktop,0,0,210.379014560546,1,1,0,1
Japan,0.05,0.3155797974061594,desktop,0,0,70.28725725004573,0,0,1,0
Canada,0.05,0.07767959627837125,desktop,0,0,54.850653829011925,18,0,1,0
Netherlands,0.08,0.021440954375772377,mobile,0,0,43.42905948649655,17,0,1,0
Germany,0.05,0.3084341034130944,mobile,0,0,80.16785758421433,9,0,1,0
France,0.07,0.45035116065484615,mobile,0,0,237.12434352175828,17,1,1,1
United Kingdom,0.06,0.2740241003250557,mobile,0,0,84.31599424480456,7,0,1,0
France,0.07,0.2426816642392116,desktop,0,0,41.36805107501557,2,0,1,0
United Kingdom,0.06,0.1354151733449091,tablet,0,0,134.3974871274478,9,0,1,0
United Kingdom,0.06,0.13703065071967094,tablet,0,0,71.6685350940668,21,0,1,0
Australia,0.06,0.3384266651467363,desktop,0,1,25.41698025365496,12,1,1,1
Germany,0.05,0.144160457072694,desktop,0,0,78.73380809271576,17,0,1,0
United Kingdom,0.06,0.11552608774417286,mobile,0,0,62.478843355392215,14,0,1,0
India,0.18,0.12745576154309526,desktop,1,0,49.569429141084036,15,0,1,1
United States,0.05,0.018148781610454447,desktop,0,0,113.43258201966214,16,0,1,0
Australia,0.06,0.06552859464207489,desktop,0,0,102.0435939205881,2,0,1,0
Australia,0.06,0.1519447179017117,mobile,0,0,83.0646349494124,2,0,0,1
Germany,0.05,0.12274575273884566,mobile,0,0,75.71337907344692,2,0,1,1
France,0.07,0.12179088731136871,mobile,0,1,87.94383502507341,3,0,1,0
United States,0.05,0.35633116733579273,tablet,0,0,42.424586934608264,16,0,1,0
Japan,0.05,0.3430996550506482,desktop,0,0,78.81390568442569,10,0,1,0
Germany,0.05,0.44900059609263643,mobile,0,0,207.18948478931952,8,1,0,1
United Kingdom,0.06,0.18354245078975218,desktop,0,0,106.06183510052325,20,0,1,0
Germany,0.05,0.2223462567154706,desktop,0,0,51.02386056813834,11,0,0,1
Brazil,0.2,0.18966431150494914,tablet,0,0,78.64516077850388,18,0,1,0
Netherlands,0.08,0.13620798806474238,mobile,0,0,49.75059127923936,14,0,1,0
Russia,0.6,0.3362889388287645,mobile,0,1,77.86434947057889,4,0,1,1
Australia,0.06,0.14064563164678776,desktop,0,0,56.640976923639705,8,0,1,0
Japan,0.05,0.07992874781764993,desktop,0,0,54.35285799233819,6,0,1,0
France,0.07,0.15673533636126424,mobile,0,0,83.54115328475662,17,0,1,0
Brazil,0.2,0.3202631118487295,desktop,0,0,57.1675275644476,9,0,1,0
France,0.07,0.20681213431551448,desktop,0,1,55.80483564636864,13,0,1,1
Canada,0.05,0.15482376894627373,mobile,0,0,83.35202718160839,20,0,1,0
Australia,0.06,0.10843903933305131,desktop,0,0,43.88075660260639,8,1,1,0
Australia,0.06,0.2029506341914458,desktop,0,0,65.84450706610497,23,0,1,0
United Kingdom,0.06,0.33359051370981807,desktop,0,0,43.035978038339664,4,0,1,0
Canada,0.05,0.14198567136836443,desktop,0,0,45.866836866967915,1,0,1,0
Germany,0.05,0.08432049034007338,desktop,0,1,111.02406729635433,4,0,1,0
Netherlands,0.08,0.29278374063568674,desktop,0,0,63.70587478047228,11,0,1,0
Canada,0.05,0.1022500331536543,desktop,0,0,57.33813186827563,0,0,1,0
Netherlands,0.08,0.4535238267957446,desktop,0,0,353.93441605844936,8,1,1,1
France,0.07,0.2005203655145785,desktop,0,1,129.74845468985404,7,0,0,1
Japan,0.05,0.04567813891767211,mobile,0,1,80.48499795254882,7,0,1,0
United Kingdom,0.06,0.19884980542636796,desktop,0,1,105.34620696792065,4,0,1,0
India,0.18,0.04844915370298726,mobile,0,0,60.76000683550716,11,0,1,0
France,0.07,0.0984603136791451,mobile,0,0,75.1159891759527,6,0,1,0
Germany,0.05,0.06342239355345793,desktop,0,0,73.88903813652374,17,0,1,0
Germany,0.05,0.15877415364307096,desktop,0,0,82.5452388147696,13,0,1,0
Germany,0.05,0.2585871670942471,tablet,0,0,103.29843038767669,14,0,1,0
Canada,0.05,0.5149878571714139,desktop,0,0,322.97174215363975,18,1,0,1
Japan,0.05,0.06811901163932248,mobile,0,0,53.9715445655934,10,0,1,0
Russia,0.6,0.4116854412906478,mobile,0,0,152.89715506467613,4,0,0,1
Japan,0.05,0.10163526424211704,mobile,0,0,52.48064939278727,17,0,0,0
Australia,0.06,0.06568197955417782,desktop,0,0,79.87247413081472,22,1,1,1
France,0.07,0.42294512378548166,desktop,0,0,154.90607100365216,9,1,1,1
Netherlands,0.08,0.33681512907250327,desktop,0,0,75.22719067670069,17,0,1,0
Netherlands,0.08,0.26224846328073015,mobile,0,0,64.01117207009548,15,0,1,0
Germany,0.05,0.21221737790846268,desktop,1,0,118.1220371559995,1,0,0,1
Romania,0.4,0.4538750353149282,tablet,0,0,167.85990266208634,4,1,1,1
Canada,0.05,0.23853591572794203,mobile,0,0,69.92518331043397,16,0,1,0
Netherlands,0.08,0.18143027676409593,desktop,0,0,75.43641942836528,8,0,1,0
Romania,0.4,0.195916284711799,desktop,0,0,95.63282405415227,6,0,1,1
Japan,0.05,0.1547046900091715,tablet,0,0,79.43011580320274,13,0,1,0
United Kingdom,0.06,0.144210478266581,desktop,0,0,54.463544487824585,13,0,1,0
Australia,0.06,0.02628447083955499,desktop,0,0,136.59144584408784,22,0,1,0
United Kingdom,0.06,0.17897299648376494,desktop,0,0,86.63371316239382,23,0,1,0
Netherlands,0.08,0.22490627384704437,desktop,0,0,49.24438162344531,0,0,1,0
Germany,0.05,0.5514844922782184,desktop,0,0,470.5079879422616,10,1,1,1
Japan,0.05,0.19647091622998028,mobile,1,0,93.79243969793126,17,0,1,0
Brazil,0.2,0.2628030881931987,mobile,0,1,115.86192941835516,8,0,1,1
United Kingdom,0.06,0.13651792692558012,desktop,0,0,86.33185562895041,11,0,1,0
Canada,0.05,0.25412431543929154,desktop,0,0,91.32633489588521,16,0,1,0
Australia,0.06,0.012537439805330565,desktop,0,0,92.13490618580482,17,0,1,0
Canada,0.05,0.6833310970522565,mobile,0,0,130.71483638139173,22,1,0,1
United Kingdom,0.06,0.12327125482725272,desktop,0,0,40.914411923328174,2,0,1,0
United States,0.05,0.22220229156544413,tablet,0,0,57.70778296986068,10,0,1,0
Canada,0.05,0.4709627474215432,mobile,1,0,481.787966212734,14,1,1,1
Australia,0.06,0.25004086331580216,mobile,0,0,90.47899533156564,21,0,0,1
Australia,0.06,0.05713709892664856,desktop,0,1,68.82236862346811,10,0,1,0
United Kingdom,0.06,0.2134167117771754,mobile,0,0,60.833957913546335,1,0,0,1
France,0.07,0.12044105592767715,desktop,0,1,78.32379282312233,7,0,1,0
Canada,0.05,0.2038447018157123,mobile,0,0,65.35960947426281,22,0,1,0
Germany,0.05,0.06559489155696432,tablet,0,0,71.67670219107313,0,0,1,0
Japan,0.05,0.1952473501581681,tablet,0,0,77.19095025562802,22,0,1,0
Germany,0.05,0.216429268949319,mobile,0,1,56.14723300035961,12,0,1,0
France,0.07,0.20083340151349385,mobile,1,0,97.51625336617697,4,0,1,1
India,0.18,0.2122663778084067,desktop,0,0,69.57154490447792,8,0,1,0
France,0.07,0.26418135131949533,desktop,0,0,87.41381270491081,8,0,1,0
Australia,0.06,0.14800903865899243,mobile,0,0,75.35551836915394,22,0,1,0
United States,0.05,0.05551045427261541,tablet,0,0,126.44322538644582,19,0,1,0
United Kingdom,0.06,0.11641163485988518,mobile,0,0,89.1230665805049,18,0,1,0
United States,0.05,0.06176280522712006,mobile,1,0,85.0005980172537,0,0,1,1
Netherlands,0.08,0.26372568203212443,desktop,0,0,83.92714560087225,2,0,1,0
Netherlands,0.08,0.1819748106202577,mobile,0,0,152.84018572156964,21,0,1,0
United Kingdom,0.06,0.070674064719846,mobile,0,0,72.57014898765922,7,0,1,0
Germany,0.05,0.337370055046622,desktop,0,0,78.05141751630521,4,0,1,1
Germany,0.05,0.04018016700340212,desktop,0,0,76.45332422242296,6,0,1,0
Australia,0.06,0.029368259495599507,mobile,0,0,37.03649330413109,15,0,1,0
Australia,0.06,0.12863946543865265,desktop,0,1,76.13855046648337,16,0,1,0
Japan,0.05,0.10998687357428896,mobile,0,0,105.18239252514728,6,0,1,0
Brazil,0.2,0.11581200822508551,tablet,1,0,88.24998742156241,13,0,1,1
Germany,0.05,0.01146879409268659,mobile,0,0,125.06998157746531,19,0,1,0
Japan,0.05,0.29150978332410066,desktop,0,0,97.0228653582886,8,0,1,0
Australia,0.06,0.23092993582110205,desktop,0,0,87.85725948584549,3,0,1,0
Germany,0.05,0.29502546290550263,mobile,0,1,100.59423874242479,5,0,1,0
Brazil,0.2,0.3681400993518026,mobile,0,0,83.73572286007769,23,0,1,0
United States,0.05,0.15279049808239223,desktop,0,1,66.80514808568131,10,0,1,0
Japan,0.05,0.11349481990017589,desktop,0,0,70.45791713390027,17,0,1,0
Japan,0.05,0.24157313718747814,mobile,0,1,32.00642835664437,6,0,1,0
Brazil,0.2,0.11991076687337023,desktop,0,0,128.80155617633875,20,1,1,1
France,0.07,0.3994003792604521,mobile,1,0,146.88992891936883,4,0,0,1
Germany,0.05,0.09245816524665279,mobile,0,0,51.151427952630364,2,0,1,0
Netherlands,0.08,0.0910445450253554,mobile,0,1,64.83126327935386,19,0,1,0
Netherlands,0.08,0.6039352533996202,tablet,0,1,331.8083116903908,14,1,0,1
France,0.07,0.25727192390314624,mobile,0,1,75.57653441771807,23,0,1,0
Netherlands,0.08,0.1901198621805318,desktop,0,0,80.63531027076687,12,0,1,0
Germany,0.05,0.0905035296116311,desktop,0,0,152.95864614053488,18,0,1,0
Australia,0.06,0.12413251666221137,desktop,0,0,98.73122454938836,12,0,1,0
Netherlands,0.08,0.09769496648091001,desktop,0,0,66.62878319517381,1,0,1,0
Germany,0.05,0.17763869123288056,mobile,0,0,40.65240960399892,9,0,1,0
France,0.07,0.16267866245362436,desktop,0,0,92.17192116511359,22,0,1,0
Russia,0.6,0.11879925854928056,desktop,0,0,58.1264478703466,22,0,1,0
Netherlands,0.08,0.1378980081717683,mobile,0,0,92.84863674630704,10,0,1,0
Vietnam,0.35,0.02741550272456088,desktop,0,0,72.46659541531204,20,0,1,0
Canada,0.05,0.16746315432885364,desktop,0,0,85.03549560599373,6,0,0,1
Pakistan,0.45,0.2036282225677795,mobile,0,0,100.84128995158179,7,0,0,1
United Kingdom,0.06,0.43627106416198946,desktop,0,0,325.0372212363727,18,1,1,1
France,0.07,0.1879333156490968,desktop,0,0,77.0961508434018,1,0,1,1
France,0.07,0.16630745436268501,desktop,0,0,73.23209943718564,0,0,1,0
Netherlands,0.08,0.015251118810686849,mobile,0,0,81.51393257418665,5,0,1,0
Brazil,0.2,0.04526036310222982,mobile,0,0,87.92965213596675,0,0,1,0
Japan,0.05,0.36009806171582226,mobile,0,0,77.72680938535493,13,0,1,0
Australia,0.06,0.12236909585757484,desktop,0,0,58.747681372118706,18,0,0,1
Canada,0.05,0.15302206974245067,mobile,0,0,49.635622415534264,15,0,1,0
France,0.07,0.28383283896259415,desktop,0,0,42.27952914073291,3,0,1,0
France,0.07,0.2119037075476523,mobile,1,0,76.85233143814341,20,0,1,0
United States,0.05,0.10597151276960715,desktop,0,0,88.61931318823204,11,0,0,1
France,0.07,0.12795315724144785,desktop,0,0,65.38510642678283,7,0,1,0
Netherlands,0.08,0.16272442817632465,desktop,1,0,98.56924724152759,12,0,1,0
Japan,0.05,0.08947197664312344,desktop,0,0,70.80527062124303,3,0,1,1
Netherlands,0.08,0.12670306114198535,desktop,0,0,71.52373456409103,23,0,0,1
Canada,0.05,0.05009793198587665,desktop,0,1,44.55035999830755,11,0,1,0
France,0.07,0.2003473420342324,mobile,0,0,63.10636983971882,7,0,1,0
United States,0.05,0.20814855583565045,mobile,0,0,101.7213679062831,16,0,1,0
Canada,0.05,0.34758980069987777,mobile,0,1,120.19822626923295,7,0,1,0
France,0.07,0.03593753842547111,desktop,0,0,68.95080369448148,18,0,1,1
Germany,0.05,0.13587264053237516,desktop,0,0,99.83284909680322,11,0,1,0
United States,0.05,0.17749327879940036,tablet,0,0,120.9106835794969,21,0,1,0
Japan,0.05,0.1255536099597245,desktop,0,0,53.086210652175495,11,0,1,1
France,0.07,0.10186783984014121,mobile,0,0,82.36065710635093,15,0,0,0
Canada,0.05,0.13352272075945307,mobile,0,0,78.77661865736248,13,0,1,0
Germany,0.05,0.1864136172842948,desktop,0,0,107.36745156538817,23,0,1,0
France,0.07,0.07928392150515233,mobile,0,0,55.020646738522295,21,0,1,0
France,0.07,0.17518077719984612,mobile,0,0,82.3104399630908,10,0,1,0
France,0.07,0.2317943188185462,mobile,0,0,67.3289987485502,17,0,1,0
Australia,0.06,0.030154532051903618,desktop,0,0,85.51913349059525,5,0,1,0
United States,0.05,0.11715582032222413,desktop,0,0,113.01115819735791,20,0,1,0
Brazil,0.2,0.025293079940325265,mobile,0,0,123.6003894641687,14,0,1,0
United States,0.05,0.27703756513026134,desktop,0,0,113.35931500160206,9,0,1,0
France,0.07,0.2144737993420608,desktop,1,0,52.11272370237777,21,0,1,1
United Kingdom,0.06,0.16944816902233475,mobile,0,0,62.45658783547321,18,0,1,0
France,0.07,0.28420492921246693,desktop,0,0,104.81793376589692,4,0,1,0
Germany,0.05,0.2260890811305241,mobile,1,0,91.07554662592462,23,1,1,1
Netherlands,0.08,0.19953948800091084,tablet,0,0,67.22531673480562,6,0,1,0
Canada,0.05,0.3225522655591956,desktop,0,0,53.47633619436313,1,0,1,0
Australia,0.06,0.029575754831505,desktop,0,0,18.776842650183877,8,0,1,0
Germany,0.05,0.3497296502587588,desktop,0,0,42.184068101029624,10,1,0,1
United States,0.05,0.16120898878440326,desktop,0,0,66.22683680673872,1,0,1,0
Canada,0.05,0.3359582687453822,desktop,0,0,66.57981690929897,14,0,1,0
France,0.07,0.39584091723475856,tablet,0,0,254.87610870704188,10,1,1,0
France,0.07,0.19164943472961832,desktop,0,0,90.97387108264398,14,0,1,0
Romania,0.4,0.059745024644515476,desktop,0,0,162.4969106713661,11,0,1,0
Japan,0.05,0.04806998481699302,desktop,1,1,56.292622250757965,12,0,1,0
Pakistan,0.45,0.03810371441327736,desktop,0,0,37.229027990982594,3,0,1,0
Germany,0.05,0.3727089823153282,mobile,0,0,53.24399326981433,19,0,1,0
Netherlands,0.08,0.28391818801224333,mobile,1,0,132.53639009323123,15,0,0,1
Australia,0.06,0.10145127317613871,desktop,0,0,74.03296954186163,5,0,1,0
Australia,0.06,0.16155565388021081,desktop,0,1,105.0389581835817,2,0,1,0
Pakistan,0.45,0.10186365235857256,mobile,0,0,60.521586133932594,23,0,1,0
Japan,0.05,0.1595894965417907,mobile,0,1,61.837111464099834,12,1,1,1
Vietnam,0.35,0.3765364162123552,desktop,0,0,115.5574414944457,19,0,1,0
Japan,0.05,0.14247419569360031,desktop,0,0,65.64347657163881,11,0,1,0
United Kingdom,0.06,0.14132874365274342,desktop,0,0,73.98068230349303,7,0,1,1
Japan,0.05,0.0165846022898821,desktop,0,1,99.84682872904752,7,0,1,0
France,0.07,0.30387235154874753,desktop,0,0,89.69088451741733,0,0,1,0
India,0.18,0.2209110757615722,mobile,0,0,147.7443121348928,13,0,1,0
Netherlands,0.08,0.1414551446534528,desktop,0,0,69.83679809221749,17,0,1,0
United States,0.05,0.4095163812003469,mobile,0,0,140.3103949747295,2,1,0,1
United Kingdom,0.06,0.2727330981047943,mobile,0,0,73.2984834079502,0,0,0,1
United States,0.05,0.0881692702602123,mobile,0,0,57.78421158554806,3,0,1,1
France,0.07,0.12049733678539037,mobile,0,1,85.0621513931151,11,0,1,0
United States,0.05,0.1616680658738868,desktop,0,0,66.92024811456211,12,0,1,0
Japan,0.05,0.020770169607766335,mobile,0,0,131.90948566518918,13,0,1,0
Australia,0.06,0.194433731501713,mobile,0,0,55.90735721252426,20,0,1,0
Netherlands,0.08,0.3720918467652708,desktop,1,0,65.4354363801161,23,0,1,1
Germany,0.05,0.03542123157145584,mobile,0,0,47.68835761866675,21,0,1,0
France,0.07,0.33919575485215175,tablet,1,0,82.96605948295921,7,0,1,0
United Kingdom,0.06,0.24378671248857076,mobile,0,0,46.310469892938414,10,0,1,0
Nigeria,0.55,0.1881695336328089,desktop,0,0,73.49090776812753,17,0,1,1
United Kingdom,0.06,0.13990854569298555,mobile,0,0,48.953350506029246,6,0,1,0
United States,0.05,0.3445319107143767,desktop,0,0,52.23396770991775,22,0,1,0
United Kingdom,0.06,0.08853891823702123,desktop,1,0,56.38904209384,3,0,1,0
Netherlands,0.08,0.1658958791925726,desktop,0,1,95.13768173306784,11,0,1,0
United States,0.05,0.266893575358273,mobile,0,0,71.30050052598068,18,0,1,0
Australia,0.06,0.04459863958575153,mobile,0,0,70.6003495756846,2,0,0,1
Japan,0.05,0.2129442034737149,desktop,0,0,89.73418086184934,23,0,1,0
Japan,0.05,0.4504412113470341,desktop,0,1,205.79238863929535,2,1,1,1
United Kingdom,0.06,0.10471269435652955,desktop,0,0,37.039671185902925,6,0,1,0
United States,0.05,0.2960132594967326,desktop,0,0,50.1679939881096,9,0,1,0
France,0.07,0.15238194566331997,desktop,0,0,66.68144625562621,15,0,1,0
United Kingdom,0.06,0.0478927722210515,desktop,0,0,72.44783544250329,7,0,1,1
Japan,0.05,0.38234873058253427,desktop,0,0,493.6255145520733,13,1,1,0
Canada,0.05,0.15169316799016297,desktop,1,0,70.04699061651753,7,0,1,0
France,0.07,0.05596397813934262,mobile,1,0,105.20627012243656,8,0,1,0
United Kingdom,0.06,0.3923208694397189,desktop,1,0,207.34194755893094,11,1,1,1
Australia,0.06,0.5119113107571485,mobile,0,0,174.2507448150608,7,1,1,0
United Kingdom,0.06,0.3803114716626033,desktop,0,1,208.6963311184087,12,1,0,1
Japan,0.05,0.1430218542919413,desktop,0,0,51.80081235311306,10,0,1,0
United States,0.05,0.15626794575686118,desktop,0,0,77.34247214979453,6,0,1,0
Indonesia,0.3,0.3079563938194638,desktop,0,0,83.92017336651718,9,0,1,1
Japan,0.05,0.24571063787283529,desktop,1,0,71.02944014736465,10,1,1,0
United Kingdom,0.06,0.2535493343336372,mobile,0,0,76.86737189140601,11,0,1,0
United States,0.05,0.08346806429074378,desktop,0,0,117.00236301079185,15,0,0,1
Canada,0.05,0.13460752569215542,desktop,0,0,74.06226855657044,6,0,1,0
United Kingdom,0.06,0.19103603720177256,desktop,0,0,83.30046012465806,13,0,1,0
Germany,0.05,0.028594291159952306,desktop,1,0,128.86641112540894,10,0,0,1
Nigeria,0.55,0.18427902908589203,mobile,0,1,39.09648390191854,18,0,0,1
Australia,0.06,0.11394363244841998,desktop,0,0,134.0737683148334,14,0,1,0
United Kingdom,0.06,0.35734046618239457,desktop,0,0,30.093340534977912,6,0,1,0
Australia,0.06,0.4740510379241292,mobile,0,0,217.1688188124468,5,1,1,1
Germany,0.05,0.08049665766459635,desktop,0,0,60.600367792271726,9,0,1,0
Indonesia,0.3,0.23794466291243235,desktop,0,0,41.610451845044444,8,0,1,0
United States,0.05,0.0597826589092727,mobile,0,0,69.56757277683381,13,0,1,0
Japan,0.05,0.12400291944673468,desktop,0,0,72.39143481826993,5,0,1,0
Netherlands,0.08,0.17663425481179418,mobile,0,0,95.48917538036332,21,0,1,0
United States,0.05,0.10281389996133843,mobile,0,0,94.41865120689872,20,0,1,0
United Kingdom,0.06,0.13548208188271207,desktop,1,0,78.31536543521754,14,0,0,1
Canada,0.05,0.09349118962803912,desktop,0,0,109.01067907817458,15,0,1,1
Netherlands,0.08,0.06811223762282527,desktop,0,0,92.36262559587223,6,0,1,1
France,0.07,0.5034068304233432,mobile,0,0,162.81181479018696,13,1,1,1
Japan,0.05,0.1732494390434427,desktop,0,0,76.83625017418359,0,0,1,0
Netherlands,0.08,0.28807779044665704,mobile,0,1,58.99788633936555,3,0,1,1
Netherlands,0.08,0.0508794086418918,desktop,0,0,47.99419852843825,12,0,1,0
France,0.07,0.17767039713169705,mobile,1,0,85.60724521961264,2,0,1,0
France,0.07,0.03196066675456644,tablet,0,1,43.61449646275321,22,0,1,0
Japan,0.05,0.38582293667772766,desktop,0,0,323.7567073058027,17,1,1,0
Germany,0.05,0.3056791759971712,desktop,1,0,32.97323677949031,16,0,1,1
Netherlands,0.08,0.04413730433041321,desktop,0,0,75.55362453351988,21,0,1,0
United States,0.05,0.14647691107709945,mobile,0,0,57.14305721853659,10,0,1,0
United Kingdom,0.06,0.1735636757191115,desktop,0,0,89.9154354175994,20,0,1,0
Netherlands,0.08,0.06033944651209962,mobile,0,0,68.1788897267847,1,0,1,0
Canada,0.05,0.1623992829270903,mobile,1,0,70.48114645319393,19,1,1,1
United Kingdom,0.06,0.4398700916521848,tablet,0,0,170.0018322516754,2,0,1,1
United Kingdom,0.06,0.16043598297642384,mobile,0,0,59.500851385696045,2,0,1,0
France,0.07,0.26982737150176045,mobile,0,0,60.44330308236754,17,0,1,0
Netherlands,0.08,0.2160395058287465,desktop,1,0,60.45253839048009,16,0,1,0
United States,0.05,0.18935537899528548,desktop,0,0,70.54077020131068,7,0,1,0
United States,0.05,0.03328839154936597,mobile,1,0,60.646777556095984,3,0,0,1
France,0.07,0.0715047193260022,mobile,0,0,86.28544381295751,7,0,1,0
Romania,0.4,0.16211371787343723,mobile,1,0,39.669730713452395,11,0,1,0
Germany,0.05,0.12426731850440241,desktop,0,0,43.61053938435327,5,0,1,0
Romania,0.4,0.49567799742546914,desktop,1,0,321.44622330830504,22,1,0,1
Vietnam,0.35,0.27311405441321346,desktop,0,0,63.31041796713455,21,0,1,0
Germany,0.05,0.06868189261513556,desktop,0,0,51.66885003908896,9,0,1,0
Netherlands,0.08,0.4265426552725906,desktop,0,0,187.27102091632122,7,0,1,0
Japan,0.05,0.2800573109159986,desktop,0,0,96.39789140463692,4,0,0,1
France,0.07,0.01813593156699774,desktop,0,0,92.23661168830407,4,0,1,0
Canada,0.05,0.1676045268933356,desktop,0,0,56.7202003712397,2,0,1,1
Netherlands,0.08,0.4439133690492388,desktop,0,0,206.77387457457002,8,1,1,1
Netherlands,0.08,0.05436670183688039,tablet,0,0,65.57488637156807,21,0,1,0
Japan,0.05,0.14170753043893816,mobile,0,0,82.18584874980058,17,0,1,0
Pakistan,0.45,0.44004212749212207,desktop,0,1,181.15729106752985,1,0,0,1
France,0.07,0.2731004217034005,mobile,0,0,53.466004737016604,9,0,1,0
Netherlands,0.08,0.11365202125563978,desktop,0,1,61.66206355893303,7,0,1,1
Netherlands,0.08,0.08778080430174241,tablet,0,1,67.16448050895782,18,0,0,1
United Kingdom,0.06,0.4863140081622569,mobile,0,0,337.79569259437585,12,1,0,1
United States,0.05,0.02334549202320482,desktop,1,1,69.2638968779921,16,0,1,1
Canada,0.05,0.3598586692374409,desktop,0,1,234.63897516025241,1,0,1,0
Netherlands,0.08,0.15174018840741763,tablet,0,0,67.07249727290939,8,0,1,0
Germany,0.05,0.2843822154199576,tablet,0,0,40.89054603499556,8,0,1,1
Japan,0.05,0.2334510568390676,desktop,0,0,83.33978801541133,21,0,1,0
United States,0.05,0.17512806724890598,mobile,0,0,106.32703806196851,18,0,1,0
Canada,0.05,0.14827192114807397,desktop,0,0,87.03257492849086,1,0,1,0
Australia,0.06,0.3924969898058711,mobile,0,0,119.7448320876286,3,1,0,1
United Kingdom,0.06,0.39523563655309946,desktop,0,0,205.75895960427408,17,1,1,1
Vietnam,0.35,0.0452120406154525,desktop,1,0,66.70193360234165,8,1,1,1
United Kingdom,0.06,0.382523282736115,desktop,1,0,141.91781892206623,12,0,1,1
Brazil,0.2,0.18006297986902384,mobile,1,0,99.55082827283935,9,0,1,1
United Kingdom,0.06,0.20805822449123107,desktop,0,1,64.540709587266,7,0,0,1
Pakistan,0.45,0.21841639834077747,mobile,0,0,110.0827641792987,3,0,1,0
Australia,0.06,0.1575439224322001,tablet,1,0,61.16569825994384,9,0,1,0
United States,0.05,0.1533132560510363,desktop,0,0,72.33296979756693,19,0,1,0
United States,0.05,0.01875527685083586,mobile,0,0,114.11614015216126,14,0,0,0
United States,0.05,0.34845536757635426,mobile,0,0,117.63254274695392,4,0,1,0
Australia,0.06,0.10053924810270287,mobile,0,0,98.93154975913052,6,0,1,0
Netherlands,0.08,0.26801535220509676,desktop,0,0,38.28663441263531,17,0,1,0
Canada,0.05,0.1417146147039577,desktop,0,0,47.135989878372776,14,0,1,0
France,0.07,0.028684659443289417,tablet,0,0,94.19757836201278,23,0,1,0
Australia,0.06,0.3193953393795946,mobile,0,0,57.71698545692013,12,0,1,0
France,0.07,0.26148210435485075,mobile,0,1,75.62698439589872,22,0,1,1
Japan,0.05,0.11242676788506106,desktop,0,0,79.24939622378693,18,0,1,0
France,0.07,0.2052942714154096,desktop,0,0,80.61307212178717,20,0,1,1
Japan,0.05,0.5316665454402736,desktop,0,0,186.35082969260856,4,0,1,1
Pakistan,0.45,0.047470581712031674,mobile,1,0,105.4250083938796,9,0,1,1
Canada,0.05,0.24904426027221405,mobile,0,1,61.340603986598936,8,0,1,0
United States,0.05,0.06486546189403009,desktop,0,0,90.59978225538411,2,0,0,1
United Kingdom,0.06,0.011862298397002818,desktop,0,0,68.54484330648292,12,0,1,0
Australia,0.06,0.08673374425824606,desktop,0,0,144.35840518012122,1,0,1,0
Canada,0.05,0.0736066986465717,desktop,0,0,122.36101413273468,17,0,1,0
Russia,0.6,0.3701438791505688,desktop,0,0,155.40916015292814,6,0,0,1
Australia,0.06,0.11233373278757731,desktop,0,0,131.43046708111265,8,0,1,0
France,0.07,0.15080644614996078,mobile,0,0,70.3157959109345,5,0,0,1
Netherlands,0.08,0.1492002509572023,desktop,0,0,61.13711970855212,7,0,1,0
Germany,0.05,0.1728991532924611,mobile,0,0,49.53111556819319,11,0,1,0
Netherlands,0.08,0.3346070197378928,tablet,0,0,80.89722942324855,21,0,1,0
United States,0.05,0.04551808022095177,desktop,0,0,74.3304788495377,3,0,1,0
Australia,0.06,0.2943930924373088,mobile,0,0,72.59853050558876,2,0,1,0
India,0.18,0.2853838465081767,desktop,1,0,55.13703970056347,7,0,1,0
Netherlands,0.08,0.31979250591206676,desktop,1,0,83.6253292825438,17,0,0,1
Netherlands,0.08,0.29792936651047003,desktop,0,0,64.47926143750233,18,0,0,1
Canada,0.05,0.033524312427048696,desktop,0,0,62.24724032178155,19,0,1,0
Netherlands,0.08,0.24628032151778656,mobile,0,0,78.05086888949077,16,0,1,0
Australia,0.06,0.29550721586050943,mobile,0,0,71.71826331523772,6,0,0,0
Australia,0.06,0.22248813449903063,mobile,0,0,44.738614338783194,15,0,0,1
United States,0.05,0.019748966608131403,mobile,0,0,55.941177004469424,10,0,1,0
United Kingdom,0.06,0.055399672525334176,mobile,0,0,88.80236978922258,16,0,1,0
Australia,0.06,0.09985887881001795,mobile,0,0,72.47881490329486,12,0,1,0
United States,0.05,0.5058699212626776,mobile,0,0,339.2749379009964,22,1,1,1
Japan,0.05,0.36749248621762814,mobile,0,0,94.12092728449582,18,0,1,1
Netherlands,0.08,0.280527894696984,desktop,0,0,72.43547447677298,23,0,1,1
India,0.18,0.17369429571065179,desktop,0,0,50.825229891614825,20,1,1,0
United States,0.05,0.32882001291894813,desktop,0,0,58.31605603685302,11,0,1,0
Russia,0.6,0.3131093436047785,desktop,1,0,78.08739645347607,9,0,1,1
United States,0.05,0.24926779305400207,mobile,0,0,34.021094870184406,6,0,1,0
France,0.07,0.4669443942618391,tablet,0,0,616.7514103061841,8,0,1,1
Netherlands,0.08,0.32294531612220573,tablet,0,0,104.10065563025094,4,0,1,0
United States,0.05,0.34914357960366615,desktop,0,0,100.65505563538706,8,1,0,1
United States,0.05,0.16201464087653594,desktop,0,0,110.38631723480445,21,0,1,0
United States,0.05,0.5712759807758341,desktop,0,0,96.91577113191828,4,1,0,1
France,0.07,0.5800750516975619,mobile,0,0,560.4119093814944,21,0,1,0
Netherlands,0.08,0.11677584849497502,mobile,1,0,81.06969450729012,1,0,1,0
United Kingdom,0.06,0.01843884322566085,mobile,0,0,55.01711592735329,3,0,1,0
United Kingdom,0.06,0.3351912599398933,tablet,0,0,86.78025973792937,21,0,1,0
Australia,0.06,0.2751352837572749,desktop,0,0,85.86230748800976,12,0,1,0
Germany,0.05,0.06317475928536352,desktop,0,1,126.36553198715279,7,1,1,0
Japan,0.05,0.03681921202403473,mobile,0,0,112.05735051574884,4,0,1,0
Russia,0.6,0.1789903944091485,desktop,0,1,57.875744067186375,0,0,1,0
Netherlands,0.08,0.1219158155675836,desktop,0,0,83.03275728681166,4,0,1,0
Nigeria,0.55,0.18712544842979612,desktop,0,0,82.72201164614584,3,0,0,1
France,0.07,0.3443762451755652,mobile,0,0,80.47581686229678,16,0,1,1
Netherlands,0.08,0.019180005651127322,tablet,0,0,66.24135478762055,22,0,1,0
United Kingdom,0.06,0.010773786759447495,desktop,0,0,136.20198168323995,6,0,1,0
United States,0.05,0.1538703053220812,desktop,0,0,59.25854338183962,1,0,1,1
Japan,0.05,0.10176036048038802,tablet,0,0,132.05719909652257,23,0,1,0
United States,0.05,0.2783667773483916,desktop,0,0,44.76013311337808,16,1,1,0
Vietnam,0.35,0.058475568393595315,mobile,0,0,64.48955078576492,9,0,1,0
Japan,0.05,0.23324229247626896,tablet,0,0,96.31268636284989,18,0,1,0
Romania,0.4,0.2298247627251141,desktop,0,0,50.98385079999687,16,0,0,1
Germany,0.05,0.33559983897018386,desktop,0,0,56.98283491953571,17,0,0,1
France,0.07,0.3673703215422351,desktop,0,0,88.87546374043202,4,0,1,0
Japan,0.05,0.07585217703757224,desktop,1,0,40.248229939522055,8,0,1,0
Germany,0.05,0.19181360233921907,desktop,0,0,108.49177719672873,12,0,1,0
France,0.07,0.06600674092166317,desktop,0,0,123.65514849847591,15,0,1,0
Japan,0.05,0.16261674852841343,desktop,0,0,125.52657633723013,13,0,1,0
Indonesia,0.3,0.12190764238841117,mobile,1,0,82.59388497653052,6,0,1,1
Japan,0.05,0.27556031803280984,desktop,0,0,63.45124400715921,8,0,1,0
United Kingdom,0.06,0.1483203533012603,desktop,0,0,64.91956051736328,9,0,1,0
France,0.07,0.15545328647449147,desktop,0,0,81.49766135800996,1,0,1,0
Australia,0.06,0.3195079873738774,mobile,0,1,77.11938409931318,19,0,1,0
United Kingdom,0.06,0.06987492207103395,desktop,0,1,64.51661242525418,15,0,0,0
Canada,0.05,0.16610726186271538,desktop,0,0,128.3016371773281,14,1,0,1
Germany,0.05,0.5843983648388971,tablet,0,1,261.25467726007525,18,1,1,1
United Kingdom,0.06,0.2787574170809774,mobile,0,0,121.88147422818125,11,0,1,0
France,0.07,0.23591074579505844,mobile,1,0,76.32293871642865,14,0,0,1
United Kingdom,0.06,0.06848550923793417,mobile,0,0,74.68388332309151,16,0,1,0
Australia,0.06,0.2373990675591323,desktop,0,0,88.35082598790582,15,0,1,0
United Kingdom,0.06,0.18002346779861939,desktop,1,0,87.95025148209406,17,0,1,0
Japan,0.05,0.1575799240578738,desktop,0,0,70.063677905078,1,1,1,1
United Kingdom,0.06,0.16175644475796241,mobile,0,0,89.80490161854983,22,0,1,0
Vietnam,0.35,0.08946031477962957,tablet,0,0,93.75118773590346,12,0,1,0
United States,0.05,0.3807469137684439,mobile,0,0,237.03495728277906,18,1,1,1
France,0.07,0.1205897076822188,desktop,0,0,75.5626438533693,0,0,1,0
Germany,0.05,0.01765343409926373,mobile,0,0,56.07598597377755,11,0,1,0
Germany,0.05,0.3246094187797994,mobile,0,0,58.13856216894646,10,0,1,0
France,0.07,0.23926192759813755,desktop,0,0,168.80979376329913,5,0,1,1
Netherlands,0.08,0.35529643165391095,desktop,0,0,38.17113225929777,21,0,1,0
Brazil,0.2,0.6191948357244313,desktop,0,0,261.8703413591563,11,0,1,1
Germany,0.05,0.11407477139063145,desktop,0,0,74.3726363885823,21,0,1,0
United Kingdom,0.06,0.01781651038011712,mobile,0,1,59.4242701845656,10,0,1,0
Japan,0.05,0.37667970171777565,desktop,0,0,222.22751776126398,14,0,1,0
Australia,0.06,0.11943508600699809,mobile,0,0,95.20132992315426,14,0,1,0
United Kingdom,0.06,0.07322536246822199,desktop,0,0,61.12201838551791,15,0,1,0
Japan,0.05,0.22465410089440266,desktop,0,0,124.74976223049805,15,0,1,0
France,0.07,0.20829125517964095,mobile,0,0,50.09067142851716,19,0,1,0
Japan,0.05,0.10524084914845849,mobile,0,0,56.937953772314664,5,0,0,1
Canada,0.05,0.45218269487002866,mobile,1,0,331.935434423918,17,1,1,0
France,0.07,0.42629991394848765,mobile,0,0,154.40706614831404,19,1,1,0
United Kingdom,0.06,0.17379222557814777,mobile,0,0,83.21317275207844,19,0,1,0
Japan,0.05,0.19616869105193682,desktop,0,0,127.59825080834692,9,0,1,0
United Kingdom,0.06,0.1583618893680102,mobile,0,0,29.67378027634238,10,0,1,0
Netherlands,0.08,0.1822715777613839,desktop,0,0,65.48425303892724,18,0,1,0
Netherlands,0.08,0.17776674903841305,mobile,0,0,102.68337655835663,12,0,1,0
Japan,0.05,0.04783939482699952,mobile,0,1,67.052965228821,0,0,1,0
United States,0.05,0.15883178761319408,desktop,0,0,75.24559456022179,18,0,0,1
Germany,0.05,0.3031917750888,desktop,0,0,78.71316328612741,18,0,1,0
France,0.07,0.06029367987347203,mobile,0,0,82.22486163381927,12,0,1,0
Australia,0.06,0.01644569526090368,desktop,0,0,55.58677631882156,13,0,1,0
India,0.18,0.18403605227138817,mobile,0,0,96.36891684590934,12,0,1,0
Canada,0.05,0.017368648140892715,mobile,0,0,80.58005984324076,10,0,1,0
Nigeria,0.55,0.24682095008440885,desktop,1,0,49.34669430331638,16,0,1,0
United Kingdom,0.06,0.17526964214754556,mobile,0,0,62.61602099360855,3,0,1,0
Canada,0.05,0.1765537967332194,mobile,0,0,44.943055833707426,6,0,1,0
United States,0.05,0.1648423176929266,desktop,0,0,79.42752482236229,21,0,1,0
Japan,0.05,0.005940136633144884,desktop,0,0,87.50781127721686,19,0,1,0
United Kingdom,0.06,0.17529515800737144,mobile,0,0,79.38052779585566,1,0,1,0
Germany,0.05,0.050424783140299655,mobile,0,0,89.33913525119772,4,0,1,1
Netherlands,0.08,0.20280373505391475,mobile,0,0,77.22447227259768,2,0,1,0
France,0.07,0.19049309679750956,mobile,0,0,96.22989988796095,22,0,1,0
United States,0.05,0.1362286239609307,mobile,0,0,70.47326581825114,20,0,1,0
United States,0.05,0.13174189617381876,desktop,0,0,94.21989579710693,13,0,1,0
France,0.07,0.2573927267749242,desktop,0,0,46.99044346057342,16,0,1,0
Germany,0.05,0.42063972521348375,mobile,0,0,89.18666419511352,14,1,1,0
United Kingdom,0.06,0.2823568540197354,desktop,0,0,75.96822761548279,20,0,1,0
Australia,0.06,0.2339298054450283,tablet,0,0,93.64976435770575,22,0,1,0
Germany,0.05,0.030716551763331507,desktop,0,0,66.89546848630721,23,0,0,1
Australia,0.06,0.1309109399994051,desktop,0,0,92.14273588449328,8,0,1,0
Canada,0.05,0.2996180670431355,mobile,0,0,82.14261914220693,8,0,1,1
United Kingdom,0.06,0.0667776958114037,desktop,0,0,35.97790730307685,2,0,1,0
United Kingdom,0.06,0.12289083633607494,desktop,0,0,166.19823159342218,19,0,1,0
Germany,0.05,0.41166247294266856,tablet,0,0,228.97508451136258,10,0,1,0
United States,0.05,0.16966828524106184,mobile,0,1,52.94977540691159,0,0,1,0
Germany,0.05,0.4889437188365426,desktop,1,0,438.34383143712245,19,1,1,1
Vietnam,0.35,0.5578223631425226,desktop,0,0,302.36732435492036,21,0,1,0
Netherlands,0.08,0.3220259025597771,mobile,0,0,56.33226252307029,20,0,1,0
Canada,0.05,0.06030270918013828,desktop,0,0,62.529479365310166,15,0,1,0
Australia,0.06,0.4368678127329484,desktop,0,0,268.58864805970376,20,1,1,1
Australia,0.06,0.04077047239535193,desktop,0,0,55.69530720346924,21,0,1,0
Netherlands,0.08,0.23972101298068663,mobile,0,0,97.1499067406651,13,0,1,0
Germany,0.05,0.1537725144019133,desktop,0,1,61.908470970746784,13,0,1,1
Germany,0.05,0.15097409198570538,mobile,0,0,50.70611007922812,7,0,1,0
Germany,0.05,0.2551785511566112,desktop,1,1,56.486205657004334,15,0,1,0
United States,0.05,0.05839343206828338,mobile,0,0,69.79967338458567,23,0,1,0
Germany,0.05,0.34850257773115356,desktop,1,0,56.70258917282617,22,0,1,1
Nigeria,0.55,0.09049220501132348,desktop,1,1,66.16848409145594,20,0,0,1
Brazil,0.2,0.20011480686616764,mobile,0,0,83.24946632328073,7,0,1,0
United Kingdom,0.06,0.034077856563312164,desktop,0,0,62.28455593257745,18,0,1,0
France,0.07,0.09965217934353734,mobile,0,0,54.548884313735584,8,0,1,0
Canada,0.05,0.057313100836069546,mobile,0,0,57.749625236998796,0,0,1,1
France,0.07,0.08775409658785678,desktop,0,1,119.97071010488054,20,0,1,0
Australia,0.06,0.13613343835123837,mobile,0,0,157.78449446004547,7,0,1,0
United States,0.05,0.09515501230057513,tablet,0,0,74.89892984694272,23,0,1,0
Netherlands,0.08,0.18663101395109064,desktop,0,1,94.98450455233461,13,0,1,0
Indonesia,0.3,0.01347913612155813,desktop,0,0,53.039404744777,16,0,1,0
Japan,0.05,0.21750082958669142,mobile,0,0,59.94596877713687,13,1,1,0
Japan,0.05,0.08106893796219689,desktop,0,0,86.2700495025118,10,0,1,0
France,0.07,0.35995782816805266,mobile,0,0,32.224512630303906,21,0,0,1
Canada,0.05,0.11646163393932266,desktop,0,0,96.58447756028917,2,0,1,1
United Kingdom,0.06,0.2234934188310235,mobile,0,0,60.485175996059716,3,0,1,0
Australia,0.06,0.05219380735700945,desktop,0,0,50.53889280911583,14,0,1,0
United States,0.05,0.2768957912254485,desktop,0,1,84.42473984530406,23,0,1,0
Netherlands,0.08,0.10563248400824601,mobile,0,0,122.10154019863492,19,0,1,0
Canada,0.05,0.1646512002311751,desktop,0,0,66.05214927162673,16,0,1,1
Canada,0.05,0.22251567535274086,desktop,0,0,81.63422876704723,2,0,1,1
Canada,0.05,0.4152238001354954,mobile,0,0,276.7774912647541,1,1,1,1
Indonesia,0.3,0.10624929740553848,desktop,1,0,80.15812535733524,6,0,0,1
United Kingdom,0.06,0.0764411428665698,desktop,0,1,51.99548018869579,17,0,1,0
United Kingdom,0.06,0.17500010348802966,mobile,0,0,79.69702198304124,2,0,1,0
United Kingdom,0.06,0.08311433176274122,tablet,0,0,78.60674687278292,8,0,1,0
Japan,0.05,0.35524349127463695,desktop,0,0,28.349403045943912,8,0,1,0
Pakistan,0.45,0.028209162635482003,mobile,0,0,99.49929088832334,3,0,1,0
Germany,0.05,0.20792167079409585,mobile,0,0,43.54173983673604,13,0,1,0
Brazil,0.2,0.2058111926543757,desktop,1,0,77.0832088151155,5,0,1,0
Germany,0.05,0.2242775970334586,mobile,0,0,125.36326743745397,3,0,1,0
Australia,0.06,0.16234931513088113,desktop,0,0,67.67135774398837,10,0,1,0
United States,0.05,0.07763755453815177,mobile,0,0,51.103885461234555,11,0,1,0
France,0.07,0.10510257755253664,mobile,0,0,89.63108602402436,4,0,1,1
Japan,0.05,0.04319626226321068,desktop,0,0,120.3812509232495,0,0,1,0
France,0.07,0.17400329464465678,desktop,0,0,49.99825181353386,1,0,1,0
Germany,0.05,0.09656946096921125,desktop,0,0,32.26988527189749,19,0,1,0
Netherlands,0.08,0.1845447755506744,desktop,0,0,111.49005917390731,19,0,1,1
Indonesia,0.3,0.11353516265195049,tablet,1,0,99.38132467822211,16,0,1,1
France,0.07,0.10836198160795174,mobile,0,0,84.32770483107888,6,0,1,0
Australia,0.06,0.27711073790121343,mobile,0,0,39.25436871480135,15,0,1,0
Netherlands,0.08,0.039310979504995194,desktop,0,0,90.84789602161729,22,0,1,0
Germany,0.05,0.22723856243052418,desktop,0,0,105.8204982174238,20,0,1,0
Netherlands,0.08,0.3445611366628376,mobile,0,0,156.7635734047841,17,0,1,1
Germany,0.05,0.051401942320978236,desktop,0,0,66.78594117615314,3,0,1,0
Netherlands,0.08,0.1104050301790748,desktop,0,1,77.91882296872588,10,0,1,0
United Kingdom,0.06,0.16007309956311255,desktop,0,0,34.69398631016363,23,0,1,0
Germany,0.05,0.6595604196167472,tablet,0,0,184.36841344244624,18,0,1,1
France,0.07,0.01712468114074238,mobile,0,0,102.56242252392492,1,0,1,0
France,0.07,0.015298357103912568,desktop,1,1,84.8891641575627,21,0,1,0
Netherlands,0.08,0.4277862850949182,tablet,0,0,212.52582110747713,10,1,0,1
Pakistan,0.45,0.19309383895020013,mobile,0,0,56.057518551002914,3,0,1,0
United States,0.05,0.05207473880410206,mobile,0,0,68.28235564783415,0,0,1,0
Germany,0.05,0.10615846794961979,desktop,0,1,69.22220189753932,9,0,0,1
Canada,0.05,0.32732140308341473,desktop,1,0,108.2803241346089,22,0,1,0
France,0.07,0.045584946340417584,desktop,0,0,109.13414928443257,14,0,1,0
France,0.07,0.15637339129824315,mobile,0,0,82.36797101912998,11,0,1,0
Netherlands,0.08,0.09201177701244173,mobile,0,0,80.87105901084009,12,0,1,1
Netherlands,0.08,0.05765982198878948,desktop,0,0,89.37348200122752,6,0,1,0
United States,0.05,0.07778371467433479,desktop,0,0,65.51145971807406,0,0,1,0
France,0.07,0.24516723211009295,desktop,0,0,118.69928476798607,10,0,1,0
Australia,0.06,0.1299898503445991,mobile,0,0,62.91741934716688,4,0,1,0
France,0.07,0.2909608942655569,desktop,0,0,85.65627119736293,22,0,1,0
United Kingdom,0.06,0.3280908548349849,mobile,0,0,59.81779845746677,6,0,1,1
Canada,0.05,0.23339479785078476,tablet,0,0,102.6566873273395,5,0,0,1
Canada,0.05,0.20648973274120352,mobile,0,0,71.17494262865237,10,0,1,0
United Kingdom,0.06,0.2163252827053963,desktop,0,0,151.9114186116196,8,0,1,0
Japan,0.05,0.08866078869710796,mobile,0,0,70.50901394592022,14,1,1,0
Germany,0.05,0.4962288006182256,mobile,0,0,238.5449938265245,0,1,0,1
Australia,0.06,0.21479291469646805,mobile,0,0,59.10567479211283,23,0,1,0
France,0.07,0.20040428963544493,desktop,0,0,66.18583065164785,5,1,0,1
Nigeria,0.55,0.12003789661652127,desktop,0,0,72.6231059930926,15,0,1,0
United Kingdom,0.06,0.44911295049331634,desktop,0,0,191.7859710010208,21,1,1,0
United Kingdom,0.06,0.13468955115132591,desktop,0,0,56.75383886709746,1,0,1,0
Germany,0.05,0.3244941573471094,mobile,0,0,60.353612873540264,11,0,1,0
Canada,0.05,0.27101341697140574,desktop,0,0,76.03914440787663,14,0,1,1
Germany,0.05,0.2518814435484177,mobile,0,0,84.73630204688278,2,0,1,0
Netherlands,0.08,0.09775139946582827,mobile,0,0,72.76931579729539,15,0,1,0
Germany,0.05,0.022024125117466258,desktop,0,0,69.21396850959945,19,0,1,0
United States,0.05,0.3320662592857709,desktop,0,0,46.31281857942696,3,0,1,0
Canada,0.05,0.5904566501544607,desktop,0,1,163.33885740230892,20,1,0,1
Netherlands,0.08,0.11132685547611623,desktop,0,0,98.98834469193902,11,0,1,0
Netherlands,0.08,0.10138942021214371,tablet,0,0,103.17413244798271,23,0,1,0
Japan,0.05,0.22917092700333588,desktop,0,0,77.67603161259206,6,0,1,0
Australia,0.06,0.22807978297282688,desktop,0,0,59.67022016400172,1,0,1,0
Japan,0.05,0.4196750399431381,desktop,0,0,248.01145191718723,15,1,1,0
Japan,0.05,0.06569979215368738,mobile,0,0,77.78915182913661,10,0,1,0
Germany,0.05,0.11575016451636325,mobile,0,1,73.21748277191888,15,0,1,0
Australia,0.06,0.13892892681009836,tablet,0,0,54.82727212255318,21,1,1,0
Netherlands,0.08,0.0199812400657571,desktop,0,0,40.901992846028236,20,0,1,1
Germany,0.05,0.031653958079059165,desktop,0,0,60.67532187778016,2,0,1,0
Japan,0.05,0.10701147411837057,mobile,0,0,66.89246413626536,1,0,1,0
France,0.07,0.3662048229755806,desktop,0,1,82.12176898887942,8,0,1,0
France,0.07,0.13646479384782242,desktop,1,0,63.854737123930306,3,0,1,0
United States,0.05,0.3517497638706894,tablet,0,0,67.48969911604782,21,0,1,0
Japan,0.05,0.20713492034977207,mobile,0,0,76.63589864373829,13,0,1,1
Netherlands,0.08,0.3526784939658591,desktop,0,0,127.52755765610621,2,0,1,0
United Kingdom,0.06,0.0014840883826291763,tablet,0,0,69.53088461684722,13,0,1,0
Canada,0.05,0.048965047138564526,desktop,1,0,42.86105478767407,17,0,1,1
United States,0.05,0.3195511229398756,desktop,0,0,57.99855110791826,18,0,1,0
United States,0.05,0.18320670502353426,desktop,0,0,138.76711963809544,22,0,1,0
Pakistan,0.45,0.25303028370553365,desktop,0,0,121.74691388715608,14,0,1,0
France,0.07,0.197632087851548,desktop,0,0,102.39734554958689,14,0,1,0
Canada,0.05,0.2536472247151601,mobile,0,0,94.2106666335879,1,0,1,0
Germany,0.05,0.28596018078805274,tablet,0,0,94.5885629091819,21,1,0,1
Indonesia,0.3,0.22649784068743944,mobile,0,0,67.78636066952042,18,0,1,1
Germany,0.05,0.06551188798856378,tablet,0,0,99.83850460747169,19,0,1,0
Japan,0.05,0.03478413514313744,desktop,1,0,101.20764301493826,23,0,1,0
Germany,0.05,0.03831318818227153,desktop,0,0,99.04389979970144,19,0,1,0
United States,0.05,0.3132024057190922,desktop,0,0,59.768540063711825,10,0,0,0
Japan,0.05,0.3420098959403701,desktop,0,0,65.78232250388315,15,0,0,1
United States,0.05,0.3462324365918623,desktop,0,0,58.87302990668889,21,0,1,0
Japan,0.05,0.08484960941466638,desktop,0,0,104.4729779927947,1,0,1,0
Germany,0.05,0.31230553545363726,tablet,0,0,81.948915180804,3,0,1,0
Japan,0.05,0.594112160813432,desktop,0,0,182.88077766628814,9,1,0,1
Netherlands,0.08,0.43616908707048097,mobile,0,0,328.9879406527182,15,1,1,0
Japan,0.05,0.07817252283801997,desktop,0,0,44.9607994234347,20,0,1,0
United States,0.05,0.10375675953439216,desktop,1,0,100.3486696067388,7,0,1,0
Japan,0.05,0.10769519687959034,mobile,0,1,60.98899650557874,4,0,1,1
Pakistan,0.45,0.048280532124877824,desktop,0,0,62.96085983373179,4,0,1,0
Germany,0.05,0.15956674267739365,desktop,1,0,55.00906232193162,7,0,0,1
Germany,0.05,0.12514546911925148,mobile,0,0,75.79271696322184,1,0,1,0
Netherlands,0.08,0.09847618113127714,mobile,0,0,71.99607416718406,12,0,1,0
United Kingdom,0.06,0.7169106213599589,desktop,0,1,142.46565453989075,20,1,1,1
Japan,0.05,0.1775556734218335,desktop,0,0,39.40182442752616,10,0,1,0
Japan,0.05,0.5343547827820985,desktop,0,0,183.57558449790952,11,0,0,1
United States,0.05,0.12094017713622729,desktop,0,0,97.9920498026047,19,0,1,0
Australia,0.06,0.21042962308039295,mobile,0,0,94.737713155558,0,0,1,0
Australia,0.06,0.26791329782227397,desktop,0,1,104.60807281520864,23,0,1,0
Germany,0.05,0.15762200889741843,desktop,0,0,68.77099164244912,4,0,1,0
Nigeria,0.55,0.09013582470239918,mobile,1,0,65.11853315723346,2,0,1,1
United Kingdom,0.06,0.07443622870510563,mobile,0,0,70.89008125480404,14,0,1,0
Canada,0.05,0.0699495018105383,desktop,0,0,97.66746436385668,0,0,0,1
Netherlands,0.08,0.47542223386141197,mobile,0,1,358.07403358891787,10,1,0,1
United Kingdom,0.06,0.08903941339462539,mobile,0,0,62.73212985372434,18,0,1,0
Netherlands,0.08,0.48046780848803183,desktop,0,0,319.0190802259358,16,1,1,1
United States,0.05,0.27289889167425213,desktop,0,0,74.50139350102656,1,0,1,0
France,0.07,0.25154402687030925,mobile,0,1,67.16553113339481,17,0,1,0
United States,0.05,0.08454485921196589,desktop,0,0,60.144988700449666,5,0,1,0
Japan,0.05,0.11050779345222562,desktop,0,1,70.52873783153971,4,0,1,0
Netherlands,0.08,0.12458517619531911,mobile,0,0,55.88334527281518,8,0,1,0
Netherlands,0.08,0.2755324803203082,desktop,0,0,95.00690321639698,10,0,1,0
Indonesia,0.3,0.28355080016866674,desktop,0,0,123.45140701714209,7,0,0,1
Japan,0.05,0.4476394309832477,desktop,1,0,293.83240690329256,12,0,1,0
Netherlands,0.08,0.08625501709695939,desktop,0,0,131.90398257636932,15,0,1,0
France,0.07,0.21217244816814,mobile,0,0,70.96756057862913,1,0,0,1
Brazil,0.2,0.37683838070037257,desktop,1,0,122.05696179693383,6,1,1,1
Australia,0.06,0.05037936097720083,desktop,1,0,93.71132584522316,7,1,1,1
Nigeria,0.55,0.057435491602068796,mobile,0,0,53.331600862452454,14,0,1,0
Germany,0.05,0.08255398086242705,mobile,0,0,91.68704153714435,6,0,1,1
France,0.07,0.15637471302807746,desktop,1,0,80.54955850241564,16,0,0,0
Japan,0.05,0.20401649645964814,desktop,0,0,63.98919617931069,17,0,1,0
United Kingdom,0.06,0.05888214756433384,desktop,0,0,61.66462253173049,0,0,1,0
United Kingdom,0.06,0.3399848153244821,tablet,0,0,54.30025056787687,15,0,1,0
Indonesia,0.3,0.0863363802695783,desktop,1,0,105.74789474826396,8,0,0,1
Canada,0.05,0.2944027980670815,desktop,0,0,68.17279122614202,7,0,1,0
United Kingdom,0.06,0.07987452994341136,mobile,0,1,82.18120110283633,1,0,1,0
Canada,0.05,0.23055416682222943,mobile,0,0,73.41648827691519,11,0,1,0
Canada,0.05,0.353221730406555,tablet,0,0,68.42663732539381,18,0,0,1
Australia,0.06,0.3573773628412611,desktop,0,0,82.6187115675357,3,0,1,0
India,0.18,0.37649854241668573,tablet,0,0,145.28996389825392,1,1,1,1
Pakistan,0.45,0.0595962740501802,desktop,0,1,77.36070711376772,3,1,0,1
Australia,0.06,0.05143921336153799,mobile,1,0,68.98484609516242,20,0,1,1
Japan,0.05,0.19162759169464816,desktop,1,0,50.38378445460098,4,0,1,0
Germany,0.05,0.11271443589441812,tablet,0,1,59.666347998180534,20,0,1,0
Netherlands,0.08,0.2000060409029811,mobile,1,0,66.21255230528298,4,0,1,1
Germany,0.05,0.08436499068404693,mobile,0,0,74.11497289109262,12,0,1,0
United States,0.05,0.0834576255806316,mobile,0,0,40.09762204645072,10,0,1,0
Indonesia,0.3,0.0977300220785347,desktop,1,0,91.54335730660299,22,0,1,1
Netherlands,0.08,0.1668009839163187,desktop,1,0,82.46555880576773,6,1,1,1
Germany,0.05,0.24497612350490658,desktop,0,0,60.118576723418826,8,0,1,0
Japan,0.05,0.04853673490319362,mobile,0,0,53.479687832085126,10,0,1,0
France,0.07,0.2394664982440584,desktop,0,0,57.95558558409988,7,0,1,0
Germany,0.05,0.24578890079662652,desktop,0,0,46.37269843698254,4,0,1,0
Germany,0.05,0.23200702736137827,desktop,0,0,65.44664552067948,2,0,1,1
United Kingdom,0.06,0.12634008717244946,mobile,0,0,69.21221892891913,14,0,1,1
Australia,0.06,0.27167143218681766,desktop,0,0,101.6425913128241,17,0,1,0
France,0.07,0.4367725248624355,desktop,0,0,341.58670871406133,4,1,0,1
France,0.07,0.19003341657873052,desktop,0,0,114.03352507774764,10,1,1,0
United Kingdom,0.06,0.07394212267461125,desktop,1,0,76.65204619100001,16,0,1,0
Russia,0.6,0.16312265061014147,desktop,0,0,53.576488414686914,23,0,1,1
Australia,0.06,0.39691037376388183,desktop,1,0,308.06652809598506,3,0,0,1
Vietnam,0.35,0.4570032399269862,mobile,0,0,410.1278745950189,20,1,1,1
United Kingdom,0.06,0.31013483976252915,desktop,0,0,42.90704000531048,9,0,0,1
Australia,0.06,0.2683685465763404,tablet,0,0,79.60682951111774,12,0,1,0
Netherlands,0.08,0.28265341049620896,desktop,0,0,42.24776347306214,1,0,1,0
Canada,0.05,0.2952380314852331,desktop,0,0,71.54871915623936,10,0,1,0
United Kingdom,0.06,0.3466761430057477,tablet,0,0,62.405026319638964,6,0,1,0
Germany,0.05,0.06364066215821891,mobile,0,1,88.52558459253625,5,0,1,0
Germany,0.05,0.19039353324045843,desktop,0,0,102.89794858027904,20,0,1,0
France,0.07,0.052432503862397166,desktop,0,0,65.78099582752496,3,0,1,0
Germany,0.05,0.3094445931857017,desktop,0,1,64.15807901523831,5,0,1,0
Germany,0.05,0.1645009653910138,mobile,0,0,96.09637915162496,5,0,1,0
Australia,0.06,0.14077579083567604,desktop,0,0,56.35274431643046,18,0,1,0
United States,0.05,0.42663106882691443,desktop,0,0,314.86501324089386,13,1,1,1
Canada,0.05,0.21372860195684892,desktop,0,0,89.07888148648608,10,0,1,0
Japan,0.05,0.13461614235505992,desktop,0,0,55.88471267370384,3,0,1,0
United Kingdom,0.06,0.16457037114559508,mobile,0,0,66.33878648579113,9,0,0,1
Germany,0.05,0.01277662312373133,desktop,0,0,76.34912585242738,21,0,1,0
United Kingdom,0.06,0.42121276805305047,tablet,0,0,332.70689708650315,11,1,0,1
United States,0.05,0.5126249860912859,desktop,0,0,196.95517773434204,23,1,0,1
France,0.07,0.46396316047405506,tablet,0,0,301.27968713762255,1,1,1,1
United States,0.05,0.055437875223961694,mobile,0,0,118.3694864849827,6,0,1,0
Germany,0.05,0.27363046413792863,desktop,0,0,103.54144919785139,3,0,1,0
Pakistan,0.45,0.3285864686255453,desktop,0,0,66.92353125959504,15,0,0,1
Brazil,0.2,0.3246497051037554,desktop,1,0,71.88295796742395,2,1,0,1
United Kingdom,0.06,0.09220836532055744,mobile,0,0,86.55671819479899,9,0,1,0
Germany,0.05,0.18040840693947088,desktop,0,0,87.18608748560723,0,0,1,0
France,0.07,0.1361695484105597,mobile,0,0,119.3844881437558,12,0,1,0
Netherlands,0.08,0.25714286713349366,mobile,0,0,109.50944185078951,4,0,1,0
Netherlands,0.08,0.27692870846159146,desktop,0,0,45.43116544423129,18,0,1,0
United Kingdom,0.06,0.10164933288279863,mobile,0,0,42.17098410149784,11,0,1,0
United Kingdom,0.06,0.06285945876534729,mobile,0,0,60.92931895320808,14,0,1,0
Canada,0.05,0.2513114116967829,mobile,0,0,38.53712586663592,4,0,0,0
Nigeria,0.55,0.012623453277470827,desktop,0,0,116.67043556874418,15,0,0,1
Nigeria,0.55,0.358315457913809,desktop,1,0,43.66023688190256,0,1,1,1
United States,0.05,0.3312120170032273,desktop,0,0,66.37294299944158,3,0,1,1
Australia,0.06,0.3877594525508658,desktop,1,0,117.29116550448569,19,1,1,1
United Kingdom,0.06,0.18215608726838606,desktop,1,0,42.28865812457529,5,0,1,0
Japan,0.05,0.16122641054317546,tablet,0,0,111.41522724150688,17,0,1,0
Brazil,0.2,0.1675562783640457,desktop,0,0,60.22832244563232,20,0,1,1
France,0.07,0.19054311057688025,desktop,0,0,143.66248599038573,3,0,1,0
United States,0.05,0.12164777317076798,desktop,0,0,120.5291467897943,23,0,1,0
Australia,0.06,0.1539041401306491,tablet,0,0,73.6181085335846,19,0,1,0
Canada,0.05,0.4094936091531697,desktop,0,0,98.8479631436374,13,1,1,1
Netherlands,0.08,0.5012474319434487,desktop,0,1,122.53433956143046,7,1,0,1
Canada,0.05,0.05821836785473401,mobile,0,0,164.0325677162847,4,0,1,0
Nigeria,0.55,0.05828824325900674,desktop,0,0,85.61567449520582,5,0,1,1
Germany,0.05,0.5928443447926744,desktop,0,0,150.33064641601703,12,1,1,1
United Kingdom,0.06,0.10112069192855741,mobile,0,0,59.50085399420001,3,0,1,0
Germany,0.05,0.01551676193948582,mobile,0,0,100.53617080495066,11,0,1,0
United States,0.05,0.27631190695603847,desktop,0,0,83.88080050205771,12,0,1,1
Germany,0.05,0.12320372008684949,desktop,0,0,81.39895367746517,15,0,1,0
Japan,0.05,0.043413745300184194,mobile,0,1,109.68767218761138,0,0,1,0
United Kingdom,0.06,0.19293084498196172,desktop,1,0,107.64481831436262,7,0,1,1
United Kingdom,0.06,0.12442976490612617,tablet,0,0,85.8871200001967,3,0,1,1
United Kingdom,0.06,0.22140707997546896,desktop,0,0,42.29193861462821,21,0,1,0
United States,0.05,0.03361224805872947,desktop,1,0,52.25806286916298,20,0,1,0
Nigeria,0.55,0.4512066140944602,mobile,0,0,198.14038124304884,23,0,1,1
Russia,0.6,0.2639656402270149,desktop,1,0,72.74466879136483,21,0,1,1
United States,0.05,0.1614590706298339,desktop,0,0,124.54327733958777,21,0,1,0
Japan,0.05,0.2453532072078132,desktop,0,0,151.1710372282897,7,0,1,0
Japan,0.05,0.20277054426743515,tablet,0,0,84.52833682661394,23,0,1,0
Pakistan,0.45,0.22814871150132332,desktop,0,0,89.35087732939726,0,0,1,0
Canada,0.05,0.17432654298940542,desktop,0,0,43.42670949839531,3,0,1,0
Germany,0.05,0.21871058755929218,desktop,0,0,63.562759539501364,7,0,1,0
France,0.07,0.23073687994227374,desktop,1,0,60.72788406555597,6,0,1,1
Netherlands,0.08,0.036427428606328714,desktop,0,0,58.978474715342486,19,0,1,1
Japan,0.05,0.20690777027311086,mobile,1,0,90.27862924799913,18,0,1,0
France,0.07,0.2395480498591493,tablet,0,0,62.93880313247229,3,0,1,0
Germany,0.05,0.20551703206431174,tablet,0,0,37.96639123806115,11,0,1,0
Japan,0.05,0.1254688621736524,desktop,0,0,98.97911156481575,2,0,1,0
Netherlands,0.08,0.3303354927565099,desktop,1,0,112.3054903114801,23,0,1,1
Canada,0.05,0.010580101125257587,desktop,0,1,81.52373863400729,16,0,0,1
Japan,0.05,0.14933869946018488,desktop,0,0,69.48595820677896,3,0,1,1
Canada,0.05,0.30645068748834864,mobile,0,0,53.79680644523487,18,0,1,0
France,0.07,0.1809566799343994,desktop,0,0,54.9786631831925,7,0,1,0
France,0.07,0.02692993045009075,desktop,0,0,107.21507255669212,5,0,1,1
Netherlands,0.08,0.11412019148958058,mobile,0,0,56.71668877103792,15,0,1,1
Indonesia,0.3,0.13518553655511412,mobile,1,1,149.07191601477282,5,0,1,1
France,0.07,0.22854757432679956,tablet,0,0,102.7568541419064,9,0,1,0
Canada,0.05,0.09126034147975357,desktop,1,1,83.00311890795204,21,0,1,0
Canada,0.05,0.1429854766092867,mobile,0,0,190.5841760252664,8,0,1,0
United Kingdom,0.06,0.14483311632666734,desktop,0,0,115.18107962677274,3,1,0,1
Germany,0.05,0.14525574627727758,desktop,0,0,63.39284525634302,13,0,1,0
United States,0.05,0.13659833899657522,desktop,1,0,51.507281844849764,3,0,1,0
Canada,0.05,0.4837513012975815,mobile,0,0,251.90078768546246,19,1,0,1
United Kingdom,0.06,0.24077867263571331,desktop,0,0,71.09784677164205,17,0,1,0
Canada,0.05,0.1322139405128814,mobile,1,0,56.51929687001158,10,0,1,0
Netherlands,0.08,0.132610729381667,desktop,0,0,49.72171431992472,12,0,1,0
Germany,0.05,0.00824026756267625,tablet,1,0,80.02994748387944,0,0,1,1
Australia,0.06,0.13838845215134285,desktop,0,0,100.57195457032411,15,0,1,0
Vietnam,0.35,0.28679899390094366,mobile,0,0,141.2025128249065,18,1,1,1
Australia,0.06,0.12744313323210585,tablet,0,0,75.70492360023127,21,0,1,0
United Kingdom,0.06,0.2845797086387293,mobile,0,0,91.00143669260989,17,0,0,1
Canada,0.05,0.13590414354296892,mobile,0,0,38.55503325288836,6,0,1,0
Australia,0.06,0.3458855962945037,mobile,0,0,99.53586152230325,12,0,1,0
France,0.07,0.131423472432659,desktop,0,0,51.77493818665835,7,0,1,0
United Kingdom,0.06,0.43720739525565905,mobile,0,0,285.9204372720392,14,1,0,1
France,0.07,0.21942030585922115,mobile,0,0,72.59571203348334,20,0,1,0
France,0.07,0.1374760652586483,desktop,0,0,67.71768976550091,8,0,0,0
Germany,0.05,0.11231443634746222,desktop,0,0,43.84658909734437,19,0,1,0
Australia,0.06,0.30575953639136094,desktop,0,0,56.545657099463256,2,0,1,0
United States,0.05,0.40299552884778655,desktop,0,0,165.94636362325667,17,1,1,0
Canada,0.05,0.1253278586664602,tablet,0,0,59.86360458083542,19,0,1,0
Netherlands,0.08,0.24281985257139538,tablet,0,0,111.48078845215706,18,0,1,1
Germany,0.05,0.25683218159820953,mobile,1,0,65.14092878172035,9,0,1,0
Australia,0.06,0.12949653883535295,desktop,0,0,58.23479927238315,17,0,1,0
Canada,0.05,0.5718883885458199,desktop,0,0,271.4134447258341,23,1,1,1
Germany,0.05,0.1865598290093566,desktop,0,0,82.62429372259021,1,1,1,1
Brazil,0.2,0.28649917962467436,desktop,0,0,150.0999365044876,23,0,1,0
Canada,0.05,0.21915646373921788,mobile,1,0,104.9930059308804,8,0,1,0
Germany,0.05,0.48289988285778696,desktop,0,1,472.15654036137187,7,1,0,1
Brazil,0.2,0.33409647813636145,desktop,0,0,97.69121062347234,2,0,1,1
Japan,0.05,0.14960365237827697,desktop,0,0,93.70515872882467,4,0,1,0
Japan,0.05,0.23012093602404987,tablet,0,0,131.73894251217644,12,0,1,0
United States,0.05,0.41512051099349095,desktop,0,0,380.76234812087444,18,0,1,1
United Kingdom,0.06,0.3975965168100863,desktop,0,0,207.00736907912272,17,0,1,0
Australia,0.06,0.12765311007483707,desktop,0,0,65.09727405905565,18,0,1,0
United Kingdom,0.06,0.101095520874617,desktop,0,1,81.58544535409328,17,0,1,1
Germany,0.05,0.10626776314792784,mobile,1,0,50.946327469778765,0,0,1,0
Netherlands,0.08,0.054764463910441576,mobile,0,0,45.55603872312834,10,0,1,0
Germany,0.05,0.18124962087968355,mobile,0,0,99.91949715981829,12,0,1,0
United States,0.05,0.38992052625053697,desktop,0,0,264.884749202351,1,1,1,1
United States,0.05,0.34073629721433324,tablet,0,0,47.07451146420965,6,0,1,0
France,0.07,0.13201610837865105,mobile,0,0,98.01099168711968,6,0,0,1
Australia,0.06,0.08898063581266401,mobile,0,0,28.290707661486685,1,0,1,0
Netherlands,0.08,0.14488413749670867,desktop,0,0,55.50880310084596,10,0,1,0
United Kingdom,0.06,0.2066465105369212,tablet,0,0,41.21260706601755,10,0,1,0
United Kingdom,0.06,0.2294739138536202,mobile,0,0,112.13592651865079,13,0,0,1
France,0.07,0.1944541769321424,desktop,1,1,63.32340202135183,3,0,1,1
Canada,0.05,0.14700401592234086,desktop,0,0,75.76350727407873,23,0,1,0
France,0.07,0.18060757185254842,desktop,0,0,81.97982453752965,6,1,1,0
India,0.18,0.5343666315179778,mobile,0,0,201.97906773669666,14,1,1,1
Australia,0.06,0.559690836620949,desktop,0,0,290.138615580861,13,1,1,1
Canada,0.05,0.14617693566690984,mobile,0,0,97.55683354667562,0,0,1,0
Pakistan,0.45,0.11273156587930858,mobile,0,0,67.15977899978697,5,0,0,1
United States,0.05,0.12329127744735098,mobile,0,0,99.34411827210138,16,0,1,0
India,0.18,0.43085673841072475,desktop,1,0,199.54416333443504,8,1,0,1
France,0.07,0.2792000450669027,tablet,0,0,64.02677767991615,7,0,1,0
France,0.07,0.04716883270412513,desktop,1,0,43.039916443705266,17,0,1,0
India,0.18,0.28282617130544896,mobile,0,0,132.52026609754523,19,0,1,0
France,0.07,0.3958800218276098,desktop,1,0,417.7368051697039,19,1,1,1
France,0.07,0.3257654763139742,desktop,0,0,120.75785411487259,10,0,1,0
Germany,0.05,0.07281869389952408,desktop,0,0,88.94832615702029,11,0,1,0
Japan,0.05,0.2255297763766852,mobile,0,1,79.02346724166947,16,0,1,0
Australia,0.06,0.11923323620330296,mobile,1,0,83.80132182918216,14,0,1,0
United Kingdom,0.06,0.12401780125137493,desktop,1,0,50.762687589104736,8,1,1,0
Japan,0.05,0.10446893279510377,desktop,0,0,129.27547160818312,7,0,1,1
Australia,0.06,0.017361512177769406,mobile,0,0,64.93632924539165,23,0,1,0
Canada,0.05,0.18409556262225865,desktop,1,0,105.05836883043396,21,0,0,1
United States,0.05,0.15142393638866827,desktop,0,0,60.938059738228866,7,0,0,1
France,0.07,0.19075249430213967,mobile,0,1,44.65697678494657,1,0,1,1
United States,0.05,0.2666704270658062,desktop,0,0,147.55427918819342,22,0,1,0
United States,0.05,0.35241749139261214,desktop,0,0,59.66733484144573,2,0,1,1
Canada,0.05,0.020698318445061755,desktop,0,0,86.62982530691912,5,0,1,0
United States,0.05,0.054942247089908684,mobile,0,0,25.54086981140456,0,0,1,0
Germany,0.05,0.08509925122119866,mobile,0,0,71.89277648553644,18,0,1,1
Japan,0.05,0.3962408069100734,desktop,0,0,373.62150067204635,2,0,1,1
Germany,0.05,0.3148620983388375,desktop,0,0,77.46928378357065,7,0,1,0
Pakistan,0.45,0.18250536322898492,desktop,0,0,71.21444914100105,15,1,0,1
Brazil,0.2,0.1781812055610446,desktop,0,0,68.45228536946121,1,0,1,0
Australia,0.06,0.017644864526055286,desktop,0,0,99.95300802156426,23,0,1,0
Romania,0.4,0.2852600363783473,desktop,0,0,46.8624272039099,18,0,1,0
Netherlands,0.08,0.16811124156184765,mobile,0,0,67.8396340613228,14,0,1,0
Germany,0.05,0.0536086377604915,desktop,0,0,121.77092463382616,13,0,1,0
Japan,0.05,0.11556954424170925,tablet,0,0,43.86225791045821,6,0,1,0
United Kingdom,0.06,0.04394835269874474,tablet,0,1,71.00345304401587,14,0,1,0
Japan,0.05,0.26423922996294147,desktop,0,1,50.09127436271103,19,0,1,0
France,0.07,0.12580368121572483,mobile,0,0,81.88755195987706,12,0,1,0
United States,0.05,0.21928934077746529,mobile,0,1,74.55687281010987,8,0,1,1
Germany,0.05,0.34713650900863186,desktop,0,0,52.96352797537475,7,0,1,0
Romania,0.4,0.07078040084515862,desktop,0,0,74.32787787625335,14,0,0,1
Germany,0.05,0.020442396686340437,tablet,0,0,75.41546258860134,21,0,1,0
United Kingdom,0.06,0.024810392451246836,desktop,0,0,59.54643982478958,10,0,1,0
United Kingdom,0.06,0.19132179320647524,mobile,0,0,63.70102511234474,15,0,1,0
France,0.07,0.3795537373538395,mobile,0,0,190.29577492984123,12,0,1,0
Netherlands,0.08,0.24192042983603693,desktop,0,0,33.176150510600245,11,0,1,0
Japan,0.05,0.10340491781238674,desktop,1,0,101.94369408844868,2,1,1,1
France,0.07,0.14323168947397935,tablet,0,0,111.96570872204512,8,0,1,0
United Kingdom,0.06,0.026580921321869906,desktop,0,0,39.94184557163568,22,0,1,0
United States,0.05,0.09530504503664691,desktop,0,0,112.48437217671153,21,0,1,0
France,0.07,0.4303450630945108,desktop,1,0,200.00685556361063,7,1,1,1
Netherlands,0.08,0.1520286674625344,mobile,0,0,50.111181388164724,14,0,1,0
Japan,0.05,0.22707520957598126,mobile,0,0,68.49578741519962,14,0,1,0
Canada,0.05,0.5179772420286268,desktop,0,0,157.274946023054,21,0,0,1
Australia,0.06,0.07381362593904993,mobile,0,0,101.8155703010587,0,0,1,0
France,0.07,0.23601329616725283,tablet,0,0,53.455271380826886,7,0,1,0
Australia,0.06,0.14975370425980788,desktop,0,0,154.93762988784687,11,0,1,0
France,0.07,0.10336413092221731,mobile,1,0,110.55268089147889,12,0,0,1
Japan,0.05,0.08249882883813178,desktop,0,0,48.00324301212393,18,0,0,1
France,0.07,0.26403440322669935,desktop,0,0,130.77125525576153,8,0,1,0
Russia,0.6,0.01927200917896876,desktop,1,0,95.14899552870341,14,0,0,1
Canada,0.05,0.03493467522249292,desktop,0,0,69.91511081371742,20,0,1,0
United States,0.05,0.058525836143650915,mobile,0,0,93.36425429109629,7,0,1,0
Germany,0.05,0.2575381859140828,desktop,0,0,101.86301294462316,12,0,1,0
France,0.07,0.11055796362413303,mobile,0,0,56.51958577030323,15,0,0,0
France,0.07,0.07810199267187357,desktop,0,0,98.71500825552988,19,0,1,0
Australia,0.06,0.33392455293858375,desktop,0,0,63.34188994750856,19,0,1,0
Japan,0.05,0.03077250310301268,tablet,0,0,98.00240352774433,9,0,1,0
Germany,0.05,0.43007453868559603,mobile,0,0,175.46713494349598,3,1,1,0
Japan,0.05,0.17374281759432939,desktop,0,0,51.802141526648285,2,1,0,1
Japan,0.05,0.11863545506730439,desktop,0,0,91.88855175628619,1,0,0,1
Canada,0.05,0.02719254075564311,desktop,0,0,64.550821984168,11,0,1,0
Canada,0.05,0.15358837866477265,tablet,0,1,77.79598996711566,11,0,1,0
United Kingdom,0.06,0.047868224579547834,desktop,0,1,85.03825227785492,5,0,1,0
Canada,0.05,0.32721576085511217,desktop,0,0,123.25349709388904,10,0,1,0
Netherlands,0.08,0.22492004961243062,mobile,1,0,63.2740452372346,16,0,1,0
Brazil,0.2,0.433836137839635,tablet,0,0,352.675167300729,1,1,1,1
Australia,0.06,0.06357967831751192,desktop,0,1,131.10924030603738,6,0,1,0
Germany,0.05,0.04474311472234201,mobile,0,0,73.78194520882444,16,0,1,0
Japan,0.05,0.04422376215745583,desktop,0,0,60.89791316094417,5,0,1,0
Japan,0.05,0.6228693582527586,mobile,0,0,245.10473976525674,13,1,1,1
Canada,0.05,0.1854780163597572,desktop,0,0,65.34833850307226,18,0,1,0
Netherlands,0.08,0.2009725641469278,mobile,1,0,67.10672883378291,7,0,1,0
United States,0.05,0.14645870701361322,mobile,0,0,181.41470352141906,2,0,1,0
United States,0.05,0.35063933401809866,tablet,0,1,52.15374296160442,6,0,1,1
United Kingdom,0.06,0.07281776180248839,desktop,0,0,44.5528744760539,15,0,1,0
United Kingdom,0.06,0.16534554460706194,mobile,0,0,113.17510740378022,6,0,1,0
Nigeria,0.55,0.19957855718051973,desktop,1,0,64.53961535361286,21,0,1,1
Canada,0.05,0.314037437524414,desktop,0,0,82.40815364421725,2,0,1,0
Germany,0.05,0.29890229604611246,desktop,0,0,92.14672618096483,10,0,0,1
Canada,0.05,0.4818760401885849,mobile,0,0,114.44546282685768,22,0,1,0
Canada,0.05,0.07419228014991947,desktop,0,0,109.86009759741867,17,0,1,0
Germany,0.05,0.12878332134786574,mobile,1,0,60.55322523760663,1,1,1,0
United Kingdom,0.06,0.3571507432829361,mobile,1,0,143.2517509784861,6,0,1,1
Japan,0.05,0.18808005863411123,mobile,0,0,55.77416992156249,1,0,1,0
United Kingdom,0.06,0.25471244561202916,mobile,0,0,127.48551338703155,22,0,1,0
Netherlands,0.08,0.22431127812822904,mobile,0,0,135.82293492092415,18,1,0,1
United Kingdom,0.06,0.1974751939718687,desktop,0,0,62.09566922158144,5,0,1,0
Japan,0.05,0.2167305067508383,mobile,0,0,68.9507958656284,11,0,1,0
Netherlands,0.08,0.020488584363335068,desktop,1,0,66.02828279512545,10,0,1,0
United Kingdom,0.06,0.2968126258492152,mobile,0,0,125.4460405274344,19,0,1,0
United States,0.05,0.4259617115511581,mobile,0,0,214.3960108891431,2,0,1,0
Russia,0.6,0.19320937096910745,desktop,0,0,88.80637323848892,12,0,1,1
France,0.07,0.2746822111947202,desktop,0,0,70.08910231922496,17,0,1,0
Australia,0.06,0.014411905499646264,desktop,0,0,86.94172347013308,21,0,1,0
United States,0.05,0.4424775026139629,mobile,0,0,412.3935286336162,8,1,0,1
Germany,0.05,0.23577053362150488,tablet,0,1,59.80702949838097,8,0,1,0
France,0.07,0.07211461506098878,desktop,1,0,137.05270984102438,15,0,0,1
Vietnam,0.35,0.056385045562443906,tablet,0,0,68.62821491700655,14,0,1,0
Germany,0.05,0.10837079334380142,desktop,1,0,105.68874641001841,21,0,1,1
Netherlands,0.08,0.2706037556333867,tablet,1,0,47.38862852588746,5,0,1,0
Japan,0.05,0.10076707351956492,tablet,0,0,93.63482697164443,9,0,1,0
United Kingdom,0.06,0.16107178710560666,desktop,0,0,106.98668250742566,10,0,1,0
Germany,0.05,0.24392047429680166,tablet,0,1,80.88790353810022,12,0,1,0
Germany,0.05,0.17876329711645056,desktop,0,0,107.40044636782316,3,0,1,0
France,0.07,0.1309344932509543,desktop,0,0,57.538365043397064,3,0,1,0
Australia,0.06,0.5390832902209399,mobile,0,1,124.37047031645577,11,1,1,1
Canada,0.05,0.32774030653421227,desktop,0,1,43.282311122789274,2,0,1,1
Germany,0.05,0.4747533677253676,desktop,0,0,196.99418969389401,11,0,1,0
Japan,0.05,0.027811174169294524,desktop,1,0,55.839685844871106,3,0,1,0
Australia,0.06,0.03176650333486841,mobile,0,0,71.94731108277342,0,0,1,1
France,0.07,0.3029594877649533,mobile,0,0,119.4304856103564,9,0,1,0
Australia,0.06,0.1649342892357756,mobile,0,0,135.4012175110364,2,0,1,0
Germany,0.05,0.47969414532981147,mobile,0,0,203.44368175331283,15,0,1,1
Japan,0.05,0.1351213393026842,mobile,0,0,113.95982623835832,13,0,1,0
Canada,0.05,0.15264697718709744,mobile,0,0,120.2644275935427,3,0,1,0
Canada,0.05,0.17800389044305104,tablet,0,0,82.56853818703487,17,0,1,0
United Kingdom,0.06,0.18329979701832624,desktop,0,0,118.54381032666016,7,0,1,0
Australia,0.06,0.32117261065259,mobile,0,0,63.73653262103411,15,0,1,1
Australia,0.06,0.6628650266055207,desktop,0,0,185.36176633751762,22,1,0,1
Canada,0.05,0.12460569406977279,desktop,0,0,61.66050407564338,17,0,1,0
Netherlands,0.08,0.14104376730073226,desktop,0,0,94.6211522289382,7,1,1,1
Netherlands,0.08,0.01709222002272048,desktop,0,0,71.23329597705171,11,0,1,0
United Kingdom,0.06,0.061457360820578254,tablet,0,0,57.36668292529413,7,0,1,0
Japan,0.05,0.03211583158531924,desktop,0,0,58.336933094272894,8,0,1,0
Canada,0.05,0.22473222543335486,tablet,0,1,73.7311096800855,21,0,0,1
Pakistan,0.45,0.2629879433656157,desktop,0,0,54.75016792591216,16,0,1,0
Germany,0.05,0.02835086325455498,mobile,0,0,93.12374681421025,13,0,1,0
Germany,0.05,0.32637757673437934,desktop,0,0,111.97552059212633,6,0,1,0
France,0.07,0.20122004998269105,tablet,0,1,103.63206708458986,12,0,1,0
Germany,0.05,0.5963455345481671,desktop,0,0,364.74470417335766,15,1,1,1
Japan,0.05,0.12141195346204048,mobile,0,0,85.0968618989368,17,0,1,0
France,0.07,0.2125340590562999,tablet,0,0,133.3969004929299,2,0,0,0
Germany,0.05,0.15387122079458526,mobile,0,0,78.59686752162644,20,0,1,0
France,0.07,0.10395902344681869,mobile,1,1,66.85675928235506,12,0,1,1
Vietnam,0.35,0.7618497638180011,desktop,0,0,189.8587550098489,8,1,1,1
Netherlands,0.08,0.23646727140662982,desktop,0,1,78.11886706984671,17,0,0,1
France,0.07,0.018733272374015786,desktop,0,0,70.5791607818677,13,0,1,0
Germany,0.05,0.10897077791706201,desktop,0,1,50.4568970838366,7,0,1,1
United Kingdom,0.06,0.3526026124037616,desktop,0,0,52.31053093683279,21,0,1,0
Nigeria,0.55,0.0903537984136077,mobile,1,0,109.57542275155937,22,0,1,1
Japan,0.05,0.2983319731535696,tablet,0,0,98.68622798850828,21,0,1,1
Australia,0.06,0.03624148145264239,mobile,0,1,137.35385426338362,1,0,0,1
Nigeria,0.55,0.08375187640589667,mobile,0,0,64.23403985035469,22,0,1,1
United Kingdom,0.06,0.202107293876507,desktop,0,0,62.17084710140529,6,0,1,0
Japan,0.05,0.31923724799590547,desktop,0,0,49.29313048841146,8,0,1,0
United Kingdom,0.06,0.16486842130879348,mobile,0,0,106.65311511358779,16,0,1,0
United Kingdom,0.06,0.230827490194898,desktop,0,0,53.933651527197014,11,0,1,0
France,0.07,0.06234042571927617,desktop,1,0,72.90821174505741,19,0,1,0
Canada,0.05,0.20812797836043223,tablet,0,0,82.23888037170484,15,0,1,0
Russia,0.6,0.20393438479718656,desktop,0,0,42.63965618392111,2,0,0,1
Germany,0.05,0.13200619626079851,desktop,0,0,96.73046283955968,3,0,1,0
Netherlands,0.08,0.39336935730074685,desktop,0,0,417.26431975812045,2,1,1,0
Japan,0.05,0.06261229254611028,mobile,0,0,81.19670480801275,7,0,1,0
Japan,0.05,0.02069640502834458,desktop,0,0,71.49446754393043,11,0,1,0
India,0.18,0.23949830258663254,mobile,0,1,72.87195210852904,21,0,1,0
Canada,0.05,0.30713553606550864,desktop,1,0,120.31028014844567,8,0,1,0
Canada,0.05,0.13811115462472306,mobile,0,0,75.08842753461757,2,0,1,0
United Kingdom,0.06,0.22009216723072636,mobile,0,0,73.18108945544684,13,0,1,0
Germany,0.05,0.4894826046003313,desktop,0,0,105.52778171089878,10,1,1,1
Nigeria,0.55,0.10570821686921641,mobile,0,0,27.668918143930878,20,0,1,1
France,0.07,0.035598468382516756,desktop,0,0,108.17028349150466,0,0,1,0
Canada,0.05,0.27657353029974335,desktop,0,0,73.62525936041926,6,0,1,0
United Kingdom,0.06,0.0924487933916953,desktop,0,0,54.250817315045936,16,0,1,0
France,0.07,0.21398783232329757,desktop,0,0,154.25485092467233,0,0,1,0
Japan,0.05,0.24193540381401699,tablet,0,0,85.95235558085827,13,0,1,0
Germany,0.05,0.2823505300639242,mobile,0,0,68.57276619773589,16,0,1,0
Japan,0.05,0.6861840027357492,mobile,0,0,228.4286418983164,0,1,0,1
Australia,0.06,0.21336735562940692,desktop,0,0,83.82913038999057,13,0,1,0
Netherlands,0.08,0.031225055156592928,mobile,0,0,83.261107986353,22,0,1,0
Germany,0.05,0.6006543373448834,mobile,0,0,209.79423413306463,12,1,0,1
Australia,0.06,0.47288937525615915,desktop,0,0,252.39941030521717,4,1,0,1
United Kingdom,0.06,0.2578100725245564,mobile,1,0,102.42168616150887,18,0,0,1
Canada,0.05,0.2684883792028192,mobile,0,0,59.67170015206675,1,1,0,1
Japan,0.05,0.06402318209649677,tablet,0,0,37.96966587626119,20,1,1,1
Australia,0.06,0.2865751491269905,tablet,0,1,102.7727183609543,22,0,1,0
United Kingdom,0.06,0.06225986223830136,desktop,0,0,91.83195377953923,3,0,1,0
Netherlands,0.08,0.1768618558927559,mobile,0,0,98.96180412049526,6,1,1,0
United States,0.05,0.08843834131479052,tablet,0,0,74.90074170866967,19,0,1,0
Australia,0.06,0.14387664039831038,mobile,0,0,103.22880632902596,17,0,0,1
Pakistan,0.45,0.2506321638953796,desktop,0,0,58.64462052327512,12,0,1,0
France,0.07,0.02546836714480074,desktop,0,0,69.04024165603794,16,0,1,0
Netherlands,0.08,0.2858719554757207,desktop,1,0,51.08926260216333,20,1,0,1
Australia,0.06,0.04627406551067909,desktop,0,0,110.51126934624092,17,0,1,0
Netherlands,0.08,0.324768958370007,tablet,0,0,72.5036336694245,13,0,1,0
Japan,0.05,0.1988083368307723,tablet,0,0,79.92943944298717,9,0,1,0
Japan,0.05,0.10640650700817038,tablet,0,1,85.76872378138148,21,0,1,0
Germany,0.05,0.04334808422771038,desktop,0,0,67.79598755992495,13,0,1,0
Japan,0.05,0.2814819713884234,mobile,0,0,98.28252984251155,19,0,1,0
Germany,0.05,0.35938624636983146,desktop,0,0,131.67071444381085,20,0,1,0
Indonesia,0.3,0.10675290192440066,desktop,0,1,103.84437940115623,7,0,1,1
Germany,0.05,0.18229968902710575,desktop,0,0,40.32032367455687,17,0,1,0
Germany,0.05,0.11335810411838382,tablet,0,0,76.58718260819926,15,0,1,0
Netherlands,0.08,0.7130507777310361,mobile,0,0,134.36309460316605,5,1,1,1
Germany,0.05,0.10084240325042759,mobile,0,0,113.8394557857976,13,0,1,0
Canada,0.05,0.1773776305475951,desktop,0,1,60.81395524632439,22,0,1,1
Japan,0.05,0.3996888358880854,desktop,0,0,239.44999194317776,12,1,1,0
United Kingdom,0.06,0.113877223655491,mobile,0,0,98.73718651813437,16,0,1,0
United Kingdom,0.06,0.1959475671020305,mobile,0,0,73.20547462292348,2,0,1,1
France,0.07,0.18741085110227845,mobile,0,0,59.24509441310199,9,0,1,0
Germany,0.05,0.25400703694598664,desktop,0,0,67.28658322739619,0,0,1,0
Germany,0.05,0.14276819590932519,desktop,0,0,44.975495007989586,8,0,1,0
United States,0.05,0.558006904541698,mobile,0,0,259.17775858436596,8,1,1,1
Canada,0.05,0.20726560924174425,desktop,0,0,66.2657915724109,4,0,1,0
Germany,0.05,0.10903177487527324,desktop,0,0,88.81396804473727,11,0,1,0
United States,0.05,0.06250690696542781,mobile,0,0,68.59837658887324,12,0,1,0
Australia,0.06,0.29722508822124527,mobile,0,0,74.62118856493564,13,0,1,0
Australia,0.06,0.2242311027457248,mobile,0,1,62.84321635981065,9,0,1,0
United States,0.05,0.20101495488572899,desktop,0,1,67.41600883884033,12,0,1,0
Germany,0.05,0.3099989314847192,mobile,1,0,49.629429558762,13,0,1,0
Nigeria,0.55,0.19623288467485706,desktop,0,0,105.77089162868059,3,0,0,1
Australia,0.06,0.13823391908297383,mobile,0,0,72.63241212754122,11,0,0,1
Canada,0.05,0.11302565629762867,mobile,1,0,36.73768554745235,19,0,0,1
France,0.07,0.3141302447731131,desktop,0,0,42.314119539076756,16,0,1,0
United Kingdom,0.06,0.26073608295910305,desktop,0,0,105.96844619928633,17,0,0,0
Netherlands,0.08,0.06460536171976057,desktop,0,0,72.59298162272349,7,0,1,0
Brazil,0.2,0.2600411603307815,desktop,0,0,73.18780693592035,20,0,1,0
Brazil,0.2,0.16534809152001964,desktop,0,1,73.63031061884607,11,0,1,0
Germany,0.05,0.1347564989356492,mobile,0,0,87.40745850018727,21,0,1,0
Germany,0.05,0.1452343599312836,desktop,0,1,125.92721181388407,3,0,1,0
United Kingdom,0.06,0.049508029649995774,desktop,1,0,86.12432739571929,19,0,1,0
Germany,0.05,0.1063484050200482,mobile,0,0,82.07047613492254,7,1,1,0
Canada,0.05,0.18879067927925428,mobile,0,0,60.34343594243984,15,0,1,0
Australia,0.06,0.11086021512181782,desktop,0,0,42.951806304469436,0,0,1,0
United Kingdom,0.06,0.22257085331460072,desktop,0,0,87.01370075704219,10,0,1,0
India,0.18,0.18261553189409582,desktop,1,0,89.50888837477623,18,0,1,1
United States,0.05,0.19598458764458493,desktop,0,1,108.29735202793798,15,0,1,0
United States,0.05,0.2611215134942037,desktop,0,0,134.18900572457042,7,0,1,0
Netherlands,0.08,0.09922536438511,mobile,0,0,49.10885256817164,5,0,1,0
Japan,0.05,0.08072474190133311,desktop,0,0,59.4477910256166,5,0,1,0
Canada,0.05,0.1174106066312828,desktop,0,0,93.12031343076492,22,0,1,0
Australia,0.06,0.0711295666064295,mobile,0,0,73.73043790826203,7,0,1,0
Germany,0.05,0.3030822029577767,desktop,0,0,122.14226479615627,15,0,0,0
United Kingdom,0.06,0.3771646190045959,tablet,0,0,222.71371982675902,0,0,1,0
France,0.07,0.04878807114467747,mobile,0,0,148.46547662621956,14,0,1,0
Canada,0.05,0.4560248726230636,mobile,0,0,236.95979974701476,15,0,1,1
Australia,0.06,0.32254217079285485,desktop,0,0,130.2797622417149,13,0,1,0
Germany,0.05,0.1769324836610983,desktop,0,0,31.74071284037226,20,0,0,1
Japan,0.05,0.08915907674413359,desktop,0,0,87.37615916715953,16,0,1,0
Netherlands,0.08,0.14359474925864726,tablet,1,0,74.3034633663449,5,0,1,0
United Kingdom,0.06,0.19273843138685684,desktop,0,0,35.41827752572152,16,0,1,0
United States,0.05,0.0658100967500814,desktop,1,1,73.30579208139861,5,0,0,1
France,0.07,0.24074670426782718,mobile,0,0,47.78848706049481,1,0,1,0
Netherlands,0.08,0.05768631798316448,desktop,0,0,61.44368791490557,22,0,1,0
Australia,0.06,0.14709865324984284,mobile,0,0,82.00781381559469,10,0,0,0
Japan,0.05,0.44794376220960846,tablet,0,0,118.67109546738216,10,0,1,1
Canada,0.05,0.1792593609676911,desktop,0,0,83.48857708312968,23,0,1,0
Germany,0.05,0.0736435449307793,desktop,0,0,77.86760858220926,14,0,1,0
France,0.07,0.3049627914080602,tablet,0,0,168.0114900200735,18,0,1,0
United Kingdom,0.06,0.415850248631794,desktop,0,0,197.66265011796776,21,1,0,1
Japan,0.05,0.2888770723491589,mobile,0,0,76.65978717750234,4,0,1,0
United Kingdom,0.06,0.14848949758059996,desktop,1,0,85.39778688767501,3,0,1,0
Germany,0.05,0.0750329548093631,desktop,0,0,73.02595951492371,10,0,0,1
France,0.07,0.31232700873722335,desktop,0,0,42.33480307982927,1,0,1,0
France,0.07,0.13374220789444222,mobile,0,0,93.89185987049115,11,0,1,0
Australia,0.06,0.11067236123590032,desktop,0,0,115.78666518691341,13,0,1,0
France,0.07,0.27516540739375034,desktop,0,0,127.01844278726504,23,0,1,1
India,0.18,0.4038475794224894,desktop,0,0,350.7372122349377,4,0,0,1
Netherlands,0.08,0.33217975176655656,desktop,0,0,67.08071359595338,22,0,1,0
Nigeria,0.55,0.20076285960951334,desktop,1,0,80.80409810084798,5,1,1,1
Australia,0.06,0.362321397826263,tablet,0,0,137.72069490041466,1,0,1,0
Australia,0.06,0.27564034030064716,mobile,0,0,68.14336843470049,20,0,1,0
Australia,0.06,0.1799087916474873,desktop,0,0,48.53442907903862,6,0,1,1
France,0.07,0.08054187189172803,desktop,0,0,159.69594116370962,7,0,1,0
Germany,0.05,0.06651359654078348,desktop,0,0,51.60716828033428,1,0,1,0
Australia,0.06,0.43094526964768565,desktop,0,0,141.26061398472572,12,1,1,1
United States,0.05,0.026366189581382173,desktop,0,0,82.4092029638788,4,0,1,0
United States,0.05,0.21493337085970923,tablet,0,0,85.03562633317782,14,0,1,0
Netherlands,0.08,0.14783151846423387,desktop,0,0,86.5152110463445,10,0,1,0
United States,0.05,0.14482311741084156,desktop,0,1,100.22201823978887,6,0,1,0
France,0.07,0.14963581165473244,mobile,0,0,69.64515580554017,14,0,1,0
Australia,0.06,0.2812603304351612,desktop,0,1,69.99724698645018,3,0,1,0
United Kingdom,0.06,0.4637120651880955,mobile,1,0,207.5410346466247,19,1,0,1
Vietnam,0.35,0.6456452950846971,mobile,0,0,262.6186313219364,16,0,1,0
United Kingdom,0.06,0.15496067742930333,desktop,0,0,89.0924340638757,2,0,1,0
Nigeria,0.55,0.153070189623917,mobile,1,0,101.22759989605034,23,1,1,1
Netherlands,0.08,0.07321589593350021,desktop,0,0,53.82668721508657,6,0,1,0
Germany,0.05,0.19193498309332405,desktop,0,1,47.6469154419883,23,0,1,0
United Kingdom,0.06,0.13438065661466567,mobile,0,0,100.45859741873589,14,0,1,0
Germany,0.05,0.14114212354544398,mobile,0,0,61.24273717388942,22,0,1,0
Canada,0.05,0.28977904930052434,desktop,1,0,52.205817981881324,11,0,1,0
Germany,0.05,0.16890602094317675,desktop,1,0,38.56917420861134,18,1,0,1
Pakistan,0.45,0.060555902372193875,mobile,1,0,120.61315191912941,7,0,1,1
Germany,0.05,0.3036755500348202,mobile,0,0,81.16486302453035,16,0,1,0
Netherlands,0.08,0.10915437475176967,desktop,0,0,89.20361328253182,4,0,0,1
United Kingdom,0.06,0.13487003870516145,desktop,0,0,85.89248908225422,3,0,1,1
Indonesia,0.3,0.2951897101030687,mobile,0,0,79.39121400471382,17,0,1,0
Germany,0.05,0.3246090603723293,mobile,0,0,73.10332364107649,0,0,0,1
Canada,0.05,0.11293312883499045,desktop,0,0,71.90885918025052,5,0,1,0
Australia,0.06,0.2199428851628548,desktop,0,0,52.356825865733555,11,0,1,0
United Kingdom,0.06,0.03641864328554481,desktop,0,0,39.73035393831739,16,1,0,1
Netherlands,0.08,0.17532013397750668,mobile,0,0,161.73674191212888,13,0,1,0
Germany,0.05,0.31326083497070106,mobile,0,0,74.68596818254697,22,0,1,0
Australia,0.06,0.07560876556934298,mobile,1,0,63.23500423106709,17,0,1,0
Australia,0.06,0.2369528620943407,mobile,0,0,55.682376840944194,5,0,1,0
Australia,0.06,0.00997922400475479,desktop,0,0,106.415780870812,16,0,1,0
United States,0.05,0.16471223306905214,mobile,1,0,77.52914214836136,17,0,1,1
United Kingdom,0.06,0.23476058294750823,tablet,0,0,54.47860709110083,20,0,1,0
United Kingdom,0.06,0.24073928751104104,mobile,0,0,66.27070701105885,19,0,1,0
Germany,0.05,0.19073053594391398,mobile,1,0,82.18369884717892,15,0,1,0
United Kingdom,0.06,0.17028086234402667,tablet,0,0,64.372041494391,15,0,1,0
India,0.18,0.5482570328626137,desktop,0,1,191.62040681052025,10,1,1,0
France,0.07,0.36866417092031667,desktop,0,1,155.00108717866271,7,0,1,1
Australia,0.06,0.27184884346364646,desktop,0,0,63.5809236175689,22,0,1,1
Canada,0.05,0.41705933431918313,desktop,0,0,421.2171593146567,5,0,0,1
Germany,0.05,0.12104292726559443,mobile,0,0,55.120678205754395,20,0,1,0
France,0.07,0.18027365757815017,desktop,0,0,69.84486366603035,18,1,1,1
Germany,0.05,0.1101858145201249,desktop,0,1,37.109335430999735,14,0,1,1
Canada,0.05,0.1461477730484235,desktop,1,0,108.28523383918872,7,0,1,0
France,0.07,0.2547958899040513,desktop,0,0,46.20288038799679,17,0,1,0
France,0.07,0.14846998893994465,desktop,0,0,55.57829155091457,19,0,1,0
Pakistan,0.45,0.21269659383812115,desktop,0,0,75.89380150645088,14,0,0,1
Germany,0.05,0.24504080150826188,desktop,0,0,119.35495208177966,20,0,1,0
France,0.07,0.3877564664602305,desktop,0,1,116.428291682496,12,0,0,1
United Kingdom,0.06,0.15245799839925248,mobile,0,0,69.03854031549236,20,0,1,1
Canada,0.05,0.1113655780369096,mobile,0,0,81.67378791671732,9,0,1,0
Japan,0.05,0.0835810500639426,desktop,0,0,58.26188066389913,19,0,1,0
United Kingdom,0.06,0.4453488789474076,tablet,0,0,359.9024083010131,1,0,1,0
Australia,0.06,0.18138261155123137,desktop,0,1,42.238244220342146,21,0,1,0
Canada,0.05,0.1513869682474408,mobile,0,0,61.27109742588975,16,0,1,0
United States,0.05,0.2868299997634924,mobile,0,0,113.37029337303427,22,0,1,1
India,0.18,0.08005188042159761,mobile,0,0,98.05048793894466,22,0,1,0
Canada,0.05,0.43031132842639974,desktop,0,0,127.28295325872682,11,1,0,1
Netherlands,0.08,0.1522663582560199,desktop,0,0,51.698244734076134,15,0,1,0
Canada,0.05,0.3218425285522854,mobile,0,0,68.42055199080347,6,0,1,0
Russia,0.6,0.1395246424420957,mobile,0,0,44.15556371738633,23,0,1,1
Germany,0.05,0.250047232652995,mobile,0,0,68.79498370707053,4,0,1,0
Canada,0.05,0.2077387593081772,desktop,1,0,63.84686001554173,4,0,1,0
Japan,0.05,0.19640343932698293,tablet,0,0,63.034898101761655,9,0,1,0
Canada,0.05,0.2644067363650243,tablet,0,0,70.14717356662125,10,0,1,0
Canada,0.05,0.10315909595334534,mobile,0,0,88.93201341573618,6,0,1,0
Pakistan,0.45,0.2056427697486708,tablet,0,0,51.237634518747164,23,0,1,0
Australia,0.06,0.26586043044081603,desktop,0,0,103.04620872893176,20,0,1,0
Japan,0.05,0.122943677068902,desktop,0,0,109.27163488256971,4,0,1,0
Australia,0.06,0.32838489371096846,mobile,0,0,159.15962232518638,20,1,1,0
Netherlands,0.08,0.19188948186289212,mobile,0,0,81.75405111753543,7,1,1,0
Netherlands,0.08,0.09449886982177212,desktop,0,0,123.41617981307613,10,0,1,0
Australia,0.06,0.19850022551147586,desktop,0,0,103.72631355496662,23,0,1,0
Germany,0.05,0.08054182775961755,mobile,0,0,78.77955699813113,19,1,1,1
United States,0.05,0.1878948422827391,desktop,0,1,48.13565010918135,8,0,1,0
Australia,0.06,0.20344121096268414,mobile,0,0,100.8201200725701,15,0,1,0
Netherlands,0.08,0.014050300071428323,tablet,0,0,80.15055183864258,19,0,1,0
France,0.07,0.21779453315562727,desktop,0,0,137.76836040616482,13,0,1,0
United Kingdom,0.06,0.12781408996289684,mobile,0,0,95.49489142515046,5,0,1,0
Germany,0.05,0.10887462589576179,desktop,0,0,106.64836228920691,19,0,1,0
France,0.07,0.21618964221382195,desktop,0,1,60.19518647404572,8,0,0,1
Netherlands,0.08,0.05519044645841128,tablet,0,0,80.28688856471975,19,0,1,0
United Kingdom,0.06,0.09971465954655229,desktop,0,0,37.59004532773486,12,0,1,0
Australia,0.06,0.4162720759060543,desktop,0,1,260.0657599585901,19,1,1,1
Japan,0.05,0.05381603590174546,tablet,0,0,112.86801529414129,19,0,1,0
Russia,0.6,0.1543511236520485,desktop,0,0,119.9618270230221,13,0,0,1
United Kingdom,0.06,0.10497788811779185,desktop,0,1,65.09028863831678,7,0,1,0
India,0.18,0.2068066322294091,desktop,0,0,39.0635530003784,7,0,1,0
Australia,0.06,0.09814057503722425,desktop,0,1,61.05886543954977,0,0,1,0
Netherlands,0.08,0.13596740045063901,desktop,0,0,71.7190686771491,9,0,1,1
United States,0.05,0.10703744606411049,mobile,1,0,85.03674735937352,4,0,0,1
France,0.07,0.36241257495809154,desktop,0,0,36.223081391745396,16,1,0,1
Australia,0.06,0.22170343745723814,desktop,0,0,71.0516505747578,15,0,1,1
Germany,0.05,0.05618231081755203,mobile,0,0,51.258263392370914,21,0,1,0
Canada,0.05,0.03818000198964559,desktop,0,0,122.2758525123339,3,0,1,0
Australia,0.06,0.019104052793036667,desktop,0,0,32.54996313645283,17,0,1,0
Australia,0.06,0.01308062539797722,tablet,0,0,105.0507051676953,5,0,1,0
United States,0.05,0.18601545312923654,mobile,0,0,69.69755900485805,18,1,1,0
France,0.07,0.12797191107498512,mobile,1,0,36.002433759275355,19,0,0,1
United Kingdom,0.06,0.23085614167088014,desktop,0,0,132.5683935551314,7,0,1,0
Brazil,0.2,0.6765762761395957,mobile,0,0,264.4711690123915,23,0,0,1
Indonesia,0.3,0.13529602457534998,mobile,0,1,114.14828251607105,10,0,1,0
Germany,0.05,0.4306972946105957,desktop,1,0,175.1895002018384,15,0,1,1
United Kingdom,0.06,0.18964390725095936,desktop,0,1,58.26228654783317,17,0,1,0
Germany,0.05,0.1372848989888306,desktop,0,0,75.3984825211854,14,0,1,0
France,0.07,0.1475324434511234,tablet,0,0,89.22104372785455,20,0,1,0
Nigeria,0.55,0.22459518482007806,mobile,0,0,60.95583618258784,1,0,1,0
France,0.07,0.6757295230908241,desktop,0,1,152.01106313238222,12,1,1,1
United States,0.05,0.25027058428486004,desktop,1,0,87.5842402902608,18,0,1,1
United States,0.05,0.0070932419201343916,tablet,0,1,78.91704391417271,0,0,1,0
Germany,0.05,0.17217796290448778,desktop,0,0,101.90913193234181,11,0,1,0
Netherlands,0.08,0.1565116583062612,mobile,0,0,125.59506914439075,21,0,1,0
Australia,0.06,0.3452051309254245,mobile,0,0,99.45639434723464,7,0,1,1
Australia,0.06,0.14617439672140073,tablet,0,0,49.23950017626399,2,0,1,0
Germany,0.05,0.25212542787176134,desktop,0,0,73.36534841027193,9,0,1,0
India,0.18,0.1428654432868185,mobile,0,0,84.38946868062088,12,0,1,0
Canada,0.05,0.32414443732619747,desktop,0,0,97.82870078376183,2,0,1,0
Netherlands,0.08,0.061771552073188914,tablet,0,0,99.51759099151992,11,0,1,0
Vietnam,0.35,0.32196855098838517,desktop,0,0,72.21773266844721,15,0,1,0
France,0.07,0.09151345217212913,mobile,1,0,62.075442687786854,23,1,1,1
Vietnam,0.35,0.026220340331473316,desktop,0,0,104.90346837367956,16,0,1,0
Germany,0.05,0.1747444145984599,mobile,0,0,84.11366800258322,2,0,1,0
Japan,0.05,0.25029096282176255,desktop,0,0,81.33053805990164,22,0,1,1
United States,0.05,0.050746717195200554,desktop,0,0,57.5912300861301,15,0,1,0
France,0.07,0.15960915262628023,mobile,1,0,153.6897313774154,20,0,1,0
United Kingdom,0.06,0.02511503020282842,desktop,0,0,80.4121163767985,7,0,1,0
United States,0.05,0.1725187968770274,desktop,0,0,71.49400729841123,0,0,1,0
United States,0.05,0.027800443216539496,desktop,0,0,80.41388251744571,10,0,1,0
Germany,0.05,0.009019841905672144,tablet,0,0,70.38130823222954,8,0,1,0
Australia,0.06,0.03620054531280482,mobile,0,0,46.942972377141466,9,0,1,1
France,0.07,0.021242294435322065,mobile,0,0,81.82125352137913,22,0,1,0
Germany,0.05,0.25295520918105086,mobile,0,0,44.34233140290013,8,0,1,0
Pakistan,0.45,0.20840906924780267,mobile,1,0,76.40770796066846,6,0,1,0
Russia,0.6,0.024181349948989364,desktop,1,0,42.1983660781422,21,1,1,1
United Kingdom,0.06,0.3371086615691076,desktop,0,0,34.67402486489691,21,0,1,0
Canada,0.05,0.08385389887758656,mobile,0,0,91.33657320488204,17,0,0,0
Australia,0.06,0.03366364777585968,mobile,0,0,50.08514732884139,2,0,1,0
Japan,0.05,0.500564555773325,desktop,0,0,210.76760201051394,21,1,0,1
Canada,0.05,0.03303618574013119,mobile,0,0,78.19951486828475,0,0,1,0
Japan,0.05,0.12983952465248583,desktop,0,0,77.58740286041709,19,0,1,0
United Kingdom,0.06,0.12367910648738008,desktop,0,0,59.17670059103118,17,0,1,0
Canada,0.05,0.24380415564102584,desktop,0,0,70.3966302985419,10,0,1,0
Japan,0.05,0.1375272812697101,tablet,0,0,58.574029960494094,4,0,1,0
Australia,0.06,0.10322677636149144,desktop,0,0,102.58448553613795,1,0,1,0
Netherlands,0.08,0.5437636647209283,desktop,0,1,237.23409162449087,0,1,0,1
United States,0.05,0.04764376138605084,desktop,0,0,67.56311513185292,7,0,1,1
United Kingdom,0.06,0.15915686698609913,tablet,0,0,95.64563953129888,11,0,1,1
United States,0.05,0.3282905178187957,desktop,0,0,59.29152189171607,8,0,1,0
United Kingdom,0.06,0.26756110184617127,desktop,0,0,39.37253650952295,14,0,1,0
United States,0.05,0.04001994144227567,tablet,0,0,50.839151027596564,2,0,1,0
France,0.07,0.2401928298634655,mobile,0,0,106.64645533986943,16,0,1,0
France,0.07,0.30268261937591334,desktop,0,0,75.86159210858776,3,0,1,1
Japan,0.05,0.10315597950891356,desktop,0,1,81.63460503890427,10,0,1,0
Canada,0.05,0.03819250825339449,mobile,0,0,81.73668125371759,0,0,1,0
United States,0.05,0.2554195380491831,desktop,0,0,137.81185497412133,22,0,1,0
Japan,0.05,0.05872527287966956,desktop,0,0,35.64798551894017,10,0,1,0
United States,0.05,0.30450051926365035,desktop,0,0,70.47570577240249,8,0,1,0
Netherlands,0.08,0.4169334368530435,tablet,0,0,138.33864945648367,4,1,0,1
United States,0.05,0.05924569931066153,mobile,0,0,73.17860739164036,5,0,1,0
France,0.07,0.018014892438520638,mobile,1,0,97.49753428029267,6,1,1,1
Vietnam,0.35,0.37344517355290124,desktop,0,0,98.367088219003,2,0,1,0
Australia,0.06,0.2729516766064624,desktop,0,0,68.32952421524533,11,0,1,0
Australia,0.06,0.640888341998189,tablet,0,0,123.38252051139621,3,1,0,1
Japan,0.05,0.28478684347212463,mobile,0,0,177.32035382521337,3,0,1,0
United Kingdom,0.06,0.03222181068116068,desktop,1,0,73.53910818355985,2,0,1,0
Japan,0.05,0.4377816310618024,mobile,0,0,233.0572914075038,1,1,0,1
Nigeria,0.55,0.10812618543775307,desktop,1,0,114.64050639324591,19,0,1,1
Indonesia,0.3,0.11486206976172499,desktop,0,0,64.22236600020454,18,0,1,0
France,0.07,0.1911631402471551,desktop,0,0,115.82725238414747,16,1,1,1
Canada,0.05,0.4705682348996632,mobile,0,0,411.46906065927044,21,1,0,1
Japan,0.05,0.0013669911143192794,mobile,0,0,139.79626081996702,10,0,1,0
France,0.07,0.21340157776696972,desktop,0,0,86.43237639769215,8,0,1,0
Germany,0.05,0.19071263461107218,desktop,0,0,58.182844810413,10,0,1,0
United Kingdom,0.06,0.2642455477598591,mobile,0,0,158.08461492802647,11,0,1,0
United Kingdom,0.06,0.2039454388559577,desktop,1,0,90.99811850054424,2,0,1,1
France,0.07,0.03402781056464965,desktop,0,0,59.55467147826955,6,0,1,0
United Kingdom,0.06,0.2420685567707614,mobile,0,0,45.03782523146052,11,0,1,0
United States,0.05,0.11049406698363218,mobile,0,0,94.080641158872,11,0,1,0
United States,0.05,0.009242254975493644,desktop,0,0,119.63260978951209,9,0,1,0
India,0.18,0.14407049229852367,desktop,1,0,84.39178079636862,2,0,0,1
United States,0.05,0.351509187989366,mobile,0,0,82.7250645245993,6,0,0,1
United States,0.05,0.07279563929782243,desktop,1,0,127.1687907043281,11,0,1,0
France,0.07,0.4393352309635795,mobile,0,0,190.33103260867242,5,1,1,1
Germany,0.05,0.48766860588556227,mobile,0,0,151.05256021757467,11,1,1,0
Romania,0.4,0.37599366174566656,mobile,0,0,187.36107202626354,7,1,1,1
Brazil,0.2,0.31531742005280283,desktop,1,0,89.51896174121138,7,0,1,1
Canada,0.05,0.517901092057235,mobile,0,0,297.7613290719383,22,1,1,1
France,0.07,0.43227946964463354,tablet,0,0,262.5677282414798,20,1,1,1
Canada,0.05,0.16767897181195124,mobile,0,0,83.84900151856,16,0,1,0
United States,0.05,0.5531348211996795,desktop,0,0,314.5241319663093,10,1,0,1
Germany,0.05,0.4490618044254095,tablet,0,0,263.3570158807453,19,1,1,1
United Kingdom,0.06,0.6186887949030572,desktop,0,0,355.90794473726834,3,1,1,1
United States,0.05,0.19357891140912298,desktop,1,0,95.6835489718449,4,0,1,0
Australia,0.06,0.3203722390793423,desktop,0,1,67.32818336560658,18,0,0,1
United States,0.05,0.15083507260393345,desktop,0,0,68.99751284302447,21,0,1,0
United States,0.05,0.09979649201099108,desktop,0,0,82.54703850225113,3,0,1,0
France,0.07,0.22091401715601436,mobile,0,0,76.6480969930481,11,0,1,0
France,0.07,0.14992512552265932,desktop,1,0,116.74396089049009,2,0,0,1
United Kingdom,0.06,0.011122658491121866,desktop,0,0,79.37408975854602,23,0,1,1
United States,0.05,0.17004221430619626,mobile,0,0,44.782022063547586,8,0,1,0
United Kingdom,0.06,0.06254943144666411,desktop,0,0,48.73064496858699,19,0,1,0
Germany,0.05,0.1978435092076033,mobile,0,0,67.7827306035413,19,0,1,0
Netherlands,0.08,0.22642909869462163,tablet,0,0,94.88127401757656,3,0,1,1
Brazil,0.2,0.18340629482015772,desktop,0,0,57.17754663282703,22,0,1,0
Canada,0.05,0.07427833579095895,desktop,0,0,92.56995928704298,23,0,1,0
Canada,0.05,0.14680570624369713,desktop,0,0,56.347366631163666,15,0,1,0
Japan,0.05,0.44087814772415856,mobile,0,0,277.0780200278082,23,1,1,1
Australia,0.06,0.16443181159763146,desktop,0,0,85.20717903400148,21,0,1,0
United Kingdom,0.06,0.24885034002806486,tablet,0,0,49.395065390431796,13,0,1,0
United States,0.05,0.06135227406307306,mobile,0,0,84.64552779615842,13,0,1,1
France,0.07,0.14496526943221597,mobile,0,0,129.72842168699478,23,0,1,0
Australia,0.06,0.30563718118733474,tablet,0,0,68.77621048247599,4,0,1,0
United Kingdom,0.06,0.028950315753846698,desktop,0,1,75.6982567226945,11,0,1,0
Germany,0.05,0.15133724584934916,mobile,0,0,80.53430800562327,13,0,1,0
Germany,0.05,0.06743840439137333,mobile,0,0,76.07510347934007,2,0,1,0
Germany,0.05,0.13691878333489974,mobile,0,0,74.32275859551042,17,0,1,0
France,0.07,0.32112042065683316,mobile,0,0,72.33957322501622,15,0,1,1
Japan,0.05,0.07418533928286039,desktop,1,0,42.58055727645704,1,0,1,0
France,0.07,0.27085021630163797,mobile,0,0,86.36030308633975,20,0,1,0
United Kingdom,0.06,0.0556033978154964,mobile,1,0,50.590252689806285,10,0,0,1
United States,0.05,0.23892861466607437,mobile,0,0,84.08015536264526,2,0,1,0
Netherlands,0.08,0.25930688077927666,mobile,0,0,94.19924499235229,2,0,1,0
France,0.07,0.12762456561987337,desktop,0,0,84.97986507531039,6,0,1,0
United States,0.05,0.03245666396194842,tablet,0,0,54.09361772905509,9,0,1,0
Germany,0.05,0.044731030882811953,desktop,0,0,82.30178351925137,9,0,1,0
Netherlands,0.08,0.45611039358376604,desktop,0,0,199.18795126539345,13,1,0,1
Japan,0.05,0.4156126790466676,desktop,0,0,212.10005747083252,15,1,1,1
Nigeria,0.55,0.14596841778101505,desktop,0,0,151.75328991972174,17,0,1,0
Australia,0.06,0.1616720894884472,mobile,0,0,53.81938346254292,10,0,1,0
Canada,0.05,0.09181962537233215,desktop,1,0,87.63286248853856,8,1,1,1
Canada,0.05,0.4634077958431283,mobile,1,0,268.6934122734017,17,1,1,1
United Kingdom,0.06,0.33912616235319315,tablet,0,0,84.26579170055683,2,0,1,0
Australia,0.06,0.595851846460663,mobile,0,0,214.7938165397589,21,1,1,1
Australia,0.06,0.22840918632154317,desktop,0,0,60.767944199394144,11,0,1,0
United Kingdom,0.06,0.1423860324068594,tablet,1,1,45.19846061253885,15,0,1,1
Nigeria,0.55,0.10139432056923393,mobile,0,0,76.15075977347315,3,0,1,0
Canada,0.05,0.3961120113964373,mobile,0,0,331.5113895179763,2,1,1,1
United States,0.05,0.02591868400492494,desktop,1,0,67.5087820925206,2,0,0,1
Canada,0.05,0.4270913151501847,mobile,0,0,347.5204121281451,9,1,0,1
Nigeria,0.55,0.14060772155524812,desktop,1,0,72.74307542940144,17,0,1,1
Brazil,0.2,0.21812895807212748,desktop,0,0,42.840771265856574,22,0,1,1
France,0.07,0.14255722430183995,desktop,0,0,125.30699381798881,14,0,1,0
Romania,0.4,0.2150484048085665,mobile,0,0,49.305717703424904,10,0,1,0
Nigeria,0.55,0.36471309196063784,desktop,1,0,89.26820220570127,12,0,1,1
Netherlands,0.08,0.0036447676770141177,desktop,0,1,93.46082058988425,4,0,1,0
Netherlands,0.08,0.18857406086525252,mobile,1,0,72.71847885643892,4,0,1,1
Canada,0.05,0.05029920886551488,desktop,0,0,103.67837149310904,20,0,1,0
Japan,0.05,0.058919775712657434,desktop,1,0,76.83371957868195,22,0,0,1
Australia,0.06,0.28319255303470975,mobile,0,0,65.95344369017174,20,0,1,1
Japan,0.05,0.15384730144268124,tablet,0,0,36.05982365780231,20,0,0,1
United Kingdom,0.06,0.0211003521360263,mobile,1,0,40.80301052528716,17,0,1,0
Japan,0.05,0.047042479101254635,mobile,0,0,196.1274084029966,20,0,0,1
Romania,0.4,0.1773239505401306,desktop,0,0,96.77849714706213,1,0,1,0
Germany,0.05,0.02970675279810137,desktop,0,0,116.1440229646771,1,1,1,1
Pakistan,0.45,0.3301196852521695,desktop,1,0,180.50544981556587,21,0,1,1
Canada,0.05,0.5625072128877615,tablet,0,1,181.93781921150355,1,1,1,1
United Kingdom,0.06,0.05802591660625658,desktop,1,0,71.34603431321429,6,0,1,0
United Kingdom,0.06,0.0842477615275939,desktop,0,0,42.074161544859315,11,1,0,1
Netherlands,0.08,0.16873864273296196,mobile,0,0,67.73465560656149,12,0,1,0
Australia,0.06,0.04106664200860884,mobile,0,0,67.11543293010392,6,0,1,0
Germany,0.05,0.046554975745179465,desktop,1,0,65.37937091606247,21,0,1,0
Australia,0.06,0.033432962737567115,mobile,0,0,108.314471555353,8,0,0,0
Canada,0.05,0.06281035628594185,mobile,0,0,96.30496214971092,18,0,1,0
France,0.07,0.30482173960856507,tablet,0,0,103.46667310715513,17,0,1,1
Netherlands,0.08,0.24353118429994203,desktop,0,0,48.92065100565462,1,0,1,0
Japan,0.05,0.33821184882093913,desktop,0,0,75.7276382588565,22,0,1,0
Netherlands,0.08,0.1793008989127793,desktop,0,1,84.54649352562896,5,0,1,1
Australia,0.06,0.16183509985678574,desktop,0,0,144.1486797134738,14,0,1,0
Pakistan,0.45,0.14213022478072426,desktop,0,0,78.09170967605037,14,0,1,1
Germany,0.05,0.1676495395868853,desktop,0,0,70.7909799603301,0,0,1,0
Germany,0.05,0.16225647535465476,desktop,0,0,109.65505697553492,23,0,0,1
United States,0.05,0.33143806285658955,desktop,0,0,68.4860885234369,0,0,0,1
Australia,0.06,0.08630735880606744,desktop,0,0,88.37074929682431,10,0,1,0
Australia,0.06,0.14032396499996436,desktop,0,0,87.45877199076301,5,0,1,1
Japan,0.05,0.13368497651824823,desktop,0,0,62.4886424539053,4,0,0,1
Canada,0.05,0.29552608849031337,desktop,0,0,58.85258713227511,0,0,1,0
United States,0.05,0.37857855920879263,desktop,0,0,167.4442037458228,3,1,1,0
Australia,0.06,0.1788013014606994,tablet,0,0,63.339809393512695,3,0,1,0
Pakistan,0.45,0.39840869085693703,desktop,0,1,155.356037641032,16,1,1,1
Germany,0.05,0.2560478113914299,mobile,0,0,94.87198558170867,1,0,1,0
United Kingdom,0.06,0.06949262895193024,desktop,0,0,89.98312787258448,12,0,1,0
Germany,0.05,0.128091272447215,desktop,0,0,56.827846616336274,6,0,1,0
Canada,0.05,0.27319333470437906,desktop,0,0,54.93069221284049,0,0,0,1
Germany,0.05,0.042127185977248426,desktop,0,1,87.44544768681978,1,0,0,1
Canada,0.05,0.1962942392649296,mobile,0,0,136.07841625359396,20,0,1,1
Australia,0.06,0.17258860589999403,mobile,1,0,105.34825825271145,21,0,0,1
Canada,0.05,0.33234531574112974,desktop,1,0,112.19326041682963,14,0,1,0
Canada,0.05,0.04450246766404403,desktop,0,0,66.2499588333603,12,0,1,0
United States,0.05,0.06599583779124678,mobile,0,0,85.23484152800593,5,0,1,0
Brazil,0.2,0.19233468822028466,mobile,0,0,70.36246666088994,20,0,1,0
Canada,0.05,0.3756536074848775,desktop,1,0,57.16112614610976,11,0,1,1
Canada,0.05,0.19813002703005989,desktop,0,1,78.92371285840736,16,0,1,1
United States,0.05,0.3511901308026633,desktop,0,0,54.395761138433315,18,1,1,1
Australia,0.06,0.3708409447548101,desktop,1,0,56.78099144685483,11,0,0,1
Netherlands,0.08,0.584740745170829,desktop,0,1,223.9274825979677,7,1,1,1
United States,0.05,0.06814174438096093,desktop,0,0,65.466024233268,11,1,1,0
United Kingdom,0.06,0.23331253669077148,mobile,0,0,72.94335644697199,21,0,1,0
United Kingdom,0.06,0.2772496443162626,desktop,0,0,35.75896291495473,17,0,1,0
Australia,0.06,0.13250638084878064,desktop,0,0,53.17974245297889,16,0,1,0
India,0.18,0.06427748866376624,desktop,1,0,127.71558652814574,7,0,1,1
France,0.07,0.49307122954291865,mobile,0,0,111.29504327359676,7,0,0,1
Canada,0.05,0.03946199266352098,desktop,0,0,89.70139737790943,12,0,1,0
Netherlands,0.08,0.24858292286774025,desktop,0,0,85.25564080326974,0,0,0,1
Japan,0.05,0.04885028690378421,desktop,0,0,70.9590996246647,2,0,1,0
Germany,0.05,0.06674983811740592,desktop,0,1,54.107503508420585,13,0,1,0
United Kingdom,0.06,0.171107181842549,desktop,0,0,60.797126975701936,18,0,1,0
Canada,0.05,0.34899685126905644,desktop,0,0,146.2683296368522,9,0,1,0
Netherlands,0.08,0.33657982343837095,desktop,0,0,61.15154250552557,7,0,1,0
Japan,0.05,0.012891493541126143,desktop,0,0,134.63736076771835,16,0,1,0
Japan,0.05,0.4014171579943833,desktop,0,0,173.30001957782534,4,1,1,1
Netherlands,0.08,0.3247683750371217,desktop,0,0,65.90970894430096,2,1,1,0
Germany,0.05,0.1087651681366023,desktop,0,0,75.69794891011973,17,0,1,1
Canada,0.05,0.15947362647602606,tablet,0,0,69.29458845393002,11,0,1,0
United States,0.05,0.10228888787552476,mobile,0,0,53.064484818641,2,0,1,0
Netherlands,0.08,0.3298315600268953,mobile,0,0,73.33408388956526,15,0,0,1
Australia,0.06,0.08707406896773719,desktop,1,0,44.02443818045337,22,0,1,0
Germany,0.05,0.19721050243321894,tablet,0,0,83.7255989807012,8,0,1,0
United States,0.05,0.25057364462986953,mobile,0,1,79.73253139259153,16,0,0,1
Japan,0.05,0.3536774501940468,desktop,0,0,95.10173173657006,16,0,0,1
Japan,0.05,0.18422090478249167,mobile,0,0,61.936124046124476,17,0,1,0
Japan,0.05,0.612973118625097,desktop,0,0,391.52005186046904,11,1,1,1
United Kingdom,0.06,0.24736675498377161,tablet,0,0,85.68969928081232,1,0,1,0
Brazil,0.2,0.15123838244832818,desktop,1,0,77.06365801191023,3,0,1,1
Japan,0.05,0.10692456865953585,mobile,0,0,147.22854507142986,13,0,1,0
Japan,0.05,0.1541695185896059,tablet,0,0,86.90243386150524,12,0,1,0
Australia,0.06,0.328865731700994,desktop,0,0,62.655104682991535,0,0,0,1
Brazil,0.2,0.05775679502819652,mobile,0,0,126.17858561215283,5,0,1,0
India,0.18,0.10564076087628994,desktop,0,0,88.10900114267932,7,0,1,0
Australia,0.06,0.33346209586655867,mobile,0,0,137.3580643904455,19,0,1,0
Canada,0.05,0.09570810113675406,desktop,1,0,38.503954314352846,17,0,0,1
Canada,0.05,0.1485447858931073,desktop,1,0,66.33973981524251,20,0,1,0
Netherlands,0.08,0.07591743039299098,desktop,1,0,66.39759339823584,5,0,0,1
Australia,0.06,0.18081670007644066,mobile,0,0,38.056106053432444,20,0,1,0
United States,0.05,0.3799898986143804,mobile,0,0,161.15075720911372,16,0,0,1
United Kingdom,0.06,0.3982699858585746,desktop,0,0,208.49854512301619,1,1,1,1
Vietnam,0.35,0.04220381561127012,desktop,1,0,36.61216338023626,13,0,1,1
Nigeria,0.55,0.28926423846687116,desktop,0,0,56.3629063246681,6,0,1,0
Romania,0.4,0.2645990213349834,mobile,0,0,119.72950080498312,21,0,1,0
Canada,0.05,0.03251885105074251,desktop,0,0,101.29688797114073,10,0,1,0
Netherlands,0.08,0.04434050788314123,desktop,0,0,57.44893618575256,11,0,1,0
Netherlands,0.08,0.2943257411902063,tablet,0,0,56.86573863766117,22,0,1,0
Germany,0.05,0.01777362546033651,tablet,0,0,99.61331006103842,7,0,1,0
United Kingdom,0.06,0.11839025348731044,desktop,0,0,37.0418459624452,14,0,1,0
Pakistan,0.45,0.1966118756894555,desktop,0,0,90.71790688238606,20,0,1,1
United States,0.05,0.011898505494789414,mobile,0,0,38.818066132788466,13,0,1,0
Australia,0.06,0.13995814937936524,desktop,0,0,130.9347100238548,11,0,1,1
Australia,0.06,0.16279198063077333,desktop,0,0,92.79845937958969,7,0,1,0
Japan,0.05,0.1838855843224727,tablet,0,0,38.65136281317293,6,0,1,0
Germany,0.05,0.11391667898047818,desktop,0,0,64.51054824186448,20,0,1,0
Japan,0.05,0.06868960856936268,desktop,0,0,82.35610270229361,9,0,1,0
United Kingdom,0.06,0.27329230992936443,desktop,0,0,36.76650699553201,7,0,1,0
Netherlands,0.08,0.21438075966211756,mobile,1,0,72.58523019577392,10,0,1,0
Germany,0.05,0.11214453608706872,mobile,0,0,87.23109228570715,1,0,1,0
Japan,0.05,0.017231713595671803,desktop,0,0,35.730976024021984,5,0,1,0
Netherlands,0.08,0.08151829406416078,mobile,0,0,95.69269403078084,21,0,1,0
United Kingdom,0.06,0.28876147065936647,mobile,0,0,70.55156000675386,19,0,0,1
Germany,0.05,0.1760261698170765,mobile,0,0,101.58377245188804,21,0,1,0
Netherlands,0.08,0.08555863682895556,desktop,0,0,67.89278008309621,19,0,1,0
United States,0.05,0.2971549198504722,desktop,0,0,50.90807523284225,0,0,0,1
United Kingdom,0.06,0.2404243976160415,mobile,0,0,49.197856555444616,10,0,1,0
France,0.07,0.1623927901187545,desktop,0,0,66.07348707331484,3,0,0,1
India,0.18,0.03108601584898913,desktop,1,0,68.98850590508795,0,0,1,0
Australia,0.06,0.15086011735751292,mobile,0,0,106.956321478264,5,0,1,0
Canada,0.05,0.10424147774199706,mobile,0,0,66.83619630126053,2,0,1,0
Indonesia,0.3,0.2912607217462143,desktop,1,0,42.68669943904609,21,0,1,1
France,0.07,0.19050909235289656,desktop,0,0,62.787798172500935,12,0,1,0
Canada,0.05,0.24952562631093683,mobile,1,0,43.22988668251255,22,0,1,0
Canada,0.05,0.6941067372342182,desktop,0,0,218.64495035777588,6,1,1,1
Germany,0.05,0.14833753999753627,desktop,1,0,90.28350187161786,12,0,1,1
Germany,0.05,0.08630115582230712,desktop,0,1,95.83247482635078,7,0,1,0
Japan,0.05,0.11461370512803724,desktop,0,0,66.29540822446037,12,0,1,0
United States,0.05,0.5033475202539258,desktop,0,0,139.5616911072453,12,1,1,1
Japan,0.05,0.1510006272697469,tablet,0,0,61.63587935192429,1,0,1,0
United Kingdom,0.06,0.12226809810528105,desktop,0,0,71.38118651083602,15,0,1,0
Canada,0.05,0.21283605103063208,desktop,0,1,61.66948873481915,5,0,1,0
United Kingdom,0.06,0.037723958193950705,desktop,1,0,129.45895382212362,4,0,1,0
Australia,0.06,0.422781128639643,desktop,0,0,140.63734355251424,23,0,1,0
Japan,0.05,0.13997728726363856,desktop,0,0,71.107437454378,16,0,1,0
Canada,0.05,0.23255832033110266,mobile,0,0,56.65682651197045,2,0,0,1
United Kingdom,0.06,0.19171792459533435,mobile,0,0,57.10637399497978,2,0,1,0
Germany,0.05,0.3735967568827529,desktop,1,1,47.20198493330251,1,0,0,1
Netherlands,0.08,0.704790992151791,desktop,0,0,199.93645434720338,13,1,0,1
Germany,0.05,0.22900761977054937,desktop,0,0,141.91919329325648,16,0,1,1
Netherlands,0.08,0.15729252739017555,desktop,0,0,89.15273354564866,16,0,1,0
Canada,0.05,0.3486734390075209,desktop,0,0,65.45685452347143,0,0,1,0
United Kingdom,0.06,0.11593704369967149,desktop,1,0,58.56886695422327,7,0,1,0
Japan,0.05,0.2222413245470758,desktop,0,1,113.56285419272926,4,0,1,0
France,0.07,0.05355692885967091,desktop,0,0,55.00998318743668,20,0,1,1
United States,0.05,0.13535483263009077,mobile,0,0,40.60439146246842,3,0,0,1
Romania,0.4,0.11708788029451153,desktop,0,0,87.03575957965946,18,0,0,1
United Kingdom,0.06,0.23724312009845402,tablet,0,0,53.28436728327889,5,0,1,0
Canada,0.05,0.26993783920093517,desktop,0,1,47.029838014988584,21,0,1,1
Canada,0.05,0.23679839895820154,mobile,0,0,50.28238611155788,7,1,1,0
France,0.07,0.08819835222210347,mobile,0,0,85.22153230949822,8,0,1,0
Netherlands,0.08,0.05907497469274043,mobile,0,0,71.05938956124346,12,0,1,0
United States,0.05,0.16344493941770322,mobile,0,0,52.218579283076885,22,0,1,0
India,0.18,0.06743819335317097,desktop,0,0,86.8635188089773,10,0,1,0
Australia,0.06,0.03688335812244791,desktop,0,0,55.16695894179707,11,0,1,0
Russia,0.6,0.14858122102138357,tablet,1,0,41.576072105318445,9,0,0,0
Netherlands,0.08,0.2643089157810771,desktop,0,0,46.63038282224024,7,0,1,0
India,0.18,0.06516632588741769,mobile,0,0,74.26947021773795,23,0,1,0
Australia,0.06,0.06918868811852226,mobile,1,0,56.02234301286147,14,0,1,0
Canada,0.05,0.12340450525386522,desktop,1,0,76.46565738940726,23,0,1,0
France,0.07,0.12361326650963156,mobile,0,1,108.78112302602209,21,1,1,1
Japan,0.05,0.14502350569737896,desktop,0,0,59.115795104308795,10,0,1,0
Canada,0.05,0.2617955255655011,desktop,0,0,187.39306350856722,21,0,1,0
Japan,0.05,0.03205467260735534,mobile,0,0,81.18072363008766,3,0,1,0
United States,0.05,0.07266247939673096,mobile,0,1,69.28980286185272,5,0,1,0
Netherlands,0.08,0.04990047151511173,desktop,0,0,46.19419994339695,11,0,1,0
United Kingdom,0.06,0.3703382528576644,desktop,0,1,65.23634605006852,3,0,1,0
Russia,0.6,0.04188389982958803,mobile,1,0,67.55970160880982,0,0,0,1
United Kingdom,0.06,0.22148500737870422,mobile,1,0,96.14993024942014,10,0,1,0
United Kingdom,0.06,0.15713453780726366,mobile,0,0,59.82841481674297,1,0,0,1
Netherlands,0.08,0.01998473723272981,desktop,0,0,85.74115718056733,22,0,1,0
Netherlands,0.08,0.024898614055443666,desktop,0,0,74.79174583655696,12,0,1,0
Japan,0.05,0.032536471664395536,desktop,0,1,103.66545117650114,23,0,1,0
Romania,0.4,0.2356065936925139,desktop,0,0,106.56623938361645,15,0,1,0
Germany,0.05,0.1470470684748797,mobile,0,0,82.82723231902516,6,0,1,0
Netherlands,0.08,0.07591273567549948,desktop,0,0,96.32665166793777,15,0,0,0
Canada,0.05,0.04863825383595851,desktop,0,0,109.20727222666599,1,0,0,0
France,0.07,0.6081559809440232,mobile,1,0,170.0684761563459,12,1,0,1
France,0.07,0.5270740032742346,desktop,0,0,237.2131751542217,17,1,0,1
United States,0.05,0.09507365818476939,mobile,0,0,85.04872755852135,10,0,1,0
Australia,0.06,0.40369580458329857,desktop,1,0,340.28320784237235,5,1,1,1
Japan,0.05,0.3205437495084276,desktop,0,1,76.66293967385188,22,0,1,0
United Kingdom,0.06,0.021970868748235825,mobile,0,0,95.11930175033326,5,0,0,1
India,0.18,0.34575481826884663,mobile,0,0,58.16580115094361,6,0,1,1
France,0.07,0.04916690772784958,mobile,0,0,124.62598974533873,17,0,1,1
United Kingdom,0.06,0.1687533118168776,desktop,0,0,86.25720860224575,6,0,0,0
Australia,0.06,0.04950324003301822,desktop,0,0,65.30892022184854,4,0,1,0
United Kingdom,0.06,0.07606502978880561,mobile,0,0,71.91390405258694,3,0,1,1
United States,0.05,0.1948809550552976,mobile,0,0,68.27631998534835,18,1,1,0
Japan,0.05,0.1893858871383979,desktop,0,0,73.8281689572312,2,0,1,0
United Kingdom,0.06,0.20962098278938135,desktop,0,1,79.31422345269787,22,0,1,0
United States,0.05,0.36583544802053997,desktop,0,0,68.79493362938418,3,0,1,0
Japan,0.05,0.11464054211044845,desktop,0,0,42.274657523546644,3,0,1,0
United States,0.05,0.2798531486702232,tablet,0,0,137.14580755162768,23,0,1,0
Netherlands,0.08,0.012319077449254711,desktop,1,0,80.89917044041991,13,0,1,0
Netherlands,0.08,0.36704338844362555,desktop,0,0,81.03898422422765,17,0,1,0
United Kingdom,0.06,0.4810621714364507,mobile,0,0,131.2996721633588,16,0,0,0
France,0.07,0.34612511471807805,tablet,1,0,101.27269985536981,6,1,1,1
United States,0.05,0.49031356388159997,mobile,0,0,241.11002806781642,12,1,1,1
Australia,0.06,0.2552831630086033,mobile,0,0,66.10021217212646,11,0,1,0
United States,0.05,0.11008452554535757,tablet,0,0,67.59594358509922,21,0,1,0
Russia,0.6,0.3578684582519337,desktop,1,0,114.20084931364703,20,0,0,1
United Kingdom,0.06,0.02104911806828149,mobile,0,0,79.10973189110022,1,0,1,0
Japan,0.05,0.09258460462967188,desktop,0,0,72.79926883708148,15,0,1,0
United Kingdom,0.06,0.04854851675915191,desktop,0,0,63.28143144066728,23,0,0,0
United Kingdom,0.06,0.07198583953505075,desktop,0,0,65.8787623459551,10,0,1,0
France,0.07,0.273377127091015,desktop,0,0,107.578712114642,13,0,1,0
Australia,0.06,0.1306697101539913,mobile,0,0,53.47873651769274,18,0,1,0
Pakistan,0.45,0.15834145589446685,mobile,0,0,93.16704524386077,5,0,1,0
United States,0.05,0.14440425607979768,desktop,0,0,94.37878184572666,6,0,1,0
United States,0.05,0.04345217031542221,mobile,1,0,79.47720705311849,15,0,1,1
Canada,0.05,0.26393113884183417,mobile,0,0,68.96079628166741,23,0,1,0
Canada,0.05,0.12455298506572432,desktop,0,0,43.87262286966397,15,1,1,1
Nigeria,0.55,0.37000526483429264,mobile,0,0,92.98603283130403,18,0,1,1
Brazil,0.2,0.2127940170231793,desktop,1,0,42.17087230295061,0,0,1,1
Nigeria,0.55,0.14289914322923133,desktop,0,0,78.1313925202277,2,0,1,0
United Kingdom,0.06,0.14178809095615683,desktop,0,1,75.05580685553048,20,0,1,0
Canada,0.05,0.396249035169923,tablet,0,0,405.5313828933051,18,1,1,1
Japan,0.05,0.36589589203123096,desktop,0,0,53.86602412463879,1,0,1,0
Germany,0.05,0.3068889378752843,desktop,0,0,52.94192105226467,9,0,1,0
Japan,0.05,0.06512039449832645,mobile,0,0,88.86385488466478,5,0,1,0
Germany,0.05,0.4308235454757717,mobile,0,0,279.9106160740852,14,1,0,1
Germany,0.05,0.011853997459904977,tablet,0,0,36.37970766483688,14,0,1,0
Netherlands,0.08,0.12866822976245512,desktop,0,1,73.53992170441497,0,0,1,0
Germany,0.05,0.10471657960601004,mobile,0,0,138.75526695295267,18,0,1,0
Romania,0.4,0.06199787872011068,mobile,0,0,89.30135169502292,4,0,1,1
Germany,0.05,0.24021892817378895,desktop,0,0,48.66900359437112,15,0,1,0
United States,0.05,0.10362172242214046,mobile,1,0,86.86783317112784,19,0,1,0
Germany,0.05,0.22324890063762134,desktop,0,0,103.9571321186463,14,0,1,0
United Kingdom,0.06,0.15129765427741726,mobile,0,0,40.29554249227103,23,0,0,1
France,0.07,0.13511941254819362,desktop,0,0,66.64588562915652,11,0,1,0
United Kingdom,0.06,0.18898377842186465,desktop,0,0,116.14497190296805,6,0,1,0
Australia,0.06,0.25209380947418897,tablet,0,0,43.22964725130716,12,0,1,0
Nigeria,0.55,0.36020036817672946,tablet,0,0,66.8211855196136,17,0,1,1
Canada,0.05,0.02748955417337608,desktop,0,0,68.3533304533537,10,0,1,0
United Kingdom,0.06,0.010917168937917308,mobile,0,0,63.72405257160028,2,0,1,0
Canada,0.05,0.07848931507175781,tablet,0,0,119.2888281655083,6,0,1,0
Netherlands,0.08,0.10201144091762099,desktop,0,0,113.04653160529449,12,0,1,0
Australia,0.06,0.0930637494811828,mobile,0,0,66.29657667897919,8,0,1,0
United States,0.05,0.147335472636975,desktop,0,0,51.62515556122699,21,0,1,0
France,0.07,0.4421899930467855,mobile,0,1,199.60588542693245,21,1,1,1
France,0.07,0.2675295602959371,desktop,0,0,96.66209569564039,15,0,0,1
Canada,0.05,0.11175772732850997,mobile,0,0,73.26754103994493,9,0,1,0
United Kingdom,0.06,0.22478324564318672,desktop,1,0,92.68594507712793,4,0,1,1
Indonesia,0.3,0.09876004085137938,desktop,1,0,92.44693058297513,18,0,1,0
United Kingdom,0.06,0.07540664579718795,mobile,0,0,54.266553757295235,22,0,1,0
United Kingdom,0.06,0.009348673708681834,desktop,0,0,59.865773494382765,14,0,1,0
United Kingdom,0.06,0.06724686835043267,tablet,0,0,73.8453393097901,0,0,1,0
Australia,0.06,0.17725112979276314,desktop,0,0,37.46201690726403,5,0,1,0
France,0.07,0.2981326313647888,desktop,1,0,65.37004568411504,13,0,1,0
Germany,0.05,0.1546302043008294,mobile,0,0,55.8505323536973,3,0,1,1
Canada,0.05,0.41066349515431844,desktop,0,0,219.5590788409927,13,0,1,0
Japan,0.05,0.4733299017389838,mobile,0,1,183.05739749148879,2,1,1,1
Germany,0.05,0.2158974930134636,desktop,1,0,85.65175159460435,10,0,1,0
Brazil,0.2,0.2218094902766893,mobile,0,0,79.66937885329645,11,0,1,0
Germany,0.05,0.052154011700931535,mobile,1,0,71.11909432423506,15,0,1,1
United Kingdom,0.06,0.0626465038672334,desktop,0,0,86.85307793717928,4,0,1,0
Romania,0.4,0.12515365652359647,desktop,0,0,90.67867810412866,14,0,1,0
Netherlands,0.08,0.10090566809887289,desktop,0,0,67.81153391584293,6,0,1,0
Canada,0.05,0.2793572935538975,tablet,0,0,74.61872638033415,10,0,1,0
Netherlands,0.08,0.10657060527736485,desktop,0,0,58.11752408963341,20,0,1,0
France,0.07,0.04147798818120217,desktop,0,1,57.88075772898728,1,0,1,0
Canada,0.05,0.09100011763723011,desktop,0,0,128.1485013567534,11,0,1,0
Netherlands,0.08,0.19137568598978535,mobile,0,0,68.66265856277137,22,0,1,0
Japan,0.05,0.5002195326030489,desktop,0,0,213.94225364241416,7,0,1,0
Germany,0.05,0.36319108993523336,desktop,0,0,71.73488215683686,10,1,1,0
Australia,0.06,0.38717010378714,mobile,0,0,266.8538693459419,4,1,1,1
Canada,0.05,0.11499055219569228,tablet,1,0,60.92303040832905,3,0,0,1
United States,0.05,0.11284037175904053,mobile,0,0,63.00884775047554,10,0,1,1
Romania,0.4,0.05821022714257237,mobile,0,1,102.30413705193438,13,0,1,0
Australia,0.06,0.27124617140133067,desktop,0,0,43.79148235850481,6,0,0,1
Australia,0.06,0.04378278367029345,desktop,0,0,78.68239333797237,13,0,1,0
Australia,0.06,0.16692547075373682,desktop,0,0,55.294658287302546,0,0,0,1
Australia,0.06,0.05280894176271955,mobile,1,0,36.48280919354318,12,0,1,0
Germany,0.05,0.2304413719459996,desktop,0,0,71.63505960527193,20,0,1,0
Indonesia,0.3,0.37931167479199507,desktop,0,1,155.88349959430408,17,1,1,1
Australia,0.06,0.09767876981060641,mobile,0,0,46.216198148339544,13,0,1,0
Japan,0.05,0.14400614086620997,mobile,1,0,182.82447283254035,23,0,1,0
France,0.07,0.19847666363542296,desktop,0,0,89.0972974343514,19,0,1,0
Germany,0.05,0.23421417751280232,mobile,0,0,89.86579070878774,1,0,1,0
United States,0.05,0.346381050161854,desktop,0,0,72.33886082284398,17,0,1,0
Canada,0.05,0.23053260359749445,mobile,1,0,48.52355105161341,17,0,1,1
United Kingdom,0.06,0.06896443517296436,tablet,0,0,69.55208030039162,0,1,1,0
Japan,0.05,0.150996161425602,desktop,0,0,65.08371933453378,9,0,0,0
Nigeria,0.55,0.13666085474989548,mobile,1,0,37.581209921798845,15,0,1,1
Germany,0.05,0.20393374167077788,mobile,0,0,137.95852440109732,15,0,1,1
Canada,0.05,0.0903579992716361,tablet,0,0,71.42897098562037,3,0,1,0
Japan,0.05,0.27960297323879707,desktop,0,0,55.06538738091139,5,0,0,0
United Kingdom,0.06,0.1459879706752819,desktop,1,0,76.94606044156616,1,0,1,0
India,0.18,0.1966305559448642,desktop,1,0,45.48947979516833,12,0,1,0
Canada,0.05,0.10311011775106552,mobile,0,0,53.07728434350584,0,0,1,0
United States,0.05,0.08697814533886614,desktop,0,0,126.18675192223641,15,0,1,0
United Kingdom,0.06,0.00964575765876982,desktop,0,0,61.442119846169085,20,0,1,0
India,0.18,0.21330320874834943,tablet,0,0,73.23296066204357,18,0,1,0
Germany,0.05,0.09776868814537844,desktop,0,0,76.41856706628583,13,0,1,0
Japan,0.05,0.05861743356618489,desktop,1,0,69.34333423893706,16,0,1,1
United Kingdom,0.06,0.4830389218162023,mobile,0,0,179.16556626369467,18,0,1,0
United Kingdom,0.06,0.3697029631289189,desktop,0,0,163.070732458994,18,0,1,0
Nigeria,0.55,0.2823120865883183,desktop,1,0,56.86289893640655,15,0,0,1
United Kingdom,0.06,0.22095313659462984,desktop,0,0,53.90032013249804,23,0,1,1
United States,0.05,0.08279630063318763,desktop,0,0,87.50737269465505,3,0,1,1
France,0.07,0.26313644752524407,desktop,0,0,47.006427638512505,11,0,1,0
Netherlands,0.08,0.029568019302480104,mobile,0,0,105.3648965034397,14,0,1,0
Germany,0.05,0.1466441936861598,desktop,0,0,68.69119940641673,20,0,1,0
United Kingdom,0.06,0.38537645359094147,desktop,0,0,240.48994213228417,2,1,1,0
Indonesia,0.3,0.1574914268266588,tablet,0,0,81.73107781911575,7,0,1,0
Japan,0.05,0.36215128888143144,mobile,0,0,65.44154007208122,1,0,1,1
Netherlands,0.08,0.09157455780059577,mobile,0,0,101.54401984956735,7,0,1,0
Japan,0.05,0.05731133518091771,tablet,0,0,92.518874850314,8,1,1,0
Japan,0.05,0.39355251903249444,desktop,0,0,197.33191320496712,7,1,1,1
Canada,0.05,0.40176308402660277,mobile,0,0,263.9359207646597,2,1,0,1
Germany,0.05,0.0923343753868092,tablet,0,1,65.23341028064799,14,0,1,0
Japan,0.05,0.06145663109655542,mobile,0,0,70.8841420763664,16,1,1,1
Japan,0.05,0.43077701253631107,desktop,0,0,269.7042876465571,4,1,0,1
Russia,0.6,0.466246072726822,mobile,1,0,95.10601139611578,14,0,1,1
Australia,0.06,0.6089596044521953,desktop,0,0,272.6949275316004,8,1,0,1
Germany,0.05,0.24295840015189515,desktop,0,0,107.61441107762926,16,0,1,0
France,0.07,0.15318917983210642,mobile,0,0,53.060312578337395,11,0,0,1
Australia,0.06,0.32544489775057134,desktop,0,0,58.54596412712209,21,0,1,0
Canada,0.05,0.0927773106599015,desktop,1,0,132.40842245175793,17,0,1,0
Netherlands,0.08,0.3434251495731284,desktop,0,0,83.76554600959221,8,0,1,0
Australia,0.06,0.3868823009963078,desktop,0,0,294.9966934662208,11,1,1,1
United States,0.05,0.07296124633988792,desktop,0,0,94.90613989156834,13,0,1,0
Australia,0.06,0.11717598117548592,mobile,0,0,76.7827114790488,2,0,1,0
Australia,0.06,0.6796376656678448,mobile,1,1,155.51012872894393,8,1,1,1
Brazil,0.2,0.1606481616522311,mobile,0,0,100.51725539519265,6,0,1,0
Canada,0.05,0.21511859298206557,desktop,1,0,54.7926896588416,3,1,1,1
Australia,0.06,0.25376529017049454,desktop,0,0,135.22045207448232,5,0,1,0
France,0.07,0.37866585673642994,tablet,0,0,267.81862483052873,20,1,0,1
France,0.07,0.10792046459501048,desktop,0,0,105.43363821395711,19,0,1,1
United States,0.05,0.1293381353021645,desktop,0,1,87.97620666001264,13,0,1,0
Vietnam,0.35,0.1765614091890479,tablet,0,0,60.85077633025036,14,0,1,0
Brazil,0.2,0.05208952078053562,desktop,0,0,87.29131617612522,14,0,1,0
Australia,0.06,0.20739993989395514,desktop,0,0,77.06249590908043,16,0,1,0
Australia,0.06,0.3888675118596159,desktop,0,0,279.282155346781,6,1,1,0
United States,0.05,0.15902152363227068,mobile,0,1,71.49594023959163,13,0,1,0
Australia,0.06,0.13633832303437482,desktop,0,0,47.60545426872967,19,0,1,0
Canada,0.05,0.11521228364780924,mobile,1,0,88.02500001957377,0,0,0,1
Japan,0.05,0.23689828678210959,mobile,0,0,70.13804766685251,12,0,1,0
United States,0.05,0.03253585059517004,mobile,0,0,100.19325996819605,2,0,1,0
Japan,0.05,0.01045085599690977,desktop,0,1,57.75037297242844,1,0,1,0
Germany,0.05,0.19696570111423597,desktop,0,1,46.82596934962154,14,0,1,0
Australia,0.06,0.11597364215657195,mobile,0,0,50.56852047977734,7,0,1,0
Australia,0.06,0.47991966922228946,tablet,0,0,246.20916334651247,12,0,1,0
Germany,0.05,0.21546082036615946,desktop,0,0,212.75701784992836,10,0,1,0
France,0.07,0.15913053936100488,desktop,0,0,148.4821421937085,13,0,0,0
Netherlands,0.08,0.6795758912504029,mobile,0,1,262.4623561397797,8,1,1,1
Australia,0.06,0.39228559501953664,mobile,0,0,228.03348703948814,12,1,1,1
United States,0.05,0.21816383348690718,tablet,0,0,50.76522572367743,2,0,1,0
France,0.07,0.02683783711527208,mobile,0,0,96.636009997213,5,0,0,1
Germany,0.05,0.08972198948689163,desktop,1,1,154.12329986611874,7,0,1,0
Australia,0.06,0.14549905072781047,mobile,0,0,101.15748098286957,12,0,1,0
Australia,0.06,0.02316998542678255,mobile,0,0,78.76640056081521,0,0,1,0
United States,0.05,0.18820183228588616,desktop,0,0,53.326602747436795,21,0,1,1
Australia,0.06,0.15214360974077668,desktop,0,0,66.6876814386078,5,0,1,1
Japan,0.05,0.013602427730655337,desktop,1,0,76.02200691783109,20,0,1,0
Netherlands,0.08,0.0494508039314961,desktop,0,1,100.37713643805016,15,0,1,0
United States,0.05,0.34360072481235104,mobile,0,0,61.88811413217908,7,0,1,0
Germany,0.05,0.03783235354433725,desktop,1,0,84.81021047453525,12,0,1,0
Canada,0.05,0.14095758900371178,mobile,0,0,81.14842680179889,6,0,1,0
United Kingdom,0.06,0.05075500726553837,desktop,0,0,76.33401451662561,9,0,1,0
Canada,0.05,0.10393153886964444,desktop,0,0,64.17351420485063,19,0,1,0
United States,0.05,0.04858581230296788,mobile,0,1,76.88696253665626,23,0,0,1
United Kingdom,0.06,0.24393599273254962,desktop,0,0,71.26724301150827,11,0,0,1
Japan,0.05,0.14690432876008785,mobile,0,0,56.056213975426886,1,0,1,0
Germany,0.05,0.19380996349228405,desktop,0,0,100.44209841220238,10,0,1,0
Japan,0.05,0.2710330035173165,mobile,0,0,127.88557051351594,15,0,1,1
United States,0.05,0.22599933801653183,tablet,0,0,78.22104652608071,12,0,1,0
Australia,0.06,0.2691186313554787,desktop,0,0,72.52280705643534,14,0,1,0
Canada,0.05,0.15096065060532174,desktop,0,0,96.117072275934,3,0,1,1
Netherlands,0.08,0.0614811361589407,mobile,0,0,78.63769609430682,12,0,1,0
Netherlands,0.08,0.2098817991485048,desktop,0,0,109.85060677337522,9,0,0,1
Canada,0.05,0.24608651437991244,desktop,1,0,76.49464059444489,6,0,1,0
Australia,0.06,0.02332144204529782,mobile,0,0,90.48259429163207,23,0,1,0
Germany,0.05,0.11963570876330595,desktop,0,0,135.1949119507132,12,0,1,1
Australia,0.06,0.14755377556852387,mobile,0,0,114.85751291544355,8,0,1,0
United States,0.05,0.08225104603037639,desktop,0,0,69.76334855212744,11,0,1,0
Canada,0.05,0.37280393065365824,mobile,0,0,107.60808590781653,15,0,1,0
United Kingdom,0.06,0.4406095300963108,mobile,0,0,215.60831601327442,3,0,1,0
Nigeria,0.55,0.529083191114403,desktop,0,0,141.549594612408,23,1,1,1
France,0.07,0.05412018248604415,mobile,0,0,98.66692507855811,5,0,1,0
Australia,0.06,0.04085285905772734,desktop,0,0,125.89205796169217,2,0,1,0
Canada,0.05,0.3097976190116015,desktop,0,0,56.656066362230405,10,0,1,0
Germany,0.05,0.3790182521611728,mobile,0,0,293.91276919505606,23,1,0,1
United Kingdom,0.06,0.10947689965948092,mobile,0,0,73.77829275193844,8,0,1,0
Brazil,0.2,0.029825637312122132,mobile,0,0,71.35964346911861,13,0,1,0
Netherlands,0.08,0.1881323229144086,mobile,0,0,48.15063767758635,3,0,1,0
United Kingdom,0.06,0.28342789995789064,desktop,0,0,87.81707916369889,11,0,1,0
Japan,0.05,0.11664359933392639,mobile,0,0,47.159585991936424,5,0,1,0
Canada,0.05,0.22938603832437457,mobile,0,0,109.75221651430684,0,0,1,0
United States,0.05,0.1439386607862055,desktop,0,0,118.20606521464958,14,0,1,0
France,0.07,0.3235480032440381,desktop,0,0,58.940264427756986,12,1,0,1
United Kingdom,0.06,0.3312323414990344,desktop,0,0,47.26726061350486,16,0,1,0
United Kingdom,0.06,0.3494840942801674,desktop,0,0,72.87390014841816,23,0,1,1
Japan,0.05,0.3024310312423923,mobile,0,0,61.43786440686539,18,0,1,0
Germany,0.05,0.49707496350087604,desktop,0,0,175.22648154503702,20,1,1,0
Vietnam,0.35,0.18514101963461302,mobile,0,1,76.09988535873697,12,0,1,0
Japan,0.05,0.1580555738234322,tablet,0,0,53.21875044337772,22,0,1,0
Netherlands,0.08,0.14085932650503916,tablet,0,1,131.71865010438123,1,0,0,1
Australia,0.06,0.1353725631607236,mobile,0,0,58.88513864625057,18,0,1,0
Netherlands,0.08,0.4751495884092993,mobile,0,0,210.2061198046486,5,1,0,1
Canada,0.05,0.18940903880530172,desktop,1,0,53.976533342137714,23,0,0,0
Australia,0.06,0.3145978323834439,mobile,0,0,75.2997631150823,17,0,1,0
France,0.07,0.10571631897636714,mobile,0,0,86.28090983623785,4,0,1,0
Brazil,0.2,0.3298069080664584,tablet,0,0,77.2828823425127,6,0,1,1
United Kingdom,0.06,0.23673487693822237,mobile,0,1,67.43220832115826,1,0,1,1
Australia,0.06,0.08862397946472197,desktop,0,0,62.01960372107892,16,0,1,0
Japan,0.05,0.373802142941869,mobile,0,0,63.919383317475194,4,0,0,1
Canada,0.05,0.04293147622788017,mobile,0,0,58.188804731982195,15,0,1,0
Netherlands,0.08,0.050225393600407404,desktop,0,0,82.81095977906628,1,0,1,0
Canada,0.05,0.34720891765889117,mobile,0,1,139.90164454848173,12,0,0,1
United Kingdom,0.06,0.10833531801890521,mobile,0,0,83.57572027724761,5,0,1,0
Australia,0.06,0.22748872225348915,mobile,0,0,90.7878602656845,7,0,1,0
Canada,0.05,0.055709897509341084,tablet,0,0,107.63975757491549,10,0,1,0
United States,0.05,0.058078679330606085,mobile,0,0,62.937330406768126,1,0,1,1
United States,0.05,0.12278314899450857,mobile,0,0,39.192332377892015,9,0,1,0
United Kingdom,0.06,0.06255921856832823,desktop,0,0,73.77556308504529,17,0,1,1
Netherlands,0.08,0.06940444337483839,desktop,0,1,99.40844218161621,8,0,1,0
Vietnam,0.35,0.18559307450273063,desktop,0,1,148.94921186805115,5,0,1,1
Australia,0.06,0.42153817267186716,desktop,0,0,198.46408245514817,11,1,1,1
United States,0.05,0.12805550944176886,mobile,0,0,108.30223746709427,6,0,1,0
France,0.07,0.0835106852241098,mobile,0,0,80.74986518269007,21,0,1,0
Netherlands,0.08,0.24849500895270848,desktop,0,0,64.32264752296747,2,0,1,0
Japan,0.05,0.18816489815202375,desktop,1,0,51.10614709835821,11,0,1,0
Germany,0.05,0.16671352158564406,tablet,0,0,60.07750707338731,17,0,1,0
United Kingdom,0.06,0.08466742190450971,desktop,0,0,90.0754492162846,9,1,1,0
Vietnam,0.35,0.13056124639947042,desktop,0,0,113.06559776314076,23,0,0,1
Netherlands,0.08,0.28671179288382875,mobile,0,1,28.40360058798842,23,0,1,1
United States,0.05,0.16622483628315343,mobile,0,0,88.1786985615874,11,0,1,0
Netherlands,0.08,0.03522332813924858,desktop,0,0,60.29564720110199,17,0,1,0
United States,0.05,0.35744906838833523,desktop,1,0,62.29822607220041,8,0,1,1
United States,0.05,0.21564525243130928,desktop,0,1,85.26604471189663,22,0,1,0
Japan,0.05,0.08570163448252904,desktop,0,0,144.37062829513056,12,0,1,0
France,0.07,0.118796836520998,desktop,0,0,57.32588986866136,14,0,1,0
Canada,0.05,0.3279076000051859,desktop,0,0,71.27408561465604,9,0,1,1
Brazil,0.2,0.0649878507157411,desktop,0,1,42.46087353436081,10,0,1,0
Netherlands,0.08,0.16835455614025863,desktop,0,0,85.92498430793273,7,0,1,0
United States,0.05,0.28948918211535446,mobile,1,1,57.887358834401454,6,0,1,1
Australia,0.06,0.1738848740500114,desktop,0,0,127.947293259829,23,0,1,0
Netherlands,0.08,0.16377110653076296,desktop,0,0,83.60571896576816,8,0,1,0
Australia,0.06,0.07226240538985733,desktop,0,0,66.74415275484068,22,0,1,0
Indonesia,0.3,0.21674537067638677,desktop,1,0,66.90681158915238,0,0,1,0
Japan,0.05,0.1938450613317999,mobile,1,1,83.7347482925122,15,0,0,1
United States,0.05,0.01857178351245887,desktop,0,0,93.86746952758389,19,0,1,0
United Kingdom,0.06,0.2534547090882525,tablet,0,0,48.955283451005776,0,0,1,0
Netherlands,0.08,0.39089035175274345,mobile,0,0,340.1898977696087,1,1,1,0
Pakistan,0.45,0.42202030980706506,desktop,1,0,182.34011428184516,8,1,1,1
United States,0.05,0.12236414161332895,tablet,0,0,79.36804054168056,7,0,1,0
United States,0.05,0.12974567542923732,desktop,0,0,116.40126948565877,4,0,1,0
Netherlands,0.08,0.33703540186987174,desktop,0,0,44.74888637335104,12,0,1,0
United States,0.05,0.16903581604515686,desktop,0,0,102.98407793454432,13,0,1,1
United States,0.05,0.10477515654288712,mobile,0,0,83.72505854602046,20,0,1,0
Vietnam,0.35,0.5014162813734186,mobile,1,0,196.3368174773129,9,1,0,1
Netherlands,0.08,0.030649832834811375,mobile,0,1,97.72925968182743,19,0,1,0
Nigeria,0.55,0.3801413455617039,tablet,1,0,270.59950362453435,9,0,1,0
Australia,0.06,0.1008704778973097,tablet,0,0,39.08252025113315,18,0,1,0
Germany,0.05,0.2450319387070935,desktop,0,0,22.157258108996324,22,0,1,0
Brazil,0.2,0.1456544757961297,tablet,0,0,48.146864937236955,9,0,0,0
Germany,0.05,0.2687162373350076,desktop,0,1,60.91846786356663,21,0,1,0
Germany,0.05,0.17552485997221834,tablet,0,0,78.26452453398545,13,0,1,0
Vietnam,0.35,0.14581854577527797,desktop,0,0,90.83601200370101,6,0,1,1
Japan,0.05,0.20010997002574668,desktop,0,0,67.33510847675163,20,0,1,0
Vietnam,0.35,0.22515466423187813,desktop,0,0,44.991097226182134,14,0,1,0
United Kingdom,0.06,0.10671074174206888,desktop,0,0,64.5100395861194,13,0,1,0
Romania,0.4,0.12033580678258454,mobile,0,0,68.27939812133877,20,0,1,1
Australia,0.06,0.35521820343475896,desktop,0,0,135.38793660280146,15,0,1,0
Japan,0.05,0.09397169937182015,desktop,0,0,89.55875784537092,23,0,1,0
Brazil,0.2,0.13443182380582927,tablet,0,1,41.27420242318382,0,0,1,0
Canada,0.05,0.2773027814276413,mobile,1,0,66.005397471646,17,0,1,1
Japan,0.05,0.3038671430657712,mobile,0,0,94.04481782483134,11,1,0,1
Australia,0.06,0.38541963410575053,tablet,0,0,183.4013264149636,2,1,1,0
Netherlands,0.08,0.08543971737588789,desktop,0,0,41.74899957319165,8,0,1,0
Vietnam,0.35,0.18086405068447065,desktop,0,1,98.1443899740561,16,0,1,0
Japan,0.05,0.2402045500749686,desktop,0,0,83.6976112731022,1,0,0,1
United States,0.05,0.2979495595291455,desktop,0,0,69.75925607099546,11,0,1,1
United Kingdom,0.06,0.05501990269812033,desktop,0,0,55.57718355358204,16,0,1,0
Romania,0.4,0.03836774533169688,mobile,0,0,105.07405868477655,6,0,1,1
Indonesia,0.3,0.04557982620330929,desktop,0,0,39.06010075722339,20,0,1,1
Indonesia,0.3,0.27120503176852234,mobile,0,0,42.77709621131604,21,0,1,0
United States,0.05,0.23737203300206747,mobile,1,0,56.98625699162241,15,0,1,1
Canada,0.05,0.18418645915838164,desktop,1,0,81.92327424162139,15,0,1,0
Japan,0.05,0.033251031532822044,desktop,1,0,45.721514432415034,6,0,1,1
Japan,0.05,0.514561904176069,desktop,0,0,120.55267722820705,21,1,0,1
United States,0.05,0.2060138346626189,mobile,0,0,65.40005156122456,11,1,1,0
Australia,0.06,0.17452172746173755,desktop,0,0,83.10559785440529,1,0,1,0
United Kingdom,0.06,0.23363674251730474,mobile,0,0,66.89452573048838,8,0,1,1
France,0.07,0.16344089417694646,desktop,0,0,66.98220415988295,18,0,1,1
Germany,0.05,0.09111019225177747,mobile,0,0,57.56796839304075,13,0,1,0
United States,0.05,0.07046311207658901,desktop,0,0,107.89512562200106,14,0,1,0
United States,0.05,0.2721851691530333,desktop,0,0,92.843217875156,16,0,1,0
Brazil,0.2,0.1629853404917144,desktop,0,1,91.68217987181784,7,0,1,0
Japan,0.05,0.24485684993120083,mobile,0,0,56.13122164749805,6,0,1,0
India,0.18,0.2992298158328637,desktop,0,1,61.595632459478736,21,0,1,1
France,0.07,0.2985459543284826,mobile,0,0,87.07272221197192,11,0,1,0
Canada,0.05,0.36746948179567696,desktop,0,0,60.001802838063874,19,0,1,0
Canada,0.05,0.2082490722310089,tablet,0,0,53.288483001734754,15,0,1,0
Australia,0.06,0.2596078591845143,tablet,0,0,81.53619743375343,13,0,1,0
Canada,0.05,0.43107591569400244,desktop,0,0,120.13064459291806,12,0,1,0
Japan,0.05,0.10428037320949254,desktop,0,0,68.49106494902405,23,0,1,0
Netherlands,0.08,0.0595425238900539,mobile,0,0,100.71504016679307,13,0,1,0
Nigeria,0.55,0.33083297931094907,desktop,1,0,77.54415076493828,19,0,1,1
Germany,0.05,0.32010398978312454,desktop,1,0,51.08598677481047,5,0,1,0
France,0.07,0.027983392250137153,desktop,0,1,86.95782780741983,11,0,1,0
Germany,0.05,0.1429295860076165,mobile,0,1,59.71901167482407,12,0,1,0
United States,0.05,0.18253815319359665,desktop,0,0,99.08463877537775,1,0,0,0
Japan,0.05,0.3476075372838052,tablet,1,0,88.07604000215774,23,0,1,1
Australia,0.06,0.21475105079118967,desktop,0,0,65.26800475201843,14,0,1,1
Japan,0.05,0.08005049271555426,desktop,0,0,56.686609227562485,2,0,1,0
United States,0.05,0.39124613918526857,desktop,0,0,269.5658366591153,10,1,1,1
Pakistan,0.45,0.33727027823563693,tablet,1,0,182.4330780726889,23,0,1,1
Pakistan,0.45,0.040996488316974465,mobile,1,0,33.049878217327986,13,0,1,0
France,0.07,0.5246645686964895,desktop,0,0,180.73607415970596,5,1,0,1
Netherlands,0.08,0.2507613814081808,mobile,0,0,108.40434421975128,1,0,1,0
Germany,0.05,0.33078733510057445,desktop,0,0,100.51613432137611,9,0,1,0
Japan,0.05,0.2225348219386326,desktop,1,0,83.60636465714715,19,0,0,1
Nigeria,0.55,0.22328409738381674,desktop,0,0,36.70184987407912,6,0,1,1
Netherlands,0.08,0.26407312084026185,mobile,0,0,88.9956611634643,19,1,1,0
Netherlands,0.08,0.2954589667227983,desktop,0,0,52.30640451598964,13,0,1,0
France,0.07,0.36075284680336556,mobile,0,0,71.19422341514813,18,0,1,0
Netherlands,0.08,0.21560420143799594,desktop,0,1,84.97916481031754,21,0,0,1
Japan,0.05,0.20167747534089717,tablet,0,1,87.99724371910743,18,0,1,0
United Kingdom,0.06,0.1108800208970618,tablet,0,0,58.689373897727386,16,0,1,0
United Kingdom,0.06,0.04711143078307457,desktop,0,0,115.55251453238914,4,0,1,0
Netherlands,0.08,0.31891604032538545,mobile,0,0,97.95567590384412,17,0,1,0
Australia,0.06,0.2597491067410813,mobile,0,1,52.664778137935144,12,0,1,1
France,0.07,0.3663284677800488,tablet,0,0,62.307440529591034,4,0,1,0
Brazil,0.2,0.45044681310426654,desktop,0,0,183.35030061764127,18,1,1,1
Japan,0.05,0.10799234780276235,desktop,0,0,72.10182939313015,21,0,1,0
Canada,0.05,0.035318272690277874,desktop,0,0,91.85503232522207,14,0,1,0
Canada,0.05,0.12368375496413941,mobile,0,0,38.56151148718308,20,0,1,0
Australia,0.06,0.0833220285082689,desktop,0,0,36.801532099776196,12,0,1,1
Japan,0.05,0.4487862173519304,desktop,0,0,177.10774498243194,21,1,1,1
Australia,0.06,0.16794173552294037,mobile,0,0,118.32597426291207,8,0,1,0
France,0.07,0.6903656307485274,mobile,0,0,256.39832523902487,0,1,0,1
Japan,0.05,0.23081437329148882,desktop,0,0,127.9974967867345,15,1,1,1
Japan,0.05,0.27193237064258996,desktop,0,0,69.78975303687838,8,0,1,0
Netherlands,0.08,0.3065900924825635,desktop,0,0,54.88756476412651,0,0,1,0
United States,0.05,0.015826521574393754,desktop,0,0,40.986706279030216,12,0,1,0
Japan,0.05,0.0018246439978227304,desktop,0,0,55.135425357115274,0,0,1,0
France,0.07,0.07590959925333933,desktop,0,0,59.319770005968635,12,0,1,0
United States,0.05,0.22888213597776647,desktop,0,0,31.537556867174143,10,0,1,1
Japan,0.05,0.16344695699671052,tablet,0,0,54.905931166317096,6,0,1,0
Japan,0.05,0.09413387648676257,desktop,0,0,54.73745006684205,13,0,1,0
France,0.07,0.3193485259494599,desktop,0,0,74.26292374367249,9,0,1,0
Netherlands,0.08,0.11499672517005317,desktop,0,0,72.62057637501665,7,0,1,0
Germany,0.05,0.030654774585794513,mobile,0,0,82.43483917644484,1,1,1,1
United Kingdom,0.06,0.13404779990540333,desktop,0,0,41.76487756411717,16,0,1,0
Canada,0.05,0.07560529836851507,desktop,0,0,49.538232940905864,1,0,1,0
Canada,0.05,0.2092478003785793,desktop,1,1,101.90874605496293,22,0,0,1
Japan,0.05,0.07435622763754147,desktop,0,0,67.31123265892977,20,0,1,0
Netherlands,0.08,0.39774237719417055,desktop,1,0,255.03069341608318,3,1,1,0
Japan,0.05,0.30702968485181525,mobile,0,0,70.14589117902726,8,0,1,0
United Kingdom,0.06,0.08434803351711151,desktop,0,1,78.6895350660712,11,0,0,1
Canada,0.05,0.04112984613640706,mobile,0,0,88.68062473296708,13,0,1,0
United Kingdom,0.06,0.1977157762464473,desktop,0,0,60.65678147531869,22,0,0,0
Japan,0.05,0.059825810366264935,mobile,0,0,58.352877705838566,0,0,1,0
Germany,0.05,0.2014652104025943,tablet,1,0,58.09082348589817,22,0,1,1
France,0.07,0.03603564744374789,desktop,0,1,71.71601735139416,15,0,0,1
Netherlands,0.08,0.26651385368511876,mobile,1,0,90.10432561341734,11,0,1,1
Japan,0.05,0.39692469296196065,desktop,0,0,228.23635692846875,7,1,0,1
Germany,0.05,0.13261603947558562,mobile,0,0,110.41847472919434,18,0,1,0
Canada,0.05,0.05714698159466023,desktop,1,0,135.9611665795736,0,0,1,0
Japan,0.05,0.04226968586829215,tablet,0,0,54.19176814901218,4,0,0,1
Australia,0.06,0.25732663169397774,desktop,0,0,111.71524900877179,20,0,1,0
United States,0.05,0.019904296755527174,desktop,0,0,73.23961477996212,19,0,0,1
Nigeria,0.55,0.1262652482212108,desktop,0,0,84.20575678737059,10,0,1,1
France,0.07,0.02941956018044614,desktop,0,0,70.32491852076467,23,0,1,0
France,0.07,0.02020163098405613,mobile,1,0,112.92144097902829,9,0,1,0
United Kingdom,0.06,0.0021206868199895638,mobile,1,0,83.22781731400916,7,0,1,0
Canada,0.05,0.24921124505014985,desktop,0,0,65.25511465726616,3,0,1,0
Canada,0.05,0.061052162857817054,mobile,0,0,63.68255445998861,5,0,1,0
Germany,0.05,0.09712128366669097,desktop,0,0,48.4025885594758,5,0,1,0
Australia,0.06,0.24626273398356285,mobile,0,0,60.33647068799499,2,0,1,0
France,0.07,0.20134568955118184,desktop,0,0,112.9689584611636,23,0,1,0
Vietnam,0.35,0.2621546147936497,desktop,0,0,107.66768309915298,10,0,1,0
Russia,0.6,0.11990774105562063,desktop,0,0,58.90772065439115,23,0,0,1
Germany,0.05,0.21930676147582198,desktop,1,0,50.183962323545785,7,0,0,1
United States,0.05,0.44361769706063436,mobile,0,0,323.2503326044577,21,0,1,1
Netherlands,0.08,0.35541092985016387,tablet,0,0,85.64378241676026,11,0,1,0
Pakistan,0.45,0.24320098200945178,desktop,0,0,36.90628503197796,5,0,1,1
Netherlands,0.08,0.056395807004047546,desktop,0,0,201.92665601150566,12,0,1,1
United States,0.05,0.23256982281431504,desktop,0,0,74.00100726377255,5,0,1,0
Germany,0.05,0.15696454055560083,mobile,0,0,133.6978772803708,20,0,0,1
United States,0.05,0.10094770264233068,desktop,1,0,78.33302009548038,7,0,1,1
Netherlands,0.08,0.08527446823027467,mobile,0,0,51.20008698629463,21,0,1,0
Australia,0.06,0.22703564720080285,mobile,1,0,78.87899895892474,17,0,1,1
France,0.07,0.12075143739789625,desktop,0,0,44.09531029564579,10,0,0,1
Australia,0.06,0.2839164727277184,tablet,0,0,70.52208427900074,11,0,1,0
Germany,0.05,0.12363969808343,desktop,1,0,50.35962059105924,18,0,1,0
Australia,0.06,0.3303564847104889,mobile,0,0,68.61108333456525,0,0,1,0
United States,0.05,0.05319459642927043,desktop,1,0,80.38293897435936,13,0,1,1
Australia,0.06,0.2927948880674397,desktop,0,0,81.7307983792282,16,0,1,0
Japan,0.05,0.3029578526726332,desktop,0,0,44.214985028470835,17,0,1,0
Japan,0.05,0.4473418131615253,mobile,0,0,150.87301615021818,21,1,1,1
Canada,0.05,0.10058126257835788,desktop,0,0,36.916554541126985,16,0,1,0
Netherlands,0.08,0.34097258437087935,mobile,1,0,91.5879259507976,10,0,1,0
Japan,0.05,0.3529173483896585,desktop,0,0,79.1214236892002,19,0,1,0
United Kingdom,0.06,0.14408538776550306,desktop,0,0,48.8520263150585,4,0,1,0
United Kingdom,0.06,0.10960830295104908,mobile,0,0,120.54998100827852,3,0,1,0
Australia,0.06,0.26917674022405197,desktop,0,0,86.7731917727523,0,0,1,0
Germany,0.05,0.12500348355436616,desktop,0,0,71.03470771601617,19,0,1,0
United Kingdom,0.06,0.5033335862808068,desktop,0,0,153.2958302678864,7,1,0,1
United Kingdom,0.06,0.08184855800005501,desktop,1,0,58.959884262132114,5,0,1,0
United Kingdom,0.06,0.3109099410882053,desktop,0,0,55.91148841793085,4,0,1,0
France,0.07,0.058867971475458844,desktop,0,0,111.15054347758418,16,0,1,0
Australia,0.06,0.23379383501031087,mobile,0,0,81.13087818698203,11,0,1,0
United Kingdom,0.06,0.21765080065637787,mobile,0,0,51.05280848752581,23,0,1,0
Japan,0.05,0.26167199460757495,desktop,0,0,116.03631021193632,16,0,1,0
Germany,0.05,0.18995864692166792,mobile,1,0,71.4045962796111,14,0,1,0
Germany,0.05,0.36305934900111153,desktop,0,0,53.428607564541316,4,0,0,1
Germany,0.05,0.45514633356538514,desktop,0,1,296.6762769427188,21,1,0,1
Netherlands,0.08,0.04879282182973964,desktop,0,0,50.23699298670585,7,0,1,0
Romania,0.4,0.34449261857093444,desktop,0,1,55.21127539793086,19,0,1,1
France,0.07,0.021939766336215395,desktop,0,0,73.70515148792862,0,0,1,0
United States,0.05,0.052210209573725165,desktop,0,0,82.49844169661841,16,0,1,0
Germany,0.05,0.08292841941179017,desktop,0,0,56.62763304635645,18,0,1,1
United Kingdom,0.06,0.11388714566245767,desktop,0,0,33.99475463797543,1,0,1,1
Netherlands,0.08,0.2337132813000654,desktop,0,0,74.54240629759424,16,0,1,0
United States,0.05,0.09557886276002116,desktop,0,0,51.106330845105084,0,0,1,0
Romania,0.4,0.13389449427811356,desktop,0,0,64.99619429607404,12,0,1,0
Australia,0.06,0.373242233307362,mobile,0,0,55.50187833253402,21,0,0,0
France,0.07,0.2555798966618862,desktop,1,0,50.43742065092246,9,0,1,1
Netherlands,0.08,0.17804162296590206,desktop,0,0,67.13719579207483,16,0,1,0
United States,0.05,0.19016856641294821,desktop,0,1,59.072316189618675,4,0,1,0
Netherlands,0.08,0.05109124969977225,mobile,0,0,54.92563268413525,13,0,1,0
United Kingdom,0.06,0.17780355290519056,mobile,0,0,103.33385920225547,11,1,1,1
Netherlands,0.08,0.013430211997173177,mobile,0,1,52.02767610995338,0,0,1,0
France,0.07,0.10565858101698833,desktop,0,0,67.46613401183937,20,0,1,0
United States,0.05,0.09945768206964757,mobile,0,0,72.73912843803369,2,0,1,0
Netherlands,0.08,0.5018604722690215,desktop,0,0,223.06905156407288,1,0,1,0
United States,0.05,0.2890613978119627,mobile,0,0,49.83932826075141,16,0,0,1
United Kingdom,0.06,0.22353045573355282,mobile,0,1,72.68655607116843,19,0,1,1
Netherlands,0.08,0.13909643425620039,desktop,0,0,71.7400925650141,5,1,0,1
France,0.07,0.10019195041191246,tablet,0,0,55.9323206685944,16,0,1,1
Nigeria,0.55,0.014001049653282789,desktop,1,0,73.03129517185604,8,0,1,1
Australia,0.06,0.18704986103046156,tablet,0,0,80.93873256239603,18,0,1,0
Australia,0.06,0.16752848536017936,desktop,0,0,90.50364728335711,19,0,1,1
Germany,0.05,0.10193169117469013,desktop,0,0,93.06089967348278,13,0,1,0
United Kingdom,0.06,0.3884292650078154,mobile,0,0,316.97680690947044,7,0,1,0
Romania,0.4,0.16902300132756384,desktop,0,0,76.52929705501343,8,0,1,0
United States,0.05,0.15280394124323357,mobile,0,0,45.325370788048446,12,0,1,0
France,0.07,0.09695523577424872,desktop,1,0,66.45277034611061,4,1,1,1
Germany,0.05,0.30133934861469547,desktop,0,0,47.267809347718945,1,0,1,0
Germany,0.05,0.029694906637913136,desktop,0,0,99.06387680980212,16,0,1,0
Australia,0.06,0.051929232674949304,tablet,0,0,119.17477035915405,11,0,1,0
Netherlands,0.08,0.3666100115963324,tablet,0,0,73.54198422185567,12,0,1,1
Netherlands,0.08,0.18451178167271873,desktop,0,0,110.69897496385383,17,0,1,0
Netherlands,0.08,0.1526321527178841,desktop,1,0,108.08322529490916,11,0,1,1
Germany,0.05,0.09529656045588704,desktop,0,0,81.96445535508239,5,0,0,1
France,0.07,0.24009131498817954,desktop,0,0,88.61789996292981,0,0,0,1
United States,0.05,0.3506799861010566,tablet,0,0,102.7245578024047,13,0,1,1
Japan,0.05,0.3016092142667381,mobile,0,0,45.213551508300874,14,1,0,1
Germany,0.05,0.21244931033132047,mobile,0,0,80.3777085376391,14,0,1,0
Australia,0.06,0.35484450863073963,desktop,0,0,89.47243325144203,2,0,1,0
United Kingdom,0.06,0.05739913127388977,mobile,0,0,44.60854497590885,19,0,1,0
Netherlands,0.08,0.053145598256086606,tablet,0,0,143.92285589694234,21,0,1,0
Netherlands,0.08,0.31094516873891154,tablet,0,1,108.02700413478108,8,0,1,1
Nigeria,0.55,0.12424174024267391,mobile,1,0,108.33732858870081,0,0,1,1
United States,0.05,0.14831513122211806,desktop,0,0,85.03926306158924,21,0,1,0
Pakistan,0.45,0.10329616768896475,tablet,0,0,52.87850841933726,15,0,1,0
Germany,0.05,0.19470760238923515,desktop,0,0,47.27745207254674,11,0,1,0
Germany,0.05,0.05166441869117529,desktop,0,0,71.1843497932925,4,0,1,0
Germany,0.05,0.3424185616853098,desktop,0,0,94.0557913016855,0,0,1,0
Germany,0.05,0.11681940361094796,mobile,0,0,89.1100180567711,5,0,1,0
Australia,0.06,0.07544380430460912,mobile,0,0,134.09914653894765,1,0,1,0
Germany,0.05,0.22082588391937566,tablet,0,0,66.10545258251543,4,0,1,0
Canada,0.05,0.28829461656739525,tablet,0,0,64.9742542542357,21,0,1,0
Japan,0.05,0.13198351128823999,mobile,0,0,73.9004575628998,16,0,1,0
Netherlands,0.08,0.11392540336588396,tablet,0,0,49.17231669398521,1,0,1,0
Japan,0.05,0.49569691579435476,desktop,1,0,279.52692772263146,18,0,1,1
Australia,0.06,0.0097429299459384,desktop,0,0,67.52402224058694,19,0,1,0
United Kingdom,0.06,0.2158493243797533,desktop,0,0,80.53029453624674,4,0,1,0
Netherlands,0.08,0.025555649815458697,mobile,0,0,98.00415984600943,23,0,1,0
United States,0.05,0.45604780146992924,tablet,0,0,255.09456616199986,3,1,0,1
Germany,0.05,0.17821762757055154,mobile,0,0,81.21373871610335,20,0,1,0
United States,0.05,0.07755540517157324,tablet,1,0,73.5021920912971,7,0,1,0
Japan,0.05,0.05606876582060096,desktop,0,0,103.68788264444743,9,0,1,0
Canada,0.05,0.2513124220059852,mobile,0,0,73.91719305916556,10,0,1,0
Australia,0.06,0.09729281029894148,desktop,0,0,27.115036894629142,5,0,1,0
Canada,0.05,0.015175273805181919,mobile,0,0,53.140693801266934,20,0,1,0
France,0.07,0.5633198839509569,mobile,0,0,189.44338309646173,3,1,0,1
France,0.07,0.4028489052781679,desktop,0,0,252.40478315721995,14,1,1,1
United States,0.05,0.010552919639992997,desktop,1,0,120.91675608320762,8,0,1,1
Canada,0.05,0.2629177591104801,desktop,0,0,34.72173620244472,23,0,1,0
Australia,0.06,0.10479827601452792,mobile,0,0,51.744098232882344,11,0,1,1
Australia,0.06,0.13962888015493202,mobile,0,0,45.389153961477845,21,0,1,0
United States,0.05,0.15148998814284872,desktop,0,0,79.49979036821352,11,0,0,1
Japan,0.05,0.15267823434662323,tablet,1,0,52.743255586884246,16,0,1,0
Germany,0.05,0.07661432073035372,desktop,0,0,67.16018954761024,14,0,1,0
United States,0.05,0.0025897084400880025,desktop,1,0,45.512283684502286,8,0,1,0
United Kingdom,0.06,0.06718654869087766,mobile,0,0,85.67927585821896,19,0,1,0
France,0.07,0.16210107877348107,desktop,0,0,40.94605303883608,7,0,0,1
Germany,0.05,0.11247639491245454,desktop,0,1,176.98763657362286,3,0,1,0
Japan,0.05,0.2749632020995285,mobile,0,0,124.77597556183227,16,0,1,1
Germany,0.05,0.30922357093465347,desktop,0,0,175.66636708042057,7,0,1,0
Netherlands,0.08,0.4624162602682756,desktop,1,0,322.94971698956374,17,0,1,1
Germany,0.05,0.11150165306695049,desktop,0,0,127.09655180944219,17,0,1,0
Australia,0.06,0.24826150068702776,mobile,0,1,100.73316265023608,17,1,1,1
Netherlands,0.08,0.21608977836162363,desktop,0,0,51.85400794498189,21,0,1,1
Canada,0.05,0.27712390664106806,mobile,0,0,64.69663414438509,18,0,1,1
United States,0.05,0.21794965214339693,mobile,0,0,85.49148377382711,20,0,1,0
France,0.07,0.09921566969460588,desktop,0,0,110.3080752781047,22,0,0,1
Pakistan,0.45,0.02110642006931556,desktop,0,0,73.52989504195908,23,0,1,0
Indonesia,0.3,0.04703775975797364,desktop,0,0,89.48844580109382,1,0,1,1
Germany,0.05,0.01611663277116589,mobile,1,0,65.59965245668884,19,0,1,0
Japan,0.05,0.3117061069654981,desktop,1,1,63.7940488900267,20,0,0,0
Canada,0.05,0.45339255799217276,mobile,0,1,290.54727029868064,23,1,1,0
United Kingdom,0.06,0.2998495639565264,mobile,0,0,86.05136786376546,4,0,1,0
Japan,0.05,0.07084142918092629,desktop,1,0,62.03764922820477,22,0,1,0
France,0.07,0.3052189299236712,mobile,0,0,47.006674789494284,23,0,1,0
France,0.07,0.22546631256818206,desktop,0,0,59.888121001183414,15,0,1,0
Netherlands,0.08,0.32802551858742884,mobile,0,0,81.43874808236157,9,0,1,0
Canada,0.05,0.47484085775833085,desktop,0,1,302.042305537197,16,1,1,1
Japan,0.05,0.12705069349840856,desktop,0,0,69.09206780101384,3,0,0,0
Canada,0.05,0.04343258775625083,mobile,0,0,107.11084960935322,7,0,1,0
United States,0.05,0.14964861999404938,desktop,0,0,124.16208811906733,13,0,1,1
Canada,0.05,0.1652330109047547,mobile,0,0,66.66216456039999,21,0,1,0
Russia,0.6,0.11415817409166026,mobile,0,0,103.6280220220512,10,0,0,1
France,0.07,0.12481465859005589,mobile,0,0,58.347268804010874,16,0,1,0
United States,0.05,0.2776593271706386,desktop,0,0,46.75285101677341,13,0,1,0
Japan,0.05,0.021815288967047056,tablet,0,0,52.94899732103981,21,0,1,0
Romania,0.4,0.15297976778456163,tablet,0,0,54.45656681381241,21,0,1,0
Brazil,0.2,0.29827402901902655,desktop,1,1,63.230665136426886,5,0,1,1
Australia,0.06,0.42912055739320254,desktop,0,0,271.26621539249766,11,0,1,0
Canada,0.05,0.1728817671287987,tablet,0,0,61.358730466085085,8,0,1,0
Australia,0.06,0.11143051787065791,desktop,0,0,64.60194393016054,15,0,1,0
Netherlands,0.08,0.10848588397753266,desktop,0,0,77.77060882013839,2,0,1,0
Netherlands,0.08,0.0027797865503835137,tablet,0,0,46.42123333397128,5,0,1,0
Netherlands,0.08,0.033832636683943956,desktop,0,1,77.5613101095121,22,0,1,0
